tree
version=v4
num_class=1
num_tree_per_iteration=1
label_index=0
max_feature_idx=23
objective=lambdarank
feature_names=Column_0 Column_1 Column_2 Column_3 Column_4 Column_5 Column_6 Column_7 Column_8 Column_9 Column_10 Column_11 Column_12 Column_13 Column_14 Column_15 Column_16 Column_17 Column_18 Column_19 Column_20 Column_21 Column_22 Column_23
feature_infos=[-3.4341771602630615:6.4023747444152832] [0:11.566750526428223] [0:10.809848785400391] [0:6.8575139045715332] [0:0.99891424179077148] [0.15116214752197266:1] [0.22331768274307251:0.98447144031524658] [0:1] [0:1] [0:1] [0:1] [0:1] [0:1] [0:1] [0:2.995732307434082] [-0.0099999997764825821:7.1999998092651367] [0:1] [0:1] [0:1] [0:1] [0:1] [-3.9356575012207031:3.1619260311126709] [0:1] [-7.8046183586120605:2.7757244110107422]
tree_sizes=7008 7053 7027 7034 7072 7046 7067 7080 7004 7057 7029 7022 7070 7070 7051 7052 7039 7081 7086 7070 7048 7006 7073 7099 7102 7082 7068 7088 7048 7108 7065 7049 7050 7039 7083 7022 7083 7107 7034 7056 7038 7044 7033 7073 7040 7112 7071 7059 7052 7045 7070 7067 7053 7042 7064 7025 7043 7044 7056 7084 7037 7060 6991 7140 7066 7032 7044 7102 7092 7046 7064 7103 7086 7095 7072 7076 7002 7051 7064 7075 7003 7115 7104 7041 7067 7048 7054 7063 7059 7073 7057 7048

Tree=0
num_leaves=63
num_cat=0
split_feature=3 9 2 3 18 3 18 4 1 3 18 9 4 21 2 1 2 3 6 3 15 18 21 21 6 15 17 3 6 5 1 6 23 6 2 5 17 6 4 3 6 5 23 1 6 3 1 5 1 1 17 5 2 6 18 18 21 4 1 3 4 4
split_gain=1568.53 686.92 532.796 227.684 112.315 119.92 75.0537 62.7395 56.3979 98.8382 67.978 53.9186 56.7514 53.5131 49.439 43.8129 42.2824 39.7646 33.443 31.3064 29.5082 47.8854 29.4481 35.0848 33.7438 31.0827 29.3349 28.2186 28.0224 27.1187 26.7208 26.6651 26.0561 25.0794 24.4619 26.4802 26.3177 24.021 23.7715 23.6795 23.6536 33.9733 23.3018 22.9065 35.6096 24.8607 22.6634 28.0245 22.3116 22.291 22.2802 21.5982 21.4261 20.8841 20.5981 19.9475 19.9076 18.7069 18.5187 18.0417 21.0679 20.7267
threshold=1.4978661537170412 1.0000000180025095e-35 6.7984981536865243 6.1169800758361825 1.0000000180025095e-35 3.3140207529067998 0.075498577207326903 0.0028523580403998498 7.1012639999389657 5.0968081951141366 1.0000000180025095e-35 1.0000000180025095e-35 0.00027673719159793114 -0.33789385855197901 6.3144531250000009 5.4909996986389169 7.0409741401672372 5.888874053955079 0.70094329118728649 2.8029010295867924 1.7549999952316286 0.13188406080007556 -0.040157262235879891 0.025019031949341301 0.7544783651828767 0.32500000298023229 0.10912698507308961 5.3589394092559823 0.65782558917999279 0.66073873639106762 9.6983375549316424 0.78277236223220836 1.4422942996025088 0.75383529067039501 7.6750817298889169 0.64825397729873668 0.48913043737411505 0.82638147473335277 0.03257036209106446 4.5900437831878671 0.78525999188423168 0.91888117790222179 1.5124263763427737 6.1974613666534433 0.68877100944519054 5.9712586402893075 5.1209788322448739 0.7972625494003297 7.405799627304078 8.6636281013488787 0.16333333402872088 0.71690514683723461 8.2269744873046893 0.61015573143959057 0.19615384936332705 0.3964285701513291 0.11417678371071817 0.91776639223098766 9.6049132347106951 5.8449916839599618 0.15712653100490573 0.044932121410965926
decision_type=2 2 2 2 2 2 2 2 2 2 2 2 2 2 2 2 2 2 2 2 2 2 2 2 2 2 2 2 2 2 2 2 2 2 2 2 2 2 2 2 2 2 2 2 2 2 2 2 2 2 2 2 2 2 2 2 2 2 2 2 2 2
left_child=11 2 4 7 5 -2 18 -4 9 -9 37 20 -13 26 -3 40 49 19 53 48 21 -1 25 24 -24 29 27 -12 -28 -20 -23 -30 -19 -34 -18 -36 -37 42 -15 -10 51 -42 -11 44 -40 55 47 56 -6 -17 52 54 -45 -5 -8 59 -25 -7 -48 60 61 -46
right_child=1 14 3 6 17 57 15 8 39 10 13 12 -14 38 -16 16 34 32 22 -21 -22 30 23 46 -26 -27 28 -29 31 -31 -32 -33 33 -35 35 36 -38 -39 43 -41 41 -43 -44 50 45 -47 58 -49 -50 -51 -52 -53 -54 -55 -56 -57 -58 -59 -60 -61 -62 -63
leaf_value=-0.081339321549748031 -0.053963369457580207 0.084283348507066966 -0.057158951480933418 -0.014921630251074864 0.037704290637283644 0.013060302964418272 -0.062643185559456457 0.015242144070759807 -0.0057183672332103315 -0.038051229373275486 -0.0039887539881390292 -0.074049896696993286 0.022107871838250203 0.028337166714292289 0.050195350239581243 -0.092961777388302427 0.031644238437011467 0.025018135893354804 -0.087692094981521085 0.042041010638242893 -0.097212887688415406 0.021426192522237167 0.037792008201213957 -0.0092047196825304888 -0.0612539061169773 -0.082626586294367824 0.059282320129813083 -0.072108201120694368 -0.073992688632149556 0.022303399974851784 -0.056561847504895707 0.0025207321949967713 -0.063739933875512675 0.017832012854011797 0.019218254383431776 -0.067395140709508874 0.05564806324587375 0.029943625768140858 0.040644925843490068 0.016103011735854829 -0.085888580364980927 0.062640597558321437 -0.0069994157265969945 0.017654150805248261 -0.01253573736144975 -0.090462824469666192 -0.023645239153261898 0.012971613705592439 -0.024174310713459133 0.041508758193110042 0.059605020303752226 0.019710439747572896 -0.063019881142414066 -0.054086258862003536 0.017921221525029399 0.041128552249549574 -0.074388864853002473 0.035570371161361442 0.05842631456582608 0.0046121375831755752 -0.00043515360690821929 -0.065539059899314842
leaf_weight=223.21026274556061 65.110422389261657 142.1001558179014 46.785934263039962 40.161681583620521 25.370990134579188 669.73128377586909 25.726205128798028 410.38028022951767 155.65648510970641 313.56451679105339 21.867455022220383 35.517381060286425 25.829575210518669 92.282349044708099 461.59486395806562 13.208132580773965 101.532986103437 65.530568615791708 7.1248595800716457 782.37539270449815 243.46057190094143 18.622686751943547 38.486355868022656 14.774766185350016 10.037770773844384 44.92233221729839 12.46357560079923 49.816471737583925 15.605437269667162 17.178949095992721 24.392648136534262 36.035581785665272 19.848270139911619 16.556514259325922 37.599419328445947 21.966545864004733 4.5577846845553713 15.517134056368375 31.804235580500972 608.07467777397324 28.286326423578434 3.6991512132808557 75.415106152569933 49.776612937057507 32.460997483634856 9.4852846298090281 327.95943634666401 14.434743391931987 31.563361848588102 3.3057227409735779 26.042189482297545 26.013256352074677 8.8270248824155697 262.21510596926237 10.751914787979329 15.700071345912873 61.833877229684731 106.72041537976475 6.0945805476803789 68.219480338779249 45.518060920905555 43.52918672134183
leaf_count=402888 98735 7995 71262 2294 14165 478301 405 273480 169402 28788 4017 67228 21332 3831 38962 573 2624 10154 397 357206 470659 13523 665 138 402 2758 236 4022 2065 376 34764 1796 2369 649 1008 1035 72 582 721 419733 429 9 4158 4476 1279 349 10816 93 39890 199 1252 197 1532 12858 114 257 814 55848 1140 1520 1774 3362
internal_value=3.42671e-05 0.00796306 0.00197667 -0.0099016 0.0240013 0.0107103 -0.0282002 -0.000496997 0.000769056 -0.00528395 -0.0140294 -0.0788916 -0.0338583 -0.00272565 0.0583452 -0.00556971 0.00876642 0.0358608 -0.0355919 0.039439 -0.084235 -0.0720475 -0.0280744 -0.0235278 0.0164801 -0.0584033 -0.0299197 -0.0516689 -0.00517893 -0.0121339 -0.0230787 -0.0215673 0.00630174 -0.0271569 0.016488 -0.00762763 -0.0449985 -0.0296176 0.00604062 0.0116539 -0.033015 -0.0673328 -0.0320643 -0.000235389 -0.00794133 -0.0152864 -0.0281225 -0.0501843 0.00357478 -0.0652105 0.0220556 -0.014666 0.00464938 -0.0489507 -0.0390523 -0.0113938 -0.062098 0.016196 -0.021978 -0.0159329 -0.0274112 -0.0433543
internal_weight=6264.24 5693.2 5089.51 3306.7 1782.81 841.562 1121.87 2184.83 2138.04 1374.31 963.931 571.033 61.347 559.434 603.695 276.647 182.171 941.245 845.224 839.31 509.686 266.226 542.848 473.622 48.5241 69.2261 135.789 71.6839 64.1046 24.3038 43.0153 51.641 101.935 36.4048 165.657 64.1237 26.5243 404.497 423.645 763.731 94.4769 31.9855 388.98 331.363 246.717 214.913 425.097 91.0434 56.9344 16.5139 84.6458 62.4914 58.6036 302.377 36.4781 205.428 76.6086 776.452 334.054 189.728 121.508 75.9902
internal_count=3153978 2143584 2096627 1039310 1057317 632884 39416 999894 928632 339497 66017 1010394 88560 32489 46957 6665 5511 424433 32751 411261 921834 451175 17599 14068 1067 3531 12136 8039 4097 773 48287 3861 13172 3018 4739 2115 1107 33528 20353 589135 1154 438 32946 16522 9262 8541 13001 1045 54055 772 7260 716 6008 15152 519 8192 952 534149 11956 7935 6415 4641
is_linear=0
shrinkage=0.05


Tree=1
num_leaves=63
num_cat=0
split_feature=3 18 4 3 9 4 15 9 0 20 11 1 3 3 9 3 1 1 3 1 9 3 19 3 1 18 17 23 0 23 18 1 17 3 3 4 23 19 9 17 18 15 1 18 4 11 15 19 23 23 4 0 4 3 17 0 18 1 1 1 19 4
split_gain=2614.95 775.348 534.064 468.82 308.603 243.463 269.501 386.905 227.721 175.497 164.102 160.09 213.882 208.253 153.185 151.505 132.313 116.388 117.2 103.409 98.9451 92.6737 78.8645 106.168 77.8499 77.6578 75.6539 72.9816 70.7952 65.461 65.348 63.4995 59.3066 68.4769 53.4986 74.6765 50.077 49.7793 49.7716 44.6635 44.6287 51.8701 43.9969 43.619 43.3046 43.0729 41.8501 41.8155 41.1382 40.5772 40.4281 41.6819 40.0386 37.8948 36.5008 36.4842 49.85 36.2925 35.0785 51.0142 54.1827 34.7695
threshold=3.2769666910171513 1.0000000180025095e-35 0.07349716499447824 5.8763332366943368 1.0000000180025095e-35 0.76878526806831371 2.7649999856948857 1.0000000180025095e-35 2.814919233322144 1.0000000180025095e-35 1.0000000180025095e-35 9.533546447753908 6.1279549598693857 4.9732735157012948 1.0000000180025095e-35 1.8688347935676577 3.9981586933135991 9.5092220306396502 6.1169800758361825 7.5167052745819101 1.0000000180025095e-35 1.4978661537170412 0.63245612382888805 5.6987686157226571 8.785922050476076 0.1132478639483452 0.054093567654490478 0.99805995821952831 -0.10307468473911284 -0.37386602163314814 0.064583335071802153 5.9121499061584482 0.15894736349582675 5.0401887893676767 3.6242519617080693 0.010813734494149687 -0.05654552020132541 0.16333333402872088 1.0000000180025095e-35 0.30217391252517706 0.07275132462382318 0.46500000357627874 7.2265725135803232 0.57793521881103527 0.84952831268310558 1.0000000180025095e-35 1.7549999952316286 0.64852941036224376 0.80811941623687755 2.1117075681686406 0.0025295127416029577 2.5498392581939702 0.011072859168052675 4.9522936344146737 0.057189542800188072 3.1131258010864262 0.17316342145204547 10.818137168884279 10.835395812988283 9.6983375549316424 0.12249999865889551 0.033906517550349242
decision_type=2 2 2 2 2 2 2 2 2 2 2 2 2 2 2 2 2 2 2 2 2 2 2 2 2 2 2 2 2 2 2 2 2 2 2 2 2 2 2 2 2 2 2 2 2 2 2 2 2 2 2 2 2 2 2 2 2 2 2 2 2 2
left_child=2 4 9 5 11 6 10 31 37 14 24 13 -13 47 15 46 29 20 -19 -15 -5 50 23 34 55 -26 -4 -23 -28 -11 -22 -8 52 -34 -10 -36 -12 45 43 -27 -18 -42 -35 53 -30 -9 57 -2 -37 -50 51 -16 -33 -7 -29 56 -3 -1 59 60 -14 -57
right_child=1 3 26 17 -6 38 7 8 22 16 36 12 58 19 21 -17 40 18 -20 -21 30 27 -24 -25 25 39 28 54 44 -31 -32 32 33 42 35 48 -38 -39 -40 -41 41 -43 -44 -45 -46 -47 -48 -49 49 -51 -52 -53 -54 -55 -56 61 -58 -59 -60 -61 -62 -63
leaf_value=-0.019849602389221239 0.026274388922058262 -0.015630763758703554 -0.038885199225467237 0.072570492592590879 -0.036452983691420193 0.036913831674738162 0.063025627457648475 -0.062301339432887598 0.042838800444102015 -0.053137195008619499 -0.036582342069255307 0.02451775192689562 0.048346272245198378 0.074304803171945197 -0.072515625428987915 0.0028656036389679384 -0.076549632714709381 0.057888909049194283 -0.068306348420242344 0.044085933984118662 -0.071152070811901044 -0.083879688353297219 0.070038653780041968 0.075291062736948772 0.012557163015876836 -0.016186873930185055 -0.078202927344467779 -0.097994238487618027 0.013494833328316006 0.0094946057854435207 0.034584770228400813 0.00090244860617270006 0.04507222808694971 -0.039104690035255359 -0.091986091880128518 0.016543044664217039 0.016518087478492007 -0.018383620328390957 0.060859283444254265 -0.088894405550157873 0.028429019118015233 -0.049584636280721676 0.041169662608743107 -0.089813601156389478 0.060616620189684979 0.011480041061688729 -0.091069988760863363 -0.024023412311884026 -0.080574259376644281 0.058619616232635799 0.041373468884873914 0.042051762325614445 0.051313876165089235 0.011839496567593172 -0.037375716649689812 -0.040891467690544768 -0.030616080602208953 -0.071716798760876027 0.02436640949320527 -0.089579151221377051 -0.092713141187508175 0.018244824856723733
leaf_weight=69.417946718982421 1051.2800738503574 2547.4179572836001 72.283911651349626 299.01662121986737 161.54758032190148 256.52553871058626 222.63490056502633 132.83867590289447 40.497384159243666 52.825999369611964 47.086733541858848 610.19297800667118 16.526295273914005 422.71569720574189 29.678975357848685 141.99475037999218 131.63438016179134 31.987595900020096 40.652254739485215 881.62792835512664 15.130378612724597 916.67750032339245 75.535076661035419 49.376643899944611 448.34803153021494 164.22126730321907 17.235574403195642 29.814514029130805 234.20838284766069 184.58066243986832 160.85979584581219 46.664998287335038 64.854863381013274 74.347456290852278 28.806165507412516 78.007157923886552 587.69647845288273 423.44921988525311 87.250288873095997 23.381165016733576 25.179597380105406 119.82699439043063 21.182364448322915 7.848473794059827 60.897113065293524 22.880048470571637 84.111784109554719 42.26369699917268 23.606175052002076 5.8692550766281775 20.579188066069037 9.9670128797297348 252.83497494010953 366.7689354417671 145.55979568342445 30.253943689342123 711.08365029764536 66.612553938117344 12.04558337246999 61.442897653265391 10.137137409416026 120.68115567328641
leaf_count=115731 493152 264706 64378 35395 2972 21803 29822 2045 157 3268 2013 235970 426 87041 68111 89038 201890 6065 1812 294890 154 19977 151 85 70068 20959 34720 969 79038 9572 638 31881 20930 2449 347 350 19054 4270 236 3640 14925 90660 7403 316 11889 133 288068 19055 239 16 6578 5611 78945 24719 2525 891 54562 202949 374 3551 608 1724
internal_value=-9.33567e-05 0.01044 -0.0471311 0.00159026 0.0307581 -0.00191632 -0.00508921 0.0128787 -0.00901584 -0.0573693 -0.0110928 0.034262 0.0133889 0.0404372 -0.0659429 -0.0374186 -0.0320323 0.0460898 -0.0127037 0.0539288 0.0550886 -0.0748672 0.0261526 0.0112515 -0.0148014 0.0012572 0.00687289 -0.0781957 0.0175528 -0.00460619 0.0251436 0.0411079 0.0303835 0.00579378 -0.00695772 -0.0219587 0.0125279 -0.0273491 0.025628 -0.0256718 -0.0554674 -0.0359361 -0.0210629 0.020669 0.0233906 -0.0514564 -0.063298 0.0243103 -0.00251591 -0.0518434 -0.0142216 -0.0433874 0.0434884 0.0222018 -0.0481783 -0.0177962 -0.0189093 -0.0455864 -0.0539875 -0.064853 -0.00669577 0.00620022
internal_weight=13192.5 10779.4 2413.09 7509.6 3269.78 6961.95 6243.56 1563.39 880.866 2028.46 4680.17 3108.23 710.345 2397.89 1514.41 362.137 514.048 547.647 72.6399 1304.34 475.007 1152.28 301.698 226.163 4045.39 635.95 384.625 1092.05 312.341 237.407 175.99 682.52 459.885 160.385 176.786 136.289 634.783 579.168 718.393 187.602 276.641 145.007 95.5298 631.143 295.105 155.719 220.142 1093.54 107.483 29.4754 60.2252 39.646 299.5 623.294 175.374 3409.44 3258.5 136.031 100.152 88.1063 26.6634 150.935
internal_count=3155914 1846017 1309897 707978 1138039 663914 616840 179223 7793 1119872 437617 1135067 240929 894138 799557 695786 320315 44064 7877 381931 36187 103771 1345 1194 416550 94667 190025 23471 125647 12840 792 171430 141608 30782 1109 952 21067 6448 47074 24599 307475 105585 9852 46838 90927 2178 606748 512207 605 255 80300 73722 110826 46522 3494 321883 319268 318680 4959 4585 1034 2615
is_linear=0
shrinkage=0.05


Tree=2
num_leaves=63
num_cat=0
split_feature=9 3 0 2 15 2 3 0 0 3 0 0 3 0 4 0 2 2 4 2 2 4 5 0 3 15 4 4 2 5 0 4 15 19 3 3 3 0 21 15 5 3 0 2 5 15 21 4 0 2 19 23 3 21 0 19 0 0 5 4 2 3
split_gain=1363.47 490.314 362.341 343.163 466.313 395.062 223.593 1085.33 293.732 196.98 299.832 184.373 167.395 156.179 146.098 136.087 135.155 117.339 113.362 110.617 100.839 89.5451 76.6809 75.7308 71.2519 66.9986 66.6384 65.0128 97.6156 62.0309 59.4274 59.2719 57.3775 56.4769 54.6766 54.0125 50.8371 49.8626 47.6623 54.5848 45.4042 45.3995 43.9515 43.8548 43.8398 43.4898 41.5234 40.6627 57.4309 50.8325 40.4518 40.2746 39.73 42.3652 38.3941 42.044 37.6708 36.5603 36.0388 52.1298 54.2422 35.1309
threshold=1.0000000180025095e-35 5.8579168319702157 2.1065266132354741 3.2769666910171513 2.7150000333786015 6.760993719100953 4.9732735157012948 1.8576371073722842 1.8224082589149477 4.9870197772979745 1.8294522762298586 2.162946462631226 6.0447778701782235 2.2033913135528569 0.23986300826072696 1.1682103276252749 6.8194701671600351 6.4746618270874032 0.0015043251332826915 5.2284276485443124 4.8402345180511483 0.92899158596992504 0.78396606445312511 1.1682103276252749 2.9700856208801274 0.085000000894069686 0.0013219422544352712 0.99672624468803417 6.0946972370147714 0.765140861272812 0.74072229862213146 0.4107243567705155 7.1250000000000009 0.10912698507308961 5.3821961879730233 5.1676349639892587 1.4978661537170412 2.7621499300003056 0.20848988741636279 0.15500000119209292 0.87110334634780895 3.0677825212478642 2.7621499300003056 6.8464114665985116 0.82160615921020519 0.35500000417232519 -0.95444282889366139 0.90023696422576915 1.1942520737648012 6.982398748397828 0.69782608747482311 2.1778662204742436 5.349482774734498 0.29084998369216924 1.5436999201774599 0.16333333402872088 2.6039456129074101 2.5241780281066899 0.66649246215820324 0.50141242146492015 6.6444404125213632 5.0530509948730478
decision_type=2 2 2 2 2 2 2 2 2 2 2 2 2 2 2 2 2 2 2 2 2 2 2 2 2 2 2 2 2 2 2 2 2 2 2 2 2 2 2 2 2 2 2 2 2 2 2 2 2 2 2 2 2 2 2 2 2 2 2 2 2 2
left_child=1 3 12 15 6 56 8 19 20 18 -11 32 27 14 -9 24 40 45 -7 -8 30 22 31 -14 -1 34 -19 28 -3 -27 -5 -16 52 37 -15 57 -10 51 39 46 -4 -22 -38 -20 -17 -2 -25 49 -49 -21 58 -13 -12 -54 -50 -56 -6 -35 59 -30 -61 -59
right_child=17 2 16 4 5 9 7 13 36 10 11 33 23 25 21 44 -18 26 43 47 41 -23 -24 38 -26 29 -28 -29 50 -31 -32 -33 -34 35 -36 -37 42 -39 -40 -41 -42 -43 -44 -45 -46 -47 -48 48 54 -51 -52 -53 53 -55 55 -57 -58 61 -60 60 -62 -63
leaf_value=-0.041662894584441265 0.048477792167900685 -0.092029897161096219 -0.043589713548091463 -0.029423031748688218 -0.085768359394915034 -0.071572496346019462 -0.057101707409448726 -0.062979793243116464 -0.058445605551829032 0.014301663996070255 -0.074189272498378575 -0.060940641425656299 0.028216492608829254 -0.088371158139631145 -0.037918128254037668 -0.019563008382936824 0.020513331001624408 -0.006801642429661376 -0.032688863169227748 0.044971163963263859 -0.071435997524660275 -0.076696985694075848 0.047977352048906574 0.06214184698292239 -0.090508514265326995 -0.007485632581555878 0.073111834385696212 -0.012562571075941872 -0.051297708831800674 0.038248504779879407 0.0052311797576944374 -0.0038010719424614878 -0.023289954409176458 -0.049896560671520165 0.039126305726870265 0.014177960497597595 0.038144278063147893 0.022170492608324703 -0.0097106959927248226 -0.028992293467137043 0.063971879732568945 0.021499837794164558 0.066427981322225854 0.014932948227858074 0.041521606587551045 0.020874816109455088 -0.10033088512613353 0.038883029985539677 -0.048433868446385177 0.0078220736101200783 0.020807875032144863 0.060817225058890236 -0.056835280019155492 -0.016028064677022252 -0.054636258070429926 0.049484182419016309 -0.026339101106555098 0.048034810637154771 -0.064401725902607912 -0.027504297814446924 0.061048250959384404 -0.050375093087185067
leaf_weight=249.87229693055269 329.59611780976411 144.70939986169105 127.81771336618112 244.24369491243851 190.66245135045028 40.83456604872481 30.736806699278532 372.18086548478459 11.843583915324414 485.1032685401733 206.12503362243297 96.084691528347321 73.387115280987928 36.773967085406184 270.1099594158004 73.054624422453344 478.03837136094808 27.329072983993683 50.059041579486802 982.92528180504451 12.518244992330436 68.858423137688078 41.604303821193753 3.6654408983886233 108.02839444001438 372.65845401637489 506.55708533126744 104.4221242100466 346.70097715448355 91.497664649039507 249.13064536648744 240.46773941643187 169.37578841485083 67.898350671748631 10.184335681144146 251.68259906666935 967.59901008201996 27.709955760743469 321.96922660444397 427.60221333915251 9.747307507786898 531.64479469318758 162.08647392870625 933.15804978186497 47.697851608711062 255.51483535402804 41.940340293338522 123.74566269072238 41.125593802047661 102.11070776145789 20.810945890843868 6.5174485602183259 233.30041838478064 88.672385150624905 12.996476014901416 30.867493743658997 32.271936384728178 23.305689420492854 253.98797597299563 121.32658635629923 19.179465138120577 13.500793055573011
leaf_count=518391 1963 6273 2525 59522 249294 152460 6800 28190 36661 147174 16317 5964 10334 492 22809 18982 15285 49022 3056 293870 38476 1292 2380 33 5828 25896 40641 4656 20878 4958 75081 19437 8602 3470 69 14452 426858 393 17096 16884 45 221947 32814 340709 9908 44087 2538 33591 5660 42392 807 144 16509 3967 1373 1632 7667 412 10793 4096 1128 553
internal_value=-0.00048343 -0.00588184 -0.0253388 -0.000101566 0.00238395 -0.0135077 0.011639 0.00236434 0.0236727 -0.00819896 -0.0187856 -0.0323406 -0.0362378 -0.0266879 -0.0382355 -0.0411689 0.00794525 0.052051 0.00905951 0.0353562 0.00440885 -0.0233292 -0.0165475 -0.0201041 -0.0566175 -0.00421722 0.0690161 -0.050063 -0.0543632 0.00159264 -0.0119491 -0.0218888 -0.048804 -0.00869578 -0.0604802 0.00162785 0.0411625 -0.036727 -0.0245934 -0.0346778 -0.0355617 0.0192348 0.0422576 0.0124776 0.00470858 0.0364799 -0.0862194 0.0375952 0.0172713 0.0414856 -0.0470988 -0.052694 -0.0569276 -0.0456813 -0.0142818 0.0181041 -0.0773214 -0.028388 -0.0490309 -0.0409024 -0.0150706 0.0115599
internal_weight=12017.1 10898.1 2495.31 8402.83 7924.17 2916.26 5007.91 2828.84 2179.07 2693.33 1669.28 1184.17 1879.7 1504.34 993.221 478.653 615.603 1119 1024.05 1324.51 1037.54 621.04 552.182 868.564 357.901 511.114 533.886 1011.14 906.715 464.156 493.374 510.578 697.474 486.7 46.9583 356.387 1141.53 130.312 795.177 473.208 137.565 544.163 1129.69 983.217 120.752 585.111 45.6058 1293.77 208.735 1085.04 762.006 102.602 528.098 321.973 84.9896 43.864 222.934 104.705 741.195 487.207 140.506 36.8065
internal_count=3155536 3019823 113371 2906452 2353343 971143 1382200 490841 891359 714182 217957 70783 95516 105523 74108 553109 17855 135713 496225 385318 395026 45918 44626 46885 524219 31415 89663 48631 43975 30854 134603 42246 45395 25388 561 18887 496333 6501 36551 19455 2570 260423 459672 343765 28890 46050 2571 378518 42256 336262 37702 6108 36793 20476 8665 3005 256961 4435 36895 26102 5224 965
is_linear=0
shrinkage=0.05


Tree=3
num_leaves=63
num_cat=0
split_feature=18 2 0 4 0 3 3 0 3 3 13 5 3 2 3 15 3 3 15 4 3 9 5 5 2 15 0 13 9 0 2 23 4 14 0 3 3 3 2 15 18 15 5 2 9 13 0 23 15 23 6 5 17 0 4 6 0 3 23 4 0 5
split_gain=1749.49 1347.9 718.245 661.186 626.727 539.439 311.387 286.841 203.004 161.551 145.118 128.324 124.499 121.966 114.914 115.543 106.253 105.991 96.3843 92.3275 136.274 200.444 116.802 114.595 98.2452 102.489 85.1992 132.021 79.691 81.1678 78.9603 71.4566 68.2581 74.0335 68.0193 65.0906 65.025 66.3072 64.5906 60.686 60.6141 60.1178 55.1372 53.9148 68.5234 53.7904 51.3623 51.1583 50.1066 47.4888 46.2028 45.0778 44.9049 46.7414 43.6969 43.6943 42.053 43.468 41.5053 41.4994 40.655 40.151
threshold=1.0000000180025095e-35 6.982398748397828 1.8576371073722842 0.0072032741736620673 1.1942520737648012 4.9870197772979745 4.6586997509002694 2.7621499300003056 1.4978661537170412 6.0001142024993905 1.0000000180025095e-35 0.76344707608222973 5.2337753772735605 6.7861523628234872 1.4978661537170412 0.84499999880790722 4.7317931652069101 2.5249279737472539 2.5749999284744267 0.77802917361259472 3.5408543348312382 1.0000000180025095e-35 0.69373488426208507 0.76172566413879406 5.5314092636108407 2.8149999380111699 1.1815497279167178 1.0000000180025095e-35 1.0000000180025095e-35 3.3746581077575688 4.8865754604339608 -0.29470486938953394 0.22737026959657672 0.89587974548339855 1.788331210613251 2.9700856208801274 5.9148526191711435 6.2775719165802011 5.3683068752288827 0.58499997854232799 0.36754386126995092 2.3950001001358037 0.80037999153137218 6.8194701671600351 1.0000000180025095e-35 1.0000000180025095e-35 3.1131258010864262 0.14856825768947604 2.9150000810623173 1.0971124768257143 0.77069538831710827 0.86656334996223461 0.32738095521926885 1.7811751961708071 0.2001164183020592 0.67661088705062877 1.52798467874527 5.4553120136260995 0.82043662667274486 0.044196998700499542 1.8089378476142886 0.86242622137069713
decision_type=2 2 2 2 2 2 2 2 2 2 2 2 2 2 2 2 2 2 2 2 2 2 2 2 2 2 2 2 2 2 2 2 2 2 2 2 2 2 2 2 2 2 2 2 2 2 2 2 2 2 2 2 2 2 2 2 2 2 2 2 2 2
left_child=1 2 4 14 8 17 10 12 -1 13 19 16 35 38 15 -2 -4 -6 39 20 24 46 31 34 58 42 27 36 30 32 -28 -23 33 41 -21 -3 -8 -38 -7 -9 54 55 43 -26 -45 -10 -22 -36 51 -47 -43 -32 53 -25 -24 -30 57 -40 -5 -33 -15 -17
right_child=3 7 11 6 5 9 26 18 45 -11 -12 -13 -14 60 -16 61 -18 -19 -20 23 21 22 40 52 25 -27 28 -29 29 -31 48 59 -34 -35 47 -37 37 -39 56 -41 -42 50 -44 44 -46 49 -48 -49 -50 -51 -52 -53 -54 -55 -56 -57 -58 -59 -60 -61 -62 -63
leaf_value=-0.061799315120974543 0.007772633836049936 -0.060439759329769888 0.0007507816157496577 0.028956664672007127 -0.084648508661535365 -0.0034674551841405855 0.0071771979010047497 0.040479872480517765 -4.4001649094196267e-05 0.071168261019250986 0.05331955986797874 -0.024439644836899466 0.041506006280727543 -0.08950987059435897 -0.010124713974028601 -0.079563605079749508 0.046055004377561673 0.019693055148508547 0.020238475773120459 0.039842736293083596 0.041457218370912173 0.013553521389567233 -0.0064489423504800747 0.039058889713600622 -0.06461168745097616 0.030488636812462819 -0.047233322447387059 0.058159146007558594 0.051845072274773564 0.059935864531760363 0.049067266422671466 -0.078149036808861372 0.038473156278718439 0.037478730729887597 0.037258726461416959 0.015023003011472467 -0.06755850656426346 0.070207112495105792 -0.036732789898065242 -0.084767870117071431 0.069662344947718793 0.015572599651295205 -0.010879831531572289 0.03909405915954034 -0.056813443548565296 0.047612326232525017 -0.0019963598382622132 -0.080748999028819601 0.029709757619764507 -0.0034204166262529925 -0.029391291759137867 -0.0030899566876580842 0.057058122906703625 -0.0524668779609479 0.035831729777099135 -0.077373971607536784 -0.063246713679246003 -0.06213786587707968 -0.0094497670953115447 -0.016213083218193102 -0.040139257887554652 -0.01934678907401409
leaf_weight=110.95623199830879 57.504765428340761 28.655350808345247 248.0485215151275 203.01329598983284 25.74964916301542 55.574051781964954 210.31882327306084 10.149439785629509 354.80921505400329 22.210463796858676 175.84655127930455 180.74425629977486 654.65785053325817 436.59682217583759 265.54005918142502 200.6677005677484 269.69211916910717 270.23600238969084 37.311238074442372 15.500253311154664 649.28303761425195 48.792634918470867 221.21808033017442 23.964889338298235 147.1661806832708 82.858292253600666 23.920597472693771 107.83828778727911 6.9615931960288426 120.85971794009674 1421.4674185900076 81.496124965895433 210.9752931681578 116.2191246189177 9.5437411069869977 804.40984813298564 60.148686118831392 9.3547464673756604 390.83368471232825 96.377235703344923 40.458339008269832 171.16659162472934 197.85297877315315 34.179501783975866 38.643505561281927 145.62692113200319 75.845872295321897 98.50379588274518 547.90084608932375 65.968090165639296 84.507505633344408 42.550399174797349 39.222498457005713 30.706255141762085 83.316904209787026 43.130900631309487 1383.3580864908581 305.34805981334648 106.75609095123946 41.169775566086173 48.700943598640151 32.971241802588338
leaf_count=435368 103560 82909 91448 26182 65553 5089 41736 306 143522 5443 51520 47666 185086 10381 85798 246549 58916 129964 3639 3420 221606 588 2368 4463 16508 10745 993 12978 28 352 241521 2073 1064 707 66 377625 2591 1356 43422 3607 162 1781 24248 14624 2968 53081 2206 1945 84895 32826 1007 2017 870 651 393 641 55222 18009 20375 791 824 66981
internal_value=-0.000666059 -0.0200258 -0.034663 0.0179629 -0.0436273 -0.0536182 0.0231101 0.0186782 -0.000268714 -0.0607854 0.00969187 0.01174 0.0252035 -0.0619305 -0.0339736 -0.0556161 0.0243931 0.0103613 -0.0485216 0.00628948 0.00957511 0.0199793 -0.00382566 -0.0246198 -0.00636836 -0.0200458 0.0334307 0.0114302 0.0364828 0.0225463 0.0416295 -0.0374341 0.0153238 0.00368645 -0.0560794 0.0123579 -0.00672119 -0.0482833 -0.0567298 -0.0725693 0.0129373 -0.009238 -0.0301157 -0.0472885 -0.0118794 0.0118725 0.0369156 -0.0700794 0.042709 0.0317608 0.000654158 0.0475503 0.0169305 -0.012366 0.00519793 -0.0587525 -0.0581508 -0.0479487 0.0157328 -0.057661 -0.0846481 -0.0711844
internal_weight=12125.4 5946.01 4314.45 6179.34 3615.97 2938.61 5622.66 1631.56 677.36 2642.62 2445.34 698.485 1487.72 2620.41 556.684 291.144 517.741 295.986 143.838 2269.49 2052.05 1241.58 516.452 217.441 810.47 500.7 3177.32 387.661 2789.66 753.821 2035.84 171.459 632.961 421.986 123.548 833.065 279.822 69.5034 2135.11 106.527 344.993 305.767 417.842 219.989 72.823 566.404 725.129 108.048 2011.92 211.595 255.674 1464.02 93.8936 54.6711 304.535 50.0925 2079.54 696.182 309.769 122.666 485.298 233.639
internal_count=3155233 1849906 1196734 1305327 998704 333907 802439 653172 664797 138390 408772 198030 645620 132947 502888 417090 150364 195517 7552 357252 345837 230187 6375 11415 115650 69093 393667 58661 335006 5580 329426 3452 5228 4164 5431 460534 45683 3947 121742 3913 2923 3457 58348 34100 17592 229429 223812 2011 328433 85907 2788 243538 5984 5114 2761 669 116653 61431 46557 2864 11205 313530
is_linear=0
shrinkage=0.05


Tree=4
num_leaves=63
num_cat=0
split_feature=1 1 18 3 9 3 3 1 4 3 9 3 4 1 9 18 4 4 18 17 5 3 19 17 0 18 4 19 4 0 4 17 4 10 3 5 1 19 5 1 3 3 11 1 0 3 18 18 23 18 4 0 3 4 3 5 18 5 23 19 0 1
split_gain=2488.37 476.129 705.883 466.757 402.488 270.977 230.543 203.825 189.755 143.626 129.54 108.879 105.586 96.0858 92.1915 71.9362 69.8616 69.7519 61.7871 56.7441 56.4211 52.784 51.54 50.7629 49.4612 62.1005 47.7037 86.3163 54.3931 49.3567 47.2995 48.1205 46.7621 45.6135 41.0988 38.6589 38.1759 37.6231 36.9466 36.2408 41.7318 36.0857 35.4552 66.2478 55.3899 65.5878 85.0566 55.9315 35.1786 34.3317 33.7575 56.218 37.8761 32.4193 31.1495 30.882 40.0787 39.0868 30.6991 30.1115 34.8467 44.7464
threshold=8.785922050476076 10.986808776855471 1.0000000180025095e-35 4.8481087684631357 1.0000000180025095e-35 5.8930234909057626 5.0401887893676767 9.5801439285278338 0.81953865289688121 3.3140207529067998 1.0000000180025095e-35 5.8763332366943368 0.76878526806831371 7.8416895866394052 1.0000000180025095e-35 1.0000000180025095e-35 0.14841591566801074 0.99004951119422924 0.12771739065647128 1.0000000180025095e-35 0.77021124958992015 1.4978661537170412 0.46547618508338934 0.060661764815449722 3.1131258010864262 0.20761494338512423 0.72872623801231395 0.23205128312110904 0.9518541991710664 1.8710499405860903 0.022270845249295238 1.0000000180025095e-35 0.92899158596992504 1.0000000180025095e-35 5.9067223072052011 0.71183544397354137 9.0151157379150408 0.13484849035739901 0.83430954813957225 5.4909996986389169 3.3497501611709599 5.8763332366943368 1.0000000180025095e-35 7.002610683441163 2.0800131559371953 5.8763332366943368 1.0000000180025095e-35 0.048809524625539787 0.45427228510379797 1.0000000180025095e-35 0.47919970750808721 1.8502480387687685 6.1580102443695077 0.031905721873044975 4.4829866886138925 0.67240881919860851 1.0000000180025095e-35 0.68909329175949108 2.13365650177002 0.70294117927551281 2.1153473854064946 6.0879099369049081
decision_type=2 2 2 2 2 2 2 2 2 2 2 2 2 2 2 2 2 2 2 2 2 2 2 2 2 2 2 2 2 2 2 2 2 2 2 2 2 2 2 2 2 2 2 2 2 2 2 2 2 2 2 2 2 2 2 2 2 2 2 2 2 2
left_child=4 2 9 14 6 7 21 10 -9 -2 16 33 19 -14 32 -15 -5 41 23 50 22 -1 -10 -18 25 26 29 28 38 -23 39 -32 -4 -3 -17 -25 -7 -37 -28 40 -31 -11 44 -44 49 46 -46 -47 -39 -21 59 -52 55 -48 -41 56 -53 -57 -49 60 -8 -62
right_child=1 11 3 5 -6 36 12 8 20 17 -12 -13 13 15 -16 34 18 -19 -20 42 -22 24 -24 35 -26 -27 27 -29 -30 30 31 -33 -34 -35 -36 37 -38 48 -40 54 -42 -43 43 -45 45 47 53 58 -50 -51 51 52 -54 -55 -56 57 -58 -59 -60 -61 61 -63
leaf_value=-0.048097298829127541 -0.0424068236758917 -0.074441961871838686 -0.01639519383210598 -0.0053286159966456246 0.046007369832233191 -0.050383208631373425 0.033751561891243557 0.024817217169394848 -0.069520663392345861 0.015959040598983294 0.064030112580766921 0.010722019038693527 0.026567594961769886 0.039091873031178365 0.046119928866223812 -0.052701833582572848 -0.07830598596089057 -0.022846909833588523 -0.021296296251822971 0.030922157058418265 0.0025535680973605215 0.019823429466753785 0.0053488775126813298 -0.065139181953614358 0.030860182713322803 -0.016517049015942999 -0.083268250668223687 0.028062464419075114 -0.009850348881746962 0.017215002986842681 -0.0053099858646820973 0.015176110744445663 0.015703054233996649 -0.033189883568973816 0.050317583391676995 -0.016106630864892044 0.048165251019178824 0.031172737560573118 0.031100616004945916 -0.0076526424386409763 -0.032075977187437356 0.046583006790739068 0.030746408837830093 -0.053959156548976754 0.0078966370679035315 0.036528396207675735 0.033081997542296147 -0.014207019539890953 -0.084017305144245838 0.055799953663744434 0.04548121124183982 -0.049597354571037817 0.042894473227012848 0.071538087190239102 0.027464493865386765 0.059681605022991392 0.054159828919235042 -0.044294613558859053 0.046286339600587971 -0.027891639405652754 0.027504016263636286 -0.0081337940483036976
leaf_weight=46.200131265475648 119.11670141119976 630.01431680406677 445.8133837505884 49.238947975682095 1106.9904529042251 10.405844354711006 461.4085998160881 141.64122654974926 169.60343250690494 891.76390662076301 19.297640325501561 44.160454856581055 140.20685441585374 30.419457280950155 88.645954667474143 125.903645326267 667.03003542078659 108.05863596877316 74.019730251515284 219.83314481098205 44.973981023882516 662.63671592701576 26.407703934703022 467.3448408106342 176.15871978731593 337.76289895657101 60.536145504447632 73.479750552040059 80.721234546275809 53.458754489809508 410.46521620816202 946.05800564962556 151.20941212453181 77.586624977557221 9.7033051754115132 94.511684062250424 77.552482654049527 7.1686623585410407 7.4575565339764571 191.67260825313861 206.51379621436354 107.309689529764 80.105857783288229 31.277636159094982 131.63900849252241 117.49108797620283 88.687419209949439 173.21053750874125 46.703953100834042 398.71712710612337 51.069854553352343 88.66689130460145 23.489317667088471 155.79188834188972 92.959598553308751 20.007739289314486 9.5600662134820578 14.928881418309173 22.859871339634992 27.416103464667685 215.24338378425455 147.99034749850398
leaf_count=155872 380632 297119 298573 18907 76698 2454 116541 34104 6138 377255 263 6318 8226 7785 30297 4099 18145 10728 9590 61440 851 293795 325 12889 12906 64288 6911 4248 4156 21035 135131 221068 11389 63191 822 2084 9867 92 306 95536 36691 26853 2385 1210 16239 4577 5724 3992 1409 69124 13560 5051 1123 21448 26677 508 2073 1718 505 3877 14120 14682
internal_value=4.77131e-05 -0.0288811 -0.0216909 -0.0365235 0.0182712 -0.0493033 0.0132571 -0.0534745 -0.0210009 0.00953973 -0.0621712 -0.0652239 0.0238803 -0.00380726 -0.00116646 -0.0294639 -0.0639476 0.0151619 -0.0660694 0.0273002 -0.0479222 0.00440875 -0.0594579 -0.0686344 0.00515822 0.00369937 0.00615541 -0.0160213 -0.037845 0.0080829 0.00398248 0.00897796 -0.00825293 -0.069972 -0.0450159 -0.058047 0.0360712 -0.0354233 -0.0704553 -0.00845411 -0.021913 0.0192916 0.03384 0.00669173 0.0361445 0.0263345 0.0403879 0.0094025 -0.0684006 0.0470226 0.0185163 0.000438664 -0.0144408 0.0577793 0.00387246 -0.0247988 -0.039055 0.015255 -0.00695501 0.0229177 0.0246387 0.0130018
internal_weight=11798.3 4559.58 3807.82 2581.57 7238.7 1895.9 6131.71 1807.94 382.626 1226.25 1425.32 751.761 2785.63 306.233 685.669 166.026 1406.02 1107.13 1356.78 2479.39 240.985 3346.08 196.011 1282.76 3299.88 3123.72 2785.96 222.195 148.715 2563.76 1901.13 1356.52 597.023 707.601 135.607 615.729 87.9583 148.384 67.9937 544.605 259.973 999.074 1419.61 111.383 1308.23 689.68 376.118 313.561 53.8726 618.55 1059.78 207.723 156.653 244.479 284.632 133.164 98.227 34.9366 196.07 852.058 824.642 363.234
internal_count=3155620 1619473 1252845 457377 1536147 117118 1459449 104797 41418 795468 63379 366628 380829 20932 340259 12706 63116 414836 44209 359897 7314 1078620 6463 34619 922748 909842 845554 15621 11373 829933 536138 356199 309962 360310 4921 16474 12321 3585 7217 179939 57726 404108 186644 3595 183049 52485 43411 9074 1501 130564 173253 24033 10473 27172 122213 9350 7124 2226 4497 149220 145343 28802
is_linear=0
shrinkage=0.05


Tree=5
num_leaves=63
num_cat=0
split_feature=0 1 3 3 4 3 2 1 21 3 15 3 1 0 2 4 2 21 15 1 9 3 3 21 1 11 9 15 15 4 15 2 6 0 3 3 3 0 4 21 21 3 3 6 21 3 15 21 6 2 4 10 2 6 15 0 21 4 15 23 3 21
split_gain=1553.4 797.819 678.077 327.604 252.979 209.18 187.713 101.964 57.277 55.7238 55.4615 50.9213 52.0212 50.5856 48.594 45.302 74.8553 45.3184 43.5992 46.0997 42.3978 39.9131 38.9292 38.3069 38.3045 42.5521 37.998 37.9063 36.9809 36.6236 35.1876 34.3941 34.1516 41.8985 34.1103 32.574 32.0224 56.0874 31.8069 30.606 30.1253 32.237 36.8124 29.6196 31.9095 29.1457 28.4444 27.584 26.9255 26.7253 26.4367 33.2385 29.1877 26.167 28.0718 26.1453 25.286 24.9796 24.7003 30.6776 44.4926 24.6444
threshold=1.8576371073722842 8.785922050476076 5.0401887893676767 1.2424533367156985 0.72872623801231395 5.8579168319702157 6.5316059589385995 5.3107368946075448 -0.20672136545181272 5.9202361106872567 6.4249999523162851 6.5700526237487802 9.0151157379150408 1.8156263232231142 7.2488596439361581 0.011537731625139715 8.1319718360900897 -0.45481054484844202 0.15500000119209292 10.818137168884279 1.0000000180025095e-35 1.4978661537170412 1.2424533367156985 -0.25846351683139795 6.8238298892974862 1.0000000180025095e-35 1.0000000180025095e-35 0.36500000953674322 4.2950000762939462 0.046170359477400787 0.18500000238418582 6.7725079059600839 0.7196924388408662 1.8430218100547793 6.5700526237487802 5.9067223072052011 5.5012497901916513 1.8089378476142886 0.81953865289688121 -1.4420086741447447 0.76990297436714183 6.0001142024993905 6.6707012653350839 0.72505405545234691 0.60566991567611705 6.0001142024993905 5.9749999046325692 0.22592447698116305 0.69049060344696056 5.5778396129608163 0.35432551801204687 1.0000000180025095e-35 6.2547895908355722 0.72709017992019664 0.15500000119209292 2.814919233322144 0.43932217359542852 0.54721674323081981 6.5050001144409189 0.29088154435157781 5.0720391273498544 0.72209566831588756
decision_type=2 2 2 2 2 2 2 2 2 2 2 2 2 2 2 2 2 2 2 2 2 2 2 2 2 2 2 2 2 2 2 2 2 2 2 2 2 2 2 2 2 2 2 2 2 2 2 2 2 2 2 2 2 2 2 2 2 2 2 2 2 2
left_child=1 2 22 18 5 20 23 15 10 14 29 12 -11 30 -8 16 -2 39 19 -3 32 -10 -1 -5 25 -23 -19 -13 40 -9 47 -15 33 36 -32 50 -4 -38 49 -17 41 56 -43 57 -45 53 55 -7 -31 -6 51 -25 -53 -27 -55 -18 -26 -34 59 60 -41 -16
right_child=7 3 4 6 38 13 9 8 21 11 -12 27 -14 31 61 17 46 26 -20 -21 -22 24 -24 35 28 45 -28 -29 -30 48 34 -33 43 -35 -36 -37 37 -39 -40 58 -42 42 -44 44 -46 -47 -48 -49 -50 -51 -52 52 -54 54 -56 -57 -58 -59 -60 -61 -62 -63
leaf_value=-0.054588135944101612 -0.021322265549810527 -0.0029293391521407791 -0.066396699639477016 -2.3231778203695147e-05 0.028585662482791659 -0.018830779100516518 0.022363999912870358 -0.016461822756286815 -0.037064057394539267 0.017671116543639627 0.029280931983623748 -0.052369446897468253 -0.044142150309727374 -0.04480550037633739 -0.0094078771163288652 -0.064724991915462091 0.02955865941361285 0.027589864972308639 -0.077213456511810066 -0.063384841587329474 0.0053065290376639214 0.027650188330935001 0.010204999094083199 0.01925761678070665 0.009369953837787744 0.022890225352931507 0.043539617607733984 0.042039585023541728 0.03500264163037025 -0.021804424324349005 -0.0013918195645026183 0.046680230764535507 -0.032080434075882784 -0.0093245840926665883 -0.053626367950466158 -0.015901556241851602 -0.055823221579729937 -0.0023479281721556127 0.035923669224219128 0.0053196897204877127 -0.020391351706777791 -0.021209387440845644 0.05436447332024115 -0.045798216863633334 -0.075678289997767711 0.070520238632339083 0.045498820239954434 -0.09906591181738704 0.011512058371240671 -0.031088870931921631 0.029824216903541437 -0.063661349208577828 0.054703746486883122 0.032624727688464708 -0.048388554683808788 -0.035826837318151152 0.029500208350749575 0.029927114685925616 0.049918781577296956 0.021000745367463651 -0.085357122662092624 0.039442276144326834
leaf_weight=22.89263407458202 116.47442194449832 64.064157498825807 762.76384308715933 170.85770544537809 30.108679355122149 21.807963235827629 196.3475218861422 288.41446097369771 31.54619733436266 40.156124319822993 166.64916118388646 13.210642616613766 206.32867797985091 11.795326299441511 486.03354813082842 11.151549490983596 36.653574173600646 896.92967124850838 101.38871995155932 61.293475090555148 31.808400735375471 1138.3328562735114 797.98187350455555 108.92404793159221 543.20171020447742 31.154397769889329 651.94839040341321 41.84778947615996 151.65065087095718 71.024865478771972 177.59611554868752 53.940078908810392 97.751177808328066 42.559756092727184 36.944229542743415 45.474443538521882 402.55382670747349 55.918691525817849 91.909110166481696 52.527176659088582 81.614282677066512 119.00393228646135 17.641472054994665 892.12318882500404 101.60107643576339 10.32999552763067 110.29991447721841 21.21636365755694 384.20466811131337 46.374157740036026 994.46926556757535 23.89535064439406 5.7607118392479597 12.647630920982918 51.909083749837009 24.746152881067246 218.80531413291465 18.617946122656576 45.238292215159163 178.41914820444072 17.172348242718726 26.285250105313025
leaf_count=68225 52308 117875 63983 80768 1840 1396 73778 147847 54383 4016 32140 2207 19815 583 229617 2068 13847 89165 431527 245863 500 168886 308764 46259 133564 1795 7328 2807 31706 25598 17218 2487 5192 3507 2240 6064 23467 2645 10219 10115 23104 6430 529 45138 4697 100 7170 602 83367 2852 313990 38340 1018 304 12098 4496 39916 390 1449 20292 793 6092
internal_value=-3.55491e-05 -0.016942 -0.0317732 0.00438414 -0.043135 -0.0468045 0.00990772 0.0194868 0.0139902 -0.00638823 0.00330154 -0.0243521 -0.0340411 -0.00901155 0.00127908 0.0279926 0.00950908 0.0308598 -0.0528871 -0.0327567 -0.0518776 0.0180281 0.00833382 0.0221033 0.0187748 0.0248302 0.0343271 0.0188571 0.0121017 -0.00255189 -0.019004 0.029839 -0.0526458 -0.0583326 -0.0105938 0.0253084 -0.0600315 -0.0493203 0.0162587 0.0131688 0.00852679 0.0111728 -0.0111284 -0.0461248 -0.0489262 -0.00541781 0.0304262 -0.0597482 0.00627762 -0.0075313 0.026975 0.00646109 -0.0396344 -0.0142582 -0.0322613 0.00305428 0.0151813 -0.0219894 0.0163397 0.0100416 -0.0179123 -0.00682959
internal_weight=11764.3 6304.6 3718.26 2586.34 2897.39 2729 2359.59 5459.69 3318.13 1010.21 910.293 301.543 246.485 323.3 708.666 2141.56 288.174 1853.39 226.746 125.358 2405.7 2407.84 820.875 1349.38 2376.29 1244.37 1548.88 55.0584 1131.92 743.644 257.565 65.7354 2373.89 1263.8 214.54 1178.52 1221.24 458.473 168.392 304.509 980.267 898.652 136.645 1110.09 993.724 106.041 171.7 43.0243 455.23 76.4828 1133.05 138.58 29.6561 95.7111 64.5567 61.3997 762.007 116.369 293.357 248.119 69.6995 512.319
internal_count=3156779 2185981 565945 1620036 188956 174045 824771 970798 761767 338332 288952 28845 23831 24526 309487 209031 77821 131210 795265 363738 149519 472815 376989 486439 418432 183183 96493 5014 235249 256812 21456 3070 149019 93602 19458 405671 90095 26112 14911 34717 203543 180439 6959 55417 49835 14297 25513 1998 108965 4692 399607 85617 39358 14197 12402 18343 173480 5582 32649 31200 10908 235709
is_linear=0
shrinkage=0.05


Tree=6
num_leaves=63
num_cat=0
split_feature=14 0 5 3 3 2 13 3 18 18 14 6 6 21 18 18 13 3 2 0 3 17 23 2 17 3 3 23 23 3 2 5 23 3 5 23 2 19 0 0 2 21 3 3 3 3 2 17 18 2 21 23 2 0 3 3 21 6 5 19 5 23
split_gain=436.551 335.345 153.842 131.724 125.887 114.08 102.963 98.0966 80.9 76.8573 72.8369 51.65 47.5191 53.4709 46.7491 44.2999 44.2898 41.8211 56.945 35.5602 40.6479 34.0986 36.4465 34.0398 37.1096 33.2494 33.2004 30.9082 34.355 33.8698 32.6162 31.2619 30.783 30.772 32.8789 30.1283 29.674 29.5075 28.7355 28.5111 40.2819 53.8735 35.1323 30.846 42.0153 29.3873 28.0261 27.9305 28.175 27.5787 47.1998 38.3651 40.214 26.9811 26.3336 26.2634 25.7992 25.6538 25.3838 25.1171 24.9052 24.8815
threshold=1.0000000180025095e-35 1.2439844608306887 0.73578414320945751 4.8559212684631357 1.4978661537170412 5.4531798362731942 1.0000000180025095e-35 5.9202361106872567 1.0000000180025095e-35 0.11882352828979494 1.2424533367156985 0.75772464275360119 0.74007427692413341 0.67870336771011364 0.1863425895571709 0.097619049251079573 1.0000000180025095e-35 4.8322978019714364 5.9927129745483407 1.8224082589149477 5.5664324760437021 0.13484849035739901 2.3214970827102666 6.834646701812745 0.32738095521926885 5.633000612258912 4.8242976665496835 1.2736898064613345 1.2455573678016665 5.2443854808807382 7.1510934829711923 0.67240881919860851 1.1840482354164126 1.2424533367156985 0.775396227836609 1.4009682536125185 6.5687797069549569 0.73205128312110912 1.1942520737648012 1.5660668015480044 6.982398748397828 0.80727526545524608 5.7461826801300058 5.0271592140197763 4.9522936344146737 5.2496488094329843 5.6507318019866952 0.24568965286016467 0.033908046782016761 7.2488596439361581 -0.58511927723884571 1.1607641577720644 8.1514778137207049 1.0399000048637392 6.0447778701782235 4.2413008213043222 0.045675372704863555 0.76714894175529491 0.52591764926910411 0.47493734955787664 0.5076354742050172 -0.55059838294982899
decision_type=2 2 2 2 2 2 2 2 2 2 2 2 2 2 2 2 2 2 2 2 2 2 2 2 2 2 2 2 2 2 2 2 2 2 2 2 2 2 2 2 2 2 2 2 2 2 2 2 2 2 2 2 2 2 2 2 2 2 2 2 2 2
left_child=1 4 10 5 -1 11 7 8 55 19 16 -3 60 32 26 23 37 18 -4 39 27 25 47 24 38 35 33 28 30 31 58 -29 -14 -7 -35 -22 -16 49 46 40 43 42 45 44 -5 -42 -10 -23 -49 53 -51 52 -52 -2 -27 -6 -47 -46 -21 -56 -8 -32
right_child=2 3 17 9 6 14 12 -9 15 -11 -12 -13 13 -15 36 -17 -18 -19 -20 20 21 22 -24 -25 -26 54 -28 29 -30 -31 61 -33 -34 34 -36 -37 -38 -39 -40 -41 41 -43 -44 -45 57 56 -48 48 -50 50 51 -53 -54 -55 59 -57 -58 -59 -60 -61 -62 -63
leaf_value=-0.058850912334856453 -0.072140711158418996 -0.0064650932097840052 0.043871896496720755 0.013207950120078011 -0.04734688229632366 -0.066555653948147497 -0.075823386745038246 0.025130618373787574 -0.034881574929745252 0.018619309434639617 0.05223519675833127 0.022823515701614398 0.022126073051144897 -0.078709055664260563 0.024144031169524138 -0.021880997341735091 0.07075807284630807 0.049803958507464628 0.013616972188608035 -0.055757145597033965 0.041824976656731266 -0.052410743778220206 0.03221332552036589 -0.0038672081509648023 0.028214003731245593 -0.0016498969613245357 -0.037290295514996373 -0.029753021109368945 0.03338455537620362 -0.040969977682481187 -0.048684717038149243 0.013360155223468357 -0.01558669516048434 -0.014532784039904293 0.0017430206823576501 -0.019215690868381041 -0.0060092688128167288 0.05077494710775541 -0.0047126322033489076 0.016286362880403114 0.005569138562632781 -0.072537162874249092 0.019035027489141886 0.017720859197650759 -0.087004248367433118 -0.014858931607767146 -0.070968890495526515 0.014735289329696264 -0.08277717244649907 0.013409283233327697 -0.086664172073896456 -0.0014562776987356938 -0.025980956043209571 0.01268627127167779 0.019631061378160529 -0.012910644421997842 -0.064937371241692618 0.03825181584003598 -0.01054901308280354 -0.024776937451814616 -0.012259804638608623 0.0088310786174142855
leaf_weight=201.38200643540767 8.7937971518258546 237.71509333983704 303.929181669635 41.052310320781544 61.347165688115638 24.931566860104795 15.208713526662903 86.13525253435364 71.601851764367893 979.35943261996727 74.97934028992313 407.69431614105997 275.68452332579182 15.024629414954687 134.21352191982442 172.43955337966327 20.656695467769168 365.59660416882252 320.11277687459369 32.339583053835668 116.68683056742884 61.703880517394282 28.638095407746732 33.33739371446427 11.880018111784009 544.73097007436445 141.62875814316794 77.041900235577486 60.626278073294088 124.38671889458783 18.848945169651415 90.271686058142222 66.500590586132603 1786.9064441423398 375.21169620941509 23.792268185294233 204.99101514632639 24.433044887846336 22.474372623895761 710.55374777910765 83.755878060706891 30.93637143378146 104.71787328692153 380.4974307466764 22.516231318528302 70.192419382452499 261.51190704797045 41.783377591928001 7.9595972854876882 116.34377655066783 35.977705058699939 101.80489272327395 110.41054236367927 224.32947902308661 341.99268500742619 512.92578441085061 40.365702698065434 4.3472123132087281 470.98467191538657 34.247835166577715 337.2249894561246 359.80300124222413
leaf_count=704723 20727 90395 5396 12137 77606 103633 3936 16285 18796 68774 2252 99549 35605 9758 32543 39455 51 1946 19221 5683 6619 5654 973 20633 1062 38960 30189 13060 3231 14577 2399 7345 18577 591869 102319 2705 78589 888 3902 180096 31848 1854 17829 97192 7378 24257 16753 2204 803 9306 19065 5748 8012 42990 15054 173513 11467 598 50086 2305 66042 59175
internal_value=0.000157999 -0.0037026 0.0235766 0.000893351 -0.0213044 -0.00680713 -0.0173852 -0.0261085 -0.0299732 0.00609622 0.00593992 0.0120427 -0.00220508 0.0106322 -0.01137 -0.0432528 0.000466634 0.0363486 0.0283987 0.00296735 -0.000754121 0.00578992 -0.0173147 -0.0523703 -0.0567481 0.00885258 -0.0138955 -0.00712397 -0.00271363 -0.0213176 -0.00522999 -0.00655074 0.0147729 -0.0123642 -0.0117088 0.0314241 0.00595743 -0.00197722 -0.0596578 0.00905194 0.00243549 -0.0108054 -0.00419843 0.0121813 -0.0186611 -0.0167525 -0.0633396 -0.030215 -0.00219192 -0.004215 -0.0127905 -0.0250766 -0.0413818 0.00919199 0.00537932 -0.0166652 -0.0335612 -0.0660892 -0.0135585 0.0155338 -0.0152096 0.0058473
internal_weight=12069.5 10362.1 1707.37 8217.43 2144.68 3313.29 1943.3 1233.65 1147.52 4904.13 717.729 645.409 709.643 357.21 2667.88 573.245 642.75 989.639 624.042 3924.77 2435.84 1201.54 140.085 400.806 367.468 1061.45 2328.68 1234.3 942.602 291.7 881.976 167.314 342.185 2187.05 2162.12 140.479 339.205 622.093 355.588 1488.94 778.381 329.968 299.032 448.413 67.9158 194.314 333.114 111.447 49.743 597.66 364.537 248.193 146.388 233.123 920.971 574.273 110.558 26.8634 503.324 376.241 352.434 378.652
internal_count=3155597 3019995 135602 1813349 1206646 1129086 501923 368005 351720 684263 109039 189944 133918 63940 939142 100601 106787 26563 24617 615489 230833 75277 9634 61146 40513 65643 828010 155556 120574 34982 117343 20405 54182 797821 694188 9324 111132 106736 39451 384656 204560 87255 85401 117305 20113 67572 35549 8661 3007 105848 42131 32825 27077 63717 56319 251119 35724 7976 55769 17359 69978 61574
is_linear=0
shrinkage=0.05


Tree=7
num_leaves=63
num_cat=0
split_feature=9 3 15 0 3 0 15 3 18 3 3 15 14 15 18 23 15 19 18 1 2 18 3 15 6 23 6 1 23 15 0 17 1 3 10 0 6 15 18 14 15 19 19 1 6 6 19 1 15 6 15 6 2 2 3 19 19 17 18 20 23 23
split_gain=457.795 320.672 100.298 107.182 98.6723 140.35 66.7155 52.8251 50.9599 47.6799 45.8156 43.1361 41.1056 38.861 44.6445 38.1123 44.0905 42.6841 35.1559 34.6882 33.0996 38.7959 31.1661 44.82 74.984 44.8385 49.7402 41.7386 30.4993 30.2434 28.8699 40.4476 28.2451 27.6757 25.8783 25.7978 25.2117 41.0396 32.1345 31.3014 28.0253 37.8165 24.9207 24.7921 24.7345 24.0506 23.4886 23.2973 40.5144 23.0491 22.0335 21.8684 20.7002 40.8526 34.1782 33.5252 26.0518 24.5644 24.5285 23.6814 24.2604 26.9857
threshold=1.0000000180025095e-35 2.0126758217811589 0.36500000953674322 2.814919233322144 5.0271592140197763 2.124262928962708 0.15500000119209292 4.863673448562623 0.033908046782016761 3.9607677459716801 1.0000000180025095e-35 0.21499999612569812 1.2424533367156985 1.7549999952316286 0.10912698507308961 -2.3668380975723262 6.2349998950958261 0.44913792610168463 0.057189542800188072 7.7211270332336435 6.4990344047546396 0.039230769500136382 4.4829866886138925 0.064999999478459372 0.77797430753707897 0.82507774233818065 0.74656322598457348 8.2706527709960955 0.94039595127105724 3.9450000524520878 1.4867512583732607 0.19615384936332705 3.7726949453353886 4.9236173629760751 1.0000000180025095e-35 -1.3265967369079588 0.73547640442848217 2.6250000000000004 0.26491229236125952 2.0126758217811589 2.304999947547913 0.21980676054954532 0.92820513248443615 10.708656787872316 0.67452138662338268 0.77140426635742199 0.7847222387790681 6.7062506675720224 0.024999999441206459 0.83292543888092052 0.24499999731779101 0.78952169418334972 7.8011865615844735 8.2027559280395526 6.5123665332794198 0.03637566231191159 0.093073595315217986 0.74166667461395275 0.46410256624221807 1.0000000180025095e-35 1.3321330547332766 0.40649533271789556
decision_type=2 2 2 2 2 2 2 2 2 2 2 2 2 2 2 2 2 2 2 2 2 2 2 2 2 2 2 2 2 2 2 2 2 2 2 2 2 2 2 2 2 2 2 2 2 2 2 2 2 2 2 2 2 2 2 2 2 2 2 2 2 2
left_child=1 13 -2 10 5 7 47 22 28 32 -4 19 -5 14 -1 42 17 20 35 -10 -17 -22 23 24 25 26 -3 29 -9 -25 -13 -32 45 -21 -24 -6 -23 40 39 -39 41 -38 -12 -26 50 -8 52 -7 -49 -18 -30 -36 55 -54 -55 59 -57 -56 -58 60 61 -20
right_child=2 4 3 12 18 6 9 8 11 -11 15 30 -14 -15 -16 16 49 -19 46 33 21 36 34 27 43 -27 -28 -29 44 -31 31 -33 -34 -35 51 -37 37 38 -40 -41 -42 -43 -44 -45 -46 -47 -48 48 -50 -51 -52 -53 53 54 57 56 58 -59 -60 -61 -62 -63
leaf_value=-0.051314477646583936 0.043659766790596473 0.024733879013593803 -0.061189471643474172 0.027312487629923339 -0.073994681244432925 0.043823085723360411 -0.031996790884974695 -0.029003941380906492 0.044642237285005076 0.0079879005868827308 -0.094896167573491785 -0.004996584688633364 0.063439631510816996 -0.071534008209068675 -0.0024207185280047871 0.010733055604341835 0.027830666003189619 0.029822034858891303 0.01449093684438172 0.013868311201294945 -0.052370638037648853 0.01788579706663895 -0.0019009867088590909 -0.018909071161024443 0.032794936962273293 -0.064321445519607112 -0.056838753148702681 -0.034372341027242313 -0.080285948488741057 0.0094374739193579821 -0.08186375460511236 -0.018809332731801843 -0.016788738109458311 -0.070154967921855382 -0.054778416175937851 -0.0007819282668078295 -0.061751773201722232 -0.091454764964299107 0.022494777416869647 0.067691268336181637 0.04869910000748208 0.021611689346370862 0.063536812501657686 -0.044450816052804834 0.0096685608489084397 0.015932890152261153 0.053651217168398081 0.059995222765840052 -0.088919269533673156 -0.065397229184878544 -0.0070375468745066229 -0.00036666578077353384 -0.059355280894214629 0.0045462390654596296 -0.073424792619086202 0.030332685712782827 0.0087547221354603057 0.057657967681955961 0.052598181623419255 -0.027415560896261928 0.016640435378953471 -0.016631059046871035
leaf_weight=162.36362031073077 455.20812292181654 53.55199099634774 24.292741851881146 411.3053712672554 11.075414960854685 124.22824914066587 31.16369354526978 223.89467960622278 19.017895199009217 884.92652269406244 12.941781275207175 21.406785115716048 97.703997661941685 134.69738519414386 65.512941986846272 160.56946818047436 254.12281476322096 96.971176275750622 107.83302470319904 16.114224411197938 61.680822356371209 65.755259222991299 881.37956149928505 436.60626374307321 129.72403419198235 46.904433648567647 27.429177573998459 378.60157850716496 15.020382409449665 119.20266686985269 111.36966713366564 33.795491250348277 442.91892805846874 22.937605822575279 43.670287781453226 3385.4773608277319 24.359408859862015 33.548736067372374 9.5829013824113627 2.6787202358245841 22.021202558418736 28.543125788506586 2.2856131836306295 10.424896198674103 131.84978672361467 140.15421346924268 25.887466273619793 7.7874041509348926 8.5757994641899113 5.8851629106793544 29.194805824081413 31.501837703690398 28.423748935922049 453.78159174742177 21.902281235321428 217.73438329208875 722.67815946380142 3.4664391630794844 32.437076862435788 68.654515148955397 210.38755073177163 192.71521630254574
leaf_count=432882 2503 6406 63279 11579 4359 4937 9736 56360 906 158287 1738 5609 681 489762 59452 11555 10512 4215 8454 1761 11355 4928 264070 165375 5964 14961 3175 255579 3297 51785 14353 3488 149293 2359 10694 613047 4314 4911 792 3 938 1558 4 4191 26970 17105 857 196 2246 477 9428 3192 5153 41488 1492 12612 51269 14 615 5413 19218 22263
internal_value=-3.15545e-05 -0.00407979 0.0234499 0.0164221 -0.00238684 -0.00794163 0.00366132 -0.0147755 -0.0275749 0.000562415 0.00505589 -0.0465951 0.0343579 -0.0501986 -0.0373299 0.00719219 0.00878832 0.000174066 0.0020955 -0.00928315 -0.00691536 -0.0183314 -0.0110616 -0.0164168 0.00160337 -0.0259756 -0.00325193 -0.0215821 -0.0168024 -0.0128236 -0.0594696 -0.0674133 -0.010131 -0.0360033 -0.00431964 -0.00104237 -0.00685371 -0.0203638 -0.0570935 -0.078185 0.00254993 -0.0172072 -0.0686656 0.0267748 -0.00120997 0.00707912 0.00720305 0.0364684 -0.0186757 0.025478 -0.0331461 -0.0322806 0.00659361 -0.00216877 0.00134016 0.00945804 0.0151246 -0.054006 0.0107052 -6.30969e-05 0.00365863 -0.00545384
internal_weight=12037.8 10268.4 1769.46 1314.25 9905.81 4423.35 1639.75 2783.6 624.601 1499.16 805.239 224.642 509.009 362.574 227.877 780.946 765.719 505.711 5482.45 58.0697 408.74 248.17 2159 1202.45 268.035 127.886 80.9812 934.411 399.96 555.809 166.572 145.165 614.237 39.0518 956.552 3396.55 186.489 120.734 45.8104 36.2275 74.9237 52.9025 15.2274 140.149 176.065 171.318 2085.9 140.591 16.3632 260.008 44.2152 75.1721 2060.01 507.574 479.15 1552.44 972.85 25.3687 755.115 579.59 510.936 300.548
internal_count=3155415 3020073 135342 132839 2037977 1251723 341800 909923 124531 334421 120579 28476 12260 982096 492334 57300 55558 44569 786254 5026 40354 28799 785392 507436 34697 24542 9581 472739 96055 217160 23450 17841 176134 4120 277956 617406 17444 12516 5706 4914 6810 5872 1742 10155 39695 26841 168848 7379 2442 10989 12725 13886 167991 48147 42994 119844 64496 1506 51884 55348 49935 30717
is_linear=0
shrinkage=0.05


Tree=8
num_leaves=63
num_cat=0
split_feature=3 9 4 5 3 4 19 1 1 14 19 3 0 2 5 5 14 5 4 23 4 0 3 18 21 5 17 19 2 21 21 17 5 1 3 4 5 17 21 5 2 5 21 2 0 1 17 2 21 23 4 1 1 3 3 23 1 5 17 23 23 19
split_gain=370.699 389.776 96.4722 94.1704 68.4608 59.3552 57.4643 45.606 44.9511 38.9025 39.312 37.6636 37.6151 43.4014 39.0878 31.0225 30.9069 28.1806 29.6442 27.9025 27.6504 47.8788 29.3379 25.0708 24.7997 30.4635 28.9131 22.897 30.7398 37.9615 35.6027 29.3522 30.9365 32.2626 28.1041 26.1908 21.3227 21.0911 20.94 20.8273 20.631 46.5727 20.4701 20.4425 20.3343 24.7192 27.9439 20.0621 19.8318 20.283 19.3829 19.2904 19.0945 18.807 26.1401 21.6518 21.4982 31.2757 20.4999 19.6207 18.8924 18.5596
threshold=1.4978661537170412 1.0000000180025095e-35 0.035967789590358741 0.85076484084129345 5.3302974700927743 0.70028248429298412 0.6792857050895692 8.1835370063781756 4.5053346157073983 0.89587974548339855 0.075498577207326903 3.3842465877532963 2.0004773139953618 5.3205649852752694 0.61778950691223156 0.89141109585762035 0.89587974548339855 0.83573299646377575 0.84952831268310558 1.7849764227867129 0.29474411904811865 2.8840651512146001 2.8029010295867924 0.57793521881103527 0.66541701555252086 0.68114978075027477 0.033908046782016761 0.07275132462382318 9.2793998718261737 -0.0051955056842416516 0.065863832831382765 0.097619049251079573 0.53273522853851329 6.5799453258514413 4.7749040126800546 0.023816614411771301 0.54468438029289257 0.53708791732788097 0.55081307888031017 0.765140861272812 9.2467198371887225 0.55864441394805919 0.29735623300075537 8.3859448432922381 0.48569893836975103 10.689931869506838 0.033908046782016761 5.5510177612304696 0.60566991567611705 0.6458248794078828 0.6836545765399934 6.3035337924957284 8.5196900367736834 5.9202361106872567 5.9148526191711435 0.88858807086944591 3.1984648704528813 0.67537528276443493 0.051315790042281158 1.0138690471649172 0.053019521757960326 0.49137930572032934
decision_type=2 2 2 2 2 2 2 2 2 2 2 2 2 2 2 2 2 2 2 2 2 2 2 2 2 2 2 2 2 2 2 2 2 2 2 2 2 2 2 2 2 2 2 2 2 2 2 2 2 2 2 2 2 2 2 2 2 2 2 2 2 2
left_child=15 3 6 4 5 7 9 24 53 27 -11 -9 13 14 -7 16 -1 18 37 36 21 -5 -22 -23 40 43 -27 -3 30 31 -29 32 -30 -34 35 38 -14 -4 -32 44 48 -42 -25 -26 45 -10 -47 -15 50 -50 -2 -41 -49 54 56 58 60 -58 -55 -59 -6 -61
right_child=1 2 17 20 8 12 -8 11 39 10 -12 -13 19 47 -16 -17 -18 -19 -20 -21 22 23 -24 42 25 26 -28 28 29 -31 34 -33 33 -35 -36 -37 -38 -39 -40 51 41 -43 -44 -45 -46 46 -48 52 49 -51 -52 -53 -54 55 -56 -57 57 59 -60 61 -62 -63
leaf_value=-0.0525207691705631 -0.0065063096857332419 0.01885982739370199 0.023970284774309129 -0.0079190251169707383 -0.075182063872805821 0.025270948393277867 0.053298492399624177 -0.047400629235861594 -0.056500174091734218 -0.067061700856606343 0.029671502250600432 -0.01348878465343961 -0.078090770982453539 -0.041125968623418621 -0.001889044637634358 0.0010902131124087976 0.008819602059744025 0.045022773768041258 0.065234846382070485 -0.081278148661072372 -0.073257427951482698 0.042715039502959615 0.041050752931650232 -0.079274092958879383 0.023235460814330419 0.019375211188916185 -0.035911355519152151 -0.03081392876704922 -0.092898753618727375 -0.041326248459316137 0.0060954143819329752 0.048672941863873935 -0.090586151384497257 0.034507781605498382 -0.091201200944767094 0.050576255253254265 0.036273945569440309 -0.085540074279519887 -0.077917506424242944 -0.0072769255189266985 -0.049886721001299615 0.020848843508353795 0.052639687566977712 -0.054124043348489442 0.00096539286588171846 0.009634142941109234 -0.030441360188666958 0.030115299611363135 -0.090015441406779251 -0.019751017426550218 -0.080208040906203301 0.019945814621202242 -0.081149970214493203 -0.084531525041831104 -0.087965136680345057 0.051368364460220896 -0.040752935189240447 0.038132749056598081 0.037668249848143563 -0.065384426066187551 0.045388117945435846 0.039729026857284425
leaf_weight=370.14350076336996 2683.8362009583507 121.12625613994896 417.98642863170244 145.21005233065807 2.5519586117006829 186.42117445840267 74.805120177334175 86.090190307731973 29.917851311445702 10.121560057974419 211.89143177832011 1426.9425193660427 3.2871459430898531 77.861077758716419 451.41239134783973 33.294968924557907 21.456947429804131 426.47899455198785 45.252398411510512 4.6106130876578382 4.9268820419092654 104.05587961693527 161.95381252502557 7.3154569460311887 192.61713163880631 38.330064289155416 58.715185716457199 156.55833911092486 7.1370232504559672 24.297402438067365 59.866009741090238 62.029545092955232 5.160433671786449 31.071464782813564 5.859259540680795 31.184030000469647 137.85092876973795 3.4877562547335392 7.4493822252261443 87.04463466902962 26.480082893715007 151.75799019818078 3.7009830164024606 8.0058818071265687 3082.8320211569662 98.578356127778534 76.359354865038767 20.509375027148057 12.468706640764138 47.146914097189438 7.9589917283738023 251.79416450159624 3.7109389475081107 5.3711630030302313 5.2172011266229665 76.172815334692132 29.072446742793545 44.818972243461758 6.5534045357489958 9.778302811784668 58.978681953274645 6.028274222277104
leaf_count=966322 673149 11114 6545 44341 131 20220 730 128270 10735 1541 4504 511083 721 11418 94082 33433 10533 2150 118 388 2858 4199 9252 817 38617 6865 11608 12185 241 615 4091 712 174 487 220 545 6554 92 961 3212 8365 32444 116 3571 398616 21905 12906 532 4432 9840 1330 18197 618 356 244 1551 1824 1110 162 627 1311 130
internal_value=0.000600079 0.00227826 0.0243794 -0.00151362 -0.00254747 -0.00606841 0.0118454 -0.0082881 0.00256992 0.00755251 0.0249805 -0.0154484 0.00580804 0.00122 0.0060762 -0.045216 -0.0491458 0.0356997 0.0271026 0.0289329 0.0214242 0.0111675 0.0372597 0.0351137 -0.00492747 0.00880215 -0.0140999 -4.24292e-05 -0.00593708 0.0138882 -0.0158072 0.0268855 -0.00467116 0.0147364 0.00678467 0.0134714 0.0330797 0.0228637 -0.00420624 0.00116778 -0.006325 0.0101203 -0.0342649 0.0198953 -5.02712e-05 -0.0152652 -0.00793219 -0.0288876 -0.00739363 -0.0356895 -0.00675393 0.0129517 0.010526 0.0232738 0.0127316 0.0416421 0.0167605 0.00106018 -0.0196556 0.0214472 0.0392652 -0.0253179
internal_weight=12050.9 11626 1701.76 9924.25 9497.08 5626.01 808.557 4740.35 3871.07 733.752 222.013 1513.03 885.664 739.915 637.834 424.895 391.6 893.206 466.727 145.749 427.163 260.282 166.881 115.072 3227.32 297.668 97.0453 511.739 390.613 129.696 260.917 105.398 43.3689 36.2319 104.359 98.4994 141.138 421.474 67.3154 3626.53 2929.65 178.238 11.0164 200.623 3287.69 204.856 174.938 102.081 2751.41 59.6156 2691.8 338.839 24.2203 244.543 156.446 88.0974 151.229 89.698 11.9246 60.6255 61.5306 15.8066
internal_count=3156020 2145732 47025 2098707 2037124 1564107 38120 1429574 473017 37390 6045 639353 134533 126870 114302 1010288 976855 8905 6755 7663 61583 49473 12110 5132 790221 60661 18473 31345 20231 2229 18002 1614 902 661 5817 5597 7275 6637 5052 465571 729560 40809 933 42188 444162 45546 34811 12568 688751 14272 674479 21409 1150 7446 5377 2069 5133 3691 518 1867 1442 757
is_linear=0
shrinkage=0.05


Tree=9
num_leaves=63
num_cat=0
split_feature=4 9 15 18 15 1 3 3 23 21 4 4 1 4 1 3 17 3 1 21 20 4 6 6 15 19 21 4 4 15 17 1 23 19 1 15 23 6 23 17 6 3 3 4 23 21 21 21 3 23 6 1 17 1 15 18 6 17 1 1 23 6
split_gain=419.812 406.611 123.009 118.781 86.1951 58.0968 58.7843 54.2551 49.0498 41.4342 37.971 34.5259 34.6663 32.5873 32.0436 31.1807 30.0998 40.4455 29.0708 28.6779 26.6246 27.1089 26.424 28.1333 25.5629 25.3665 24.7811 23.8888 23.2076 25.8204 22.9929 22.0634 25.615 21.9405 26.2408 24.5099 23.0496 22.5428 21.9124 21.7739 24.3827 25.6552 27.3627 22.39 26.2517 21.4739 21.3912 25.1645 27.74 38.3922 20.7386 28.3671 22.6933 26.0332 20.4586 20.3086 33.1505 22.648 20.0626 23.174 21.9424 24.2962
threshold=0.0032229989301413302 1.0000000180025095e-35 0.36500000953674322 1.0000000180025095e-35 4.2449998855590829 7.002610683441163 5.3867835998535165 4.9732735157012948 -0.75187215209007252 -1.4420086741447447 0.076182041317224516 0.2001164183020592 9.6983375549316424 0.87157815694808971 5.3107368946075448 2.6020033359527592 0.40824915468692785 5.2337753772735605 4.6491756439208993 -0.67306572198867787 1.0000000180025095e-35 0.53217735886573803 0.49697791039943701 0.56061530113220226 4.1150000095367441 0.064583335071802153 0.52088662981987011 0.0047426167875528344 0.78932374715805065 2.6750000715255742 0.19615384936332705 3.1984648704528813 1.0636015534400942 0.36515152454376226 8.4163780212402362 2.3549998998641972 -0.37386602163314814 0.82638147473335277 0.37618094682693487 0.27429467439651495 0.81769469380378734 4.8322978019714364 4.135134458541871 0.97272503376007091 0.29088154435157781 1.2221552729606631 -1.0991423130035398 -0.81933501362800587 4.9593360424041757 -0.09425055235624312 0.73351782560348522 9.5801439285278338 0.067816093564033522 9.3708848953247088 6.0750000476837167 0.11882352828979494 0.67234274744987499 0.035098522901535041 8.8064990043640154 8.4373917579650897 0.2500817626714707 0.59976598620414745
decision_type=2 2 2 2 2 2 2 2 2 2 2 2 2 2 2 2 2 2 2 2 2 2 2 2 2 2 2 2 2 2 2 2 2 2 2 2 2 2 2 2 2 2 2 2 2 2 2 2 2 2 2 2 2 2 2 2 2 2 2 2 2 2
left_child=14 3 20 7 8 6 10 15 -4 -6 30 22 25 19 -1 -2 17 46 -17 -7 21 -3 -9 -24 27 50 39 -10 29 -12 31 32 38 34 35 37 -37 -21 -5 40 41 42 -15 -41 -45 -14 -11 -48 -49 -50 51 52 -13 -54 -36 56 57 -38 59 60 -25 -62
right_child=1 2 4 5 9 13 -8 11 24 16 28 12 45 26 -16 18 -18 -19 -20 33 -22 -23 23 58 -26 -27 -28 -29 -30 -31 -32 -33 -34 -35 54 36 55 -39 -40 43 -42 -43 -44 44 -46 -47 47 48 49 -51 -52 -53 53 -55 -56 -57 -58 -59 -60 -61 61 -63
leaf_value=-0.012455903463729334 -0.048096336005612889 0.016503059912229157 -0.048726224819352716 -0.017665614511633454 -0.090143332146181462 -0.028110364434599518 0.019125208769156195 0.04099194582132959 -0.066117002555850013 0.049944093391451866 0.0062004660762707969 -0.0073487466457771355 -0.010666662499820753 0.011785700858820069 -0.053509030330570952 0.015657852397443491 0.061524559190312356 0.041359833770659882 -0.01517294024361541 0.0048523199212798136 0.055888208978140286 0.054129198400290436 -0.055154064438890552 0.0083012758974902092 -0.083613590125248702 0.011326235657859686 -0.016319884938807639 0.0096071597487567134 0.038597302860637998 0.050636108112444435 0.005757514718458541 -0.015147548269389716 -0.083816993202468784 0.0067541749209788886 -0.014336007016106404 0.04535728303330476 -0.054790420678686662 -0.061943386606473173 0.04199727199159109 0.0095890607475092871 0.052196233892235148 0.024836926047336255 -0.036546038913964254 0.036695771504853973 -0.078421005588160425 -0.088220831218328188 -0.055844944764077122 0.017263580192371019 0.048415547633781399 -0.099083544386972408 0.016156290532568649 0.035921632117593444 -0.065326758962735168 0.027805674637393658 0.018214553851728793 0.00028233043306852696 -0.050187248239661676 0.04398607942226878 -0.021795785212496047 0.017445387691007331 -0.071302072222702392 -0.011978813062998202
leaf_weight=55.23571124492446 67.677047720353585 120.2864654418081 41.126185068453196 22.113876809075009 6.1403588930843389 119.80742711856146 861.026026029489 23.306342214928009 9.617423899995627 32.463077991153114 752.40196889924118 373.67970514280023 351.13186815252993 93.477155392756686 374.56466538240784 79.659044850326609 72.771591685188469 246.99145252828021 1543.1100312501658 778.97155603874126 282.1381447261665 80.035650789504871 35.158543689525686 138.60842085408513 6.6750306206522501 691.68946671806043 79.249590449442621 580.53113839379512 67.093740432872437 33.211393354460597 341.23605575590045 443.83675710426178 5.1577585708582765 450.38603897124995 754.45366458990611 13.134431610844329 7.3604188914760043 11.842616224661468 46.356988380779512 42.494803432608023 46.053224875067826 203.84718322887784 41.447888468042947 5.9930255706422058 18.277269953046925 8.1858383489889075 13.899758878338615 184.3669033239712 6.1374109551543397 11.242558190366251 112.36765890463721 33.377788656041957 33.596260085643735 8.9657892395043728 50.729395311005646 67.689757525833556 81.01036852618563 18.197211984428577 272.16380626650061 91.92132712143939 16.952429883414879 487.3946103520575
leaf_count=35256 127449 1183 5369 4584 536 49004 29336 3276 3110 602 67758 73494 100817 10480 958651 19813 436 1951 599784 114380 951 334 11945 18020 623 110605 11867 21760 1884 2047 54413 112404 997 84097 190253 1938 2290 2689 3572 2889 1130 15335 3866 89 1322 2965 888 7856 71 494 13085 5143 9429 1218 17314 11361 24815 1446 88945 25471 2688 78132
internal_value=0.000186283 0.0019983 0.0246112 -0.00190332 0.0160881 0.00301552 0.00847704 -0.00804628 0.00342826 0.0301277 0.0031118 -0.00361745 0.000997051 -0.00185651 -0.0482743 -0.0150574 0.0315844 0.0270685 -0.0136508 -0.00438084 0.045944 0.0317302 -0.0105974 -0.0117893 0.00709763 0.00492214 0.00932279 0.00826335 0.0105798 0.00814094 -0.0043077 -0.0109434 0.0142629 -0.00309611 -0.00558614 -8.15829e-05 -0.0162907 0.00377507 0.0227512 0.0138489 0.0184175 0.0136855 -0.00322106 -0.012367 -0.0496681 -0.0126734 0.0127327 0.00692624 0.0115051 -0.0471967 -0.0029661 -0.00777036 -0.0113516 -0.0455203 -0.0122652 -0.0211696 -0.0346714 0.0145472 -0.0102221 -0.00591194 -0.00927316 -0.01411
internal_weight=11950 11520.2 1694.42 9825.8 1211.96 5456.86 2572.43 4368.95 637.95 574.013 1711.41 2678.5 1612.99 2884.42 429.8 1690.45 567.873 495.101 1622.77 2353.58 482.46 200.322 1065.51 1042.2 596.824 1253.68 530.84 590.149 852.707 785.613 858.701 517.465 73.6286 2233.78 1783.39 978.206 187.392 790.814 68.4709 451.591 384.825 338.772 134.925 66.7651 24.2703 359.318 248.11 215.647 201.747 17.38 561.987 449.62 416.242 42.562 805.183 174.258 106.568 25.5576 1007.04 734.877 642.955 504.347
internal_count=3155910 2162003 46164 2115839 43696 823560 276995 1292279 30862 12834 247659 545233 316756 546565 993907 747046 12298 11862 619597 499587 2468 1517 228477 225201 25493 212974 46978 24870 71689 69805 175970 121557 9153 450583 366486 158919 41850 117069 8156 35111 30811 29681 14346 4300 1411 103782 9911 9309 8421 565 102369 89284 84141 10647 207567 39912 28551 3736 213256 124311 98840 80820
is_linear=0
shrinkage=0.05


Tree=10
num_leaves=63
num_cat=0
split_feature=9 3 15 1 21 19 15 3 17 3 5 2 3 15 1 3 5 23 1 3 2 21 3 19 1 3 2 23 21 5 1 5 21 15 23 19 17 1 2 17 23 5 5 1 23 3 3 15 5 2 2 23 1 1 15 3 3 2 19 3 19 2
split_gain=417.312 336.11 105.941 87.1168 57.4876 56.0711 37.9849 35.0007 39.4169 32.6027 41.2979 31.9437 31.81 29.437 31.3554 28.8711 27.8913 25.4138 25.1928 25.1404 25.9902 27.7484 27.3439 24.6003 24.5289 24.5087 28.6043 27.3324 28.2215 24.3947 28.1299 24.1204 42.1425 39.009 29.8891 29.3976 28.1346 25.2242 23.0053 25.2177 22.5444 24.6642 24.335 22.2548 21.8628 21.2411 21.2221 21.196 21.4531 21.078 21.4701 20.1502 19.8851 48.4779 37.8019 28.9296 31.536 24.2822 21.3095 21.0956 31.7577 21.725
threshold=1.0000000180025095e-35 2.0126758217811589 0.32500000298023229 5.9750802516937265 -0.24704926460981366 0.27681992948055273 0.10500000044703485 4.9089648723602304 0.085144929587841048 4.0163424015045175 0.64825397729873668 8.1514778137207049 1.0000000180025095e-35 1.7549999952316286 10.818137168884279 4.3241107463836679 0.73759180307388317 0.92353358864784252 4.9015574455261239 3.8606742620468144 4.610145330429078 0.28452867269515997 4.7050054073333749 0.71008405089378368 5.2176458835601816 6.4588270187377939 5.5314092636108407 1.5969837903976443 -0.11504099518060683 0.74622750282287609 5.847881793975831 0.85238444805145275 -0.72444105148315419 3.4850000143051152 1.9784656763076784 0.22474747896194461 0.040833333507180221 7.3175444602966317 6.5574882030487069 0.56904762983322155 0.11337145417928697 0.73220887780189525 0.46437355875968939 9.0377116203308123 1.1961420178413393 4.0163424015045175 5.0401887893676767 0.41499999165534979 0.86242622137069713 6.0198082923889169 8.9180479049682635 0.097678307443857207 9.7465705871582049 9.533546447753908 0.17500000447034839 5.7698712348937997 5.9519429206848153 7.5134363174438485 0.31909090280532842 5.583489418029786 0.40370370447635656 5.9927129745483407
decision_type=2 2 2 2 2 2 2 2 2 2 2 2 2 2 2 2 2 2 2 2 2 2 2 2 2 2 2 2 2 2 2 2 2 2 2 2 2 2 2 2 2 2 2 2 2 2 2 2 2 2 2 2 2 2 2 2 2 2 2 2 2 2
left_child=1 13 29 6 -5 12 -3 8 -6 10 17 19 -4 14 -1 38 40 -7 -18 -10 51 -22 -23 -11 -20 26 27 28 -9 30 46 33 -33 35 -35 45 -34 47 39 -8 -17 42 -42 -28 -19 -14 -2 48 -38 -47 -51 -21 53 54 -45 -56 -57 -58 -55 60 61 -54
right_child=2 3 5 4 7 9 15 25 11 23 -12 -13 31 -15 -16 16 18 44 24 20 21 22 -24 -25 -26 -27 43 -29 -30 -31 -32 32 36 34 -36 -37 37 -39 -40 -41 41 -43 -44 52 -46 49 -48 -49 -50 50 -52 -53 59 58 55 56 57 -59 -60 -61 -62 -63
leaf_value=-0.023424155782640104 -0.097110694514726481 0.040175282306034232 -0.051616233384268656 -0.012681238809021556 -0.014529365958035135 -0.06295515804625193 0.011916355313489328 -0.050884420899514171 -0.011825371131463411 0.029414210424202104 0.021619582263248532 -0.030179340566959797 0.00079664259582696683 -0.067252685023228134 -0.061020314183074513 0.020341239527386947 0.026442538959179997 0.046342765118777912 -0.031098870943966728 -0.078084504413659647 0.012257198183431775 0.0010953344763046538 -0.040132142493138637 0.062191208038726686 0.012759954265114795 0.014854005104267057 0.00068470180174324039 -0.037740046950996864 0.019437415697813033 0.0506941965200201 0.035838079916280317 -0.080347172094837396 -0.087646898708019172 0.01882254131137167 -0.068250569025525773 -0.075374265428917453 0.051970528364896518 -0.08504264458872525 -0.011009046561653704 -0.045921778074281869 -0.0886881197508297 -0.070610710551124167 0.0025982352018655754 -0.039112437156818641 -0.079075158959187611 0.025398845971243318 0.0099586409220600788 0.038842164995623644 -0.095498440035956325 -0.068615790117227266 0.040860246275367822 0.034689502443464075 -0.033944385917165115 -0.052628997530752931 0.0080867110836414288 -0.079063361577295974 -0.043955501718703084 0.046123476901345273 -0.0012556916789076844 0.0089935460533006311 -0.080686181958835201 0.0040357014952097977
leaf_weight=143.45503501602798 6.9396978046279427 81.421753795584664 21.8768452770164 1617.8316168604651 986.23501492565265 25.744552130083321 261.30286615231307 13.972162889491299 213.61605041302391 351.42217827844433 180.16072497481946 79.172722998657264 175.9941304125241 146.0615818110964 91.769768453435972 177.09127235139022 350.16088124434464 12.731397586263485 38.617819339910056 3.1981487355660638 317.07498239749111 125.40357071865583 58.171754483773839 68.968578400672413 162.43942190008238 280.94123040128034 2351.9516821920406 24.043309491942637 328.62420642608777 336.89626561745536 55.852365063969046 8.3578958912985382 4.1195018106373018 261.41497162546148 9.2747443861444463 16.052762602630537 3.2772544871550036 3.5763279516249886 385.2107150167576 19.325726460316218 6.3705083343666038 10.960242104600182 772.90075520507526 69.989629150426481 3.6772692569938945 10.01263555861078 10.701063300948588 164.46436131652445 5.1893231684807688 31.843175174901262 4.5096916602924457 101.9827823957894 51.895067715086043 98.617507054819725 257.37819739431143 20.564370966691058 13.880360028008001 14.04699785937555 25.37724684830755 247.73455276503228 14.892475882777942 130.05484581907513
leaf_count=215439 201 1314 50922 551929 384736 12363 33047 2520 83262 4468 16069 35910 22136 488989 277452 10675 11039 995 2845 300 64200 32971 13466 223 9874 15113 313540 5547 41640 1356 475 301 198 17425 832 2324 14 194 121563 2097 964 1377 55330 17512 789 94 134 2188 112 1513 84 8608 20497 24852 61683 5312 2557 1697 6196 47173 6842 38870
internal_value=0.000386695 -0.00354371 0.0227513 -0.00173347 -0.00434552 0.0160227 0.00684929 -0.0020301 -0.00763277 0.0267468 0.0111923 -5.60128e-05 0.0064256 -0.0495306 -0.038288 0.00558926 0.00939374 -0.0328414 0.0183605 0.00288766 0.00808641 0.00331401 -0.0121156 0.0349264 0.00422361 0.000648713 -0.000444541 0.0127844 0.0164297 0.0449996 0.0185652 0.00831576 0.02352 0.00263672 0.0155989 -0.012084 0.028742 0.0319369 -0.00308847 0.00778437 0.00427045 0.000647824 0.00173927 -0.00191936 0.0153082 -0.00719792 -0.0351114 0.0348311 -0.038956 -0.0369198 -0.0543046 0.0305574 -0.00839821 -0.0152301 -0.00624146 0.00138308 -0.0336421 0.00138091 -0.0422089 -0.000699969 -0.0128835 -0.00692316
internal_weight=11866.8 10093.7 1773.06 9712.45 7446.65 1362.67 2265.8 5828.82 1884.86 642.705 222.314 898.62 719.964 381.286 235.225 2184.38 1518.54 42.1532 551.218 819.447 605.831 500.65 183.575 420.391 201.057 3943.96 3663.02 366.64 342.596 410.389 73.4931 698.087 188.985 509.102 270.69 238.412 180.627 176.507 665.839 280.629 967.323 790.232 779.271 3296.38 16.4087 222.36 17.6408 172.931 8.46658 46.3655 36.3529 105.181 944.431 499.854 375.86 305.87 48.4917 27.9274 123.995 444.577 196.842 181.95
internal_count=3154348 3018938 135410 2037058 1786933 133244 250125 1235004 623453 34907 30216 238717 98337 981880 492891 248811 92104 14147 23758 202807 119545 110637 46437 4691 12719 611551 596438 49707 44160 2166 810 47415 3007 44408 18257 26151 2706 2508 156707 35144 68346 57671 56294 546731 1784 23827 335 2314 126 1691 1597 8908 233191 119809 88761 71249 9566 4254 31048 113382 66209 59367
is_linear=0
shrinkage=0.05


Tree=11
num_leaves=63
num_cat=0
split_feature=4 14 18 15 0 3 5 14 5 0 4 3 3 15 18 4 0 23 5 5 6 5 6 6 5 5 5 6 3 18 5 21 15 21 4 4 5 23 23 5 15 23 5 15 0 3 4 18 4 4 19 4 6 23 5 18 6 19 0 23 6 23
split_gain=381.427 384.238 119.187 87.3333 76.3462 54.6939 48.5353 46.963 43.632 40.3807 39.5812 41.2344 33.0002 47.9917 29.3743 27.18 26.8795 33.7313 40.4514 26.0734 26.0474 26.188 25.5035 44.5388 25.3755 25.3514 47.859 25.3105 27.1743 25.2181 25.1296 25.0773 24.9433 23.9324 23.7117 23.2429 23.191 23.0691 25.5392 23.0106 22.9626 22.4081 24.9774 35.6557 25.3249 24.2002 22.2118 22.1156 22.0715 21.9866 21.9521 21.8759 21.5379 21.4666 21.0498 39.228 30.832 22.9505 21.0128 24.3197 21.4824 20.7474
threshold=0.0032229989301413302 1.0000000180025095e-35 0.12249999865889551 0.36500000953674322 3.3746581077575688 2.5249279737472539 0.4479393362998963 0.89587974548339855 0.85076484084129345 2.7140035629272465 0.84952831268310558 5.5778396129608163 4.7664294242858896 0.064999999478459372 0.039230769500136382 0.58270600438117992 2.0080702304840092 -0.55059838294982899 0.5134202539920808 0.51867213845253002 0.7459317445755006 0.65791112184524547 0.71351513266563427 0.72366178035736095 0.65517181158065807 0.83007729053497326 0.7972625494003297 0.78196328878402721 0.89587974548339855 0.035098522901535041 0.81713569164276134 0.11938588693737985 3.9750000238418584 0.21450606733560565 0.6836545765399934 0.12618833035230639 0.5711963176727296 1.4116016626358034 2.3214970827102666 0.51609879732131969 3.9450000524520878 0.45427228510379797 0.80200201272964489 0.024999999441206459 0.97613048553466808 3.8815106153488164 0.72872623801231395 0.051315790042281158 0.49940899014472967 0.6836545765399934 0.63245612382888805 0.77802917361259472 0.72838109731674205 1.2960107922554018 0.765140861272812 0.093073595315217986 0.75254809856414806 0.56594201922416698 1.8986398577690127 0.8805140256881715 0.76105555891990673 0.30640675127506262
decision_type=2 2 2 2 2 2 2 2 2 2 2 2 2 2 2 2 2 2 2 2 2 2 2 2 2 2 2 2 2 2 2 2 2 2 2 2 2 2 2 2 2 2 2 2 2 2 2 2 2 2 2 2 2 2 2 2 2 2 2 2 2 2
left_child=7 2 5 24 6 -2 -5 -1 10 12 11 30 13 41 19 50 25 18 -18 -8 21 31 -16 -24 48 26 54 35 -29 -15 -4 -12 36 -9 -17 -21 -31 -27 -39 -25 -6 45 43 44 -43 -7 -36 -34 61 -11 -13 -32 -45 -23 -14 56 -56 -58 59 -41 -61 -3
right_child=1 3 8 4 40 9 14 33 -10 49 20 15 16 29 22 34 17 -19 -20 27 -22 53 23 39 -26 37 -28 28 -30 32 51 -33 47 -35 46 -37 -38 38 -40 58 -42 42 -44 52 -46 -47 -48 -49 -50 -51 -52 -53 -54 -55 55 -57 57 -59 -60 60 -62 -63
leaf_value=-0.051890382574250396 -0.040570631574504246 0.020285896784406465 -0.0010909262532477278 -0.094668179537379632 0.024032882677693431 -0.015129565602548462 -0.072231450234977831 -0.028747213032451105 0.025326218416906202 0.0084974024463636399 -0.066353650154350421 0.013483526412250122 -0.0071361134384303323 -0.018145624010231259 0.033775130076858194 -0.092377501102363119 0.031217273712588568 0.0024772525659050976 -0.089358658825677506 0.0097879632034196112 0.029488968265950568 -0.092247376633332157 -0.070917239265268869 0.052084398037155866 0.046567206890499063 0.047534935364556413 -0.059385630730273191 0.067245218552527145 -0.070013906010642585 -0.045063678457752471 -0.034210698223937762 0.034816534897644053 0.051992017939862682 0.059609102751846492 0.044707688178944188 -0.079745762457922975 -0.0065336652606422033 -0.070449722752837493 0.053231267031121132 -0.059058983961627468 0.057672603641631563 -0.037541728212697953 0.033717455299329159 -0.0098273423057506793 0.05054483990600106 0.054723954390311108 -0.052424304084274613 0.0022333330928092938 0.0433795403881964 0.053929273762765795 0.053051772677684787 0.048118649024734603 -0.079975710233362848 0.015123537483977451 0.036927630854396654 -0.086142510586300791 -0.032178347314031922 0.040425359990261055 0.014418962019113963 0.041518504962703894 -0.054940762262378331 -0.081592821726225603
leaf_weight=390.43012987219845 110.45806023778277 8.7758208457380551 1107.6895364287629 9.783973499957936 89.271149587933905 16.243475460505579 12.041292759473434 15.12583682217519 290.95142422532081 247.92661032517208 6.6048371959477654 438.75990129401907 3147.6363236921607 1204.0449305439834 169.91741922392976 9.5347946698311734 9.7472033079247939 1568.5094670120743 20.134778316831216 190.8664269130677 226.21659114403883 12.110914443619551 14.854629582434425 36.349969587172382 390.13393555616494 38.695956807292532 41.984389615012333 3.525416643475185 19.928895675751846 42.792589168704581 91.533380005974323 31.121723321848549 29.863622809178196 13.691341833356999 11.554638332570905 6.5387872414430595 366.51643180678366 9.6847469329368305 5.938432681374251 20.943414703942835 123.9823299049167 11.403332724003119 36.032800753077026 21.802923145587556 23.34527685190551 46.794292976614088 10.080472035333512 81.120429236267228 15.971515011508016 28.929719369043596 37.298434518277645 7.9692316231084979 21.632757493294775 6.8301816734019658 86.494258046033792 8.520777471829204 37.198437771119643 14.271734409499912 506.45467220956925 17.935546023421924 7.3366370202274984 9.6942613100400177
leaf_count=982502 170567 116 189948 1316 1305 2414 2039 8048 22877 23577 997 17704 757578 550972 4100 970 806 138360 2473 11180 10072 2490 1037 798 1939 2341 8711 100 1676 15341 21615 1238 3439 3086 368 259 102861 2155 232 2282 515 3647 3898 4885 989 1986 1023 22200 116 352 619 407 5956 704 8572 1660 7142 1196 16081 421 503 324
internal_value=-0.000584467 0.00116705 -0.00268147 0.0234092 0.0166351 -0.00581086 0.0109052 -0.0473514 0.00726967 -0.00526958 0.00462798 0.00176341 -0.00602243 -0.0116257 0.0120242 0.0137114 -0.00388474 0.00145993 -0.0502907 -0.00353226 0.0219213 -0.0082762 0.016705 0.0118539 0.0429441 -0.00640413 -0.00695892 0.000521925 -0.0474763 -0.0141728 -0.003264 0.0158485 -0.00496193 0.0138231 -0.0308604 0.00643529 -0.0106619 0.0271795 -0.0230639 0.014058 0.0437684 0.0130935 -0.000179015 -0.0160294 0.0213962 0.036769 -0.000865787 0.0159671 0.00174803 0.0134217 0.0166883 -0.0272037 -0.0457777 -0.0547125 -0.00627291 0.0121979 0.0188477 -0.0116599 0.0114674 -0.0204975 0.0124906 -0.0346308
internal_weight=11639.5 11220.3 9565.98 1654.31 1229.73 7277.72 1016.48 419.247 2288.26 7167.27 1997.3 1714.42 6890.41 1901.59 1006.69 507.228 4988.82 1598.39 29.882 232.901 282.884 56.6677 773.792 603.875 424.576 3390.43 3336.11 220.86 23.4543 1724.34 1207.19 37.7266 520.293 28.8172 31.1699 197.405 409.309 54.3191 15.6232 589.02 213.253 177.255 114.217 78.1843 34.7486 63.0378 21.6351 110.984 34.4416 276.856 476.058 99.5026 43.4357 18.9411 3294.12 146.485 137.964 51.4702 552.67 46.2156 25.2722 18.4701
internal_count=3155085 2161449 2115342 46107 43612 1844310 41792 993636 271032 1673743 248155 232654 1649814 718588 40476 20684 931226 141639 3279 15254 15501 5429 25222 21122 2495 789587 784859 13215 1776 694813 211970 2235 143841 11134 2361 11439 118202 4728 2387 20085 1820 23775 19375 15477 4636 4400 1391 25639 556 23929 18323 22022 10841 3194 776148 18570 16910 8338 19287 3206 924 440
is_linear=0
shrinkage=0.05


Tree=12
num_leaves=63
num_cat=0
split_feature=14 3 4 3 18 3 4 5 1 21 1 3 7 14 1 6 5 4 17 21 5 1 4 23 21 4 3 23 15 1 6 21 17 6 3 6 4 21 18 23 13 15 4 5 6 23 23 5 4 5 4 5 6 17 23 23 3 1 1 5 23 15
split_gain=420.9 316.313 130.08 94.0596 89.7863 60.3325 56.4713 45.0539 43.0772 32.1369 35.6762 31.7081 31.2153 28.746 28.3257 25.945 27.6136 24.0819 31.2427 32.6411 33.0785 26.0142 25.9956 33.2151 23.6946 23.4559 23.0456 22.8911 24.7245 40.1394 29.7254 26.4694 23.2671 32.5154 29.6234 27.2947 24.2075 31.6896 26.9571 25.8805 21.579 22.5181 33.9032 26.6964 20.8563 20.7695 20.5146 20.419 24.7935 23.3573 20.3213 20.8119 20.3073 28.03 24.36 19.8061 19.7812 20.7313 20.4621 19.758 19.7492 19.7391
threshold=1.0000000180025095e-35 1.4978661537170412 0.17507553845644 3.8606742620468144 1.0000000180025095e-35 5.5587549209594735 0.24272290617227557 0.765140861272812 5.4909996986389169 0.11417678371071817 8.540812015533449 6.6707012653350839 1.0000000180025095e-35 1.4978661537170412 9.5092220306396502 0.74656322598457348 0.72379714250564586 0.0038634915836155419 0.097619049251079573 1.0484281778335574 0.56816917657852184 4.1971738338470468 0.055481048300862319 1.5436871051788332 0.29084998369216924 0.26223997771739965 5.6750385761260995 1.7288873195648196 0.12499999627470972 10.570175647735597 0.73419269919395458 0.65246710181236278 0.65108695626258861 0.76105555891990673 5.1269311904907235 0.69782575964927684 0.54721674323081981 0.12460269778966905 0.32738095521926885 1.4598551392555239 1.0000000180025095e-35 4.4949998855590829 0.18984656780958178 0.77195149660110485 0.76036715507507335 0.40649533271789556 1.3882962465286257 0.77367371320724498 0.57203909754753124 0.60206317901611339 0.10334987938404085 0.80519497394561779 0.80214920639991771 0.10172414034605028 1.3630332946777346 1.653209447860718 4.8322978019714364 6.9339101314544687 7.2872183322906503 0.54653093218803417 1.5124263763427737 0.36500000953674322
decision_type=2 2 2 2 2 2 2 2 2 2 2 2 2 2 2 2 2 2 2 2 2 2 2 2 2 2 2 2 2 2 2 2 2 2 2 2 2 2 2 2 2 2 2 2 2 2 2 2 2 2 2 2 2 2 2 2 2 2 2 2 2 2
left_child=1 -1 3 7 5 12 9 17 -8 -6 61 27 -3 -5 -13 16 59 -2 -19 20 21 -20 23 -22 25 -18 -12 28 29 30 60 -32 33 34 56 46 37 39 -39 52 41 42 -14 -44 -37 -42 -36 49 -49 -38 -9 -52 53 -35 -55 -41 -30 -58 -59 -7 -10 -11
right_child=2 4 -4 13 6 15 8 50 11 10 26 14 40 -15 -16 -17 24 18 19 -21 22 -23 -24 -25 -26 -27 -28 -29 32 -31 31 -33 -34 36 35 44 47 38 -40 55 45 -43 43 -45 -46 -47 -48 48 -50 -51 51 -53 -54 54 -56 -57 57 58 -60 -61 -62 -63
leaf_value=-0.053041348704172167 -0.042504697138115478 -0.023752659660131847 0.045642474772995156 0.023679925927600445 -0.0083780978822764595 -0.013671642443813338 0.022187288690038276 0.015926152384583663 -1.7217142336739585e-06 -0.015047375174042891 -0.045394291916615703 0.044078962417346726 -0.020396508033334839 0.058499812092634634 -0.083435039290559176 0.014614490975833781 -0.062372101256564595 0.011761155825947124 0.042295958775766467 0.070908328125908443 -0.086149580963060884 -0.036219005298977557 0.0014452936480083669 0.0086624495151458817 -0.078414534243735623 0.015110852130247959 0.01539171229189424 0.017061328364937702 -0.00064786402588173139 -0.011991206976558861 0.024641924710556172 -0.032801397005828098 0.051080710610384696 0.0046837648487437298 0.00096937154597842112 0.010720989097661756 -0.060476306900425339 -0.050196318542477615 0.019032727419223922 -0.086431582213034958 -0.030934886873740488 -0.00072215527855638817 -0.0052151470086564226 -0.046324724363487141 0.06309967357516752 0.018600636227767874 -0.034278123155351441 0.043124991239194999 -0.064289754968933452 0.025876688397870468 0.020898737638366235 -0.1017461622659027 0.021526709787189239 -0.073672791485998576 0.018718584921818958 0.0053763346723689678 -0.084871770201199084 0.035875361522049357 -0.030670814926060708 0.0036865406311115696 -0.087599383024189376 0.0085059348371203936
leaf_weight=318.77357538427168 57.804490486159921 466.59814838640159 449.04460933746304 628.25930561340647 1487.5111781521118 214.06486468570074 381.66439836513018 301.89545193538652 146.36391843814636 98.807886277791113 56.818282103718957 68.946958140702918 872.8768877236289 65.172182265669107 3.7362888209754592 279.87382906314451 14.137008462916127 116.31524580717087 21.34334261942422 7.4816678060451514 44.850169987126719 19.003384702955373 18.131358836311847 11.352392674249129 19.866722438193392 26.738902437849902 20.77808683202602 263.62945185304852 126.06981692806585 177.73690866294783 407.50995262776269 20.249259076663293 19.005480601510499 64.856000313942786 150.07703503011726 510.94775953213684 7.7686288913828312 108.54176511964761 15.601622187532483 16.139815398841169 25.021967747656163 448.31858914066106 961.54468062031083 40.212117835879326 18.801011811592616 113.32634163211333 55.916541098442394 6.7493746417458196 17.577583411592059 75.80910920293536 5.8184642593841982 6.6085497608873993 59.971769698138814 26.40518486185465 9.1735665388405305 8.7681089518591744 13.951652933610601 12.765718397335148 74.670584460895043 688.57639442797517 5.7302240648423313 822.39430500904564
leaf_count=921634 82689 302740 2725 10746 356187 42400 9299 15122 19492 15425 32513 1418 365087 192 218 27829 2761 11862 614 71 8060 2209 446 595 3392 2386 2383 28037 41337 24619 21715 3401 1076 9314 21403 41553 1262 17823 1271 2199 4573 136215 252273 9469 428 15320 8631 640 3691 7389 50 151 5530 6036 543 1097 1870 1047 19707 110881 1058 113335
internal_value=-0.000108559 -0.00412613 0.0224575 0.0144449 -0.00248499 -0.00798559 0.00179512 0.000129565 0.00656598 -0.00372226 0.00321312 0.00416696 -0.011903 0.027032 0.0364807 0.00124208 -0.00265388 -0.0138356 -0.00673803 -0.0243043 -0.0310751 0.00533368 -0.0506455 -0.0671818 -0.0350037 -0.0125363 -0.0291288 0.00318209 0.00147877 0.0087483 0.0151151 0.0218525 -0.00245969 -0.00323319 0.00182032 0.00669635 -0.0148723 -0.0219648 -0.0414134 -0.0087836 -0.00964785 -0.0107909 -0.0131971 -0.0069099 0.0126953 0.00948383 -0.00871787 0.00548291 -0.0339621 0.01723 0.0132953 -0.0470427 -0.00128623 -0.0149863 -0.0499903 -0.0551532 -0.0139121 -0.0302379 -0.0206593 -0.000440594 -0.00385264 0.00596604
internal_weight=11604.5 9851.38 1753.08 1304.04 9532.6 4171.16 5361.45 610.605 2875.14 2486.31 998.799 2493.47 2927.9 693.431 72.6832 1243.26 963.384 296.282 238.478 122.162 114.681 40.3467 74.3339 56.2026 60.7426 40.8759 77.5964 2420.79 2157.16 757.59 579.853 427.759 1399.57 1380.56 963.2 735.742 417.363 309.458 124.143 185.314 2461.3 2322.95 1874.63 1001.76 529.749 138.348 205.994 107.905 24.327 83.5777 314.322 12.427 160.407 100.435 35.5788 24.9079 227.458 101.388 87.4363 902.641 152.094 921.202
internal_count=3155439 3019907 135532 132807 2098273 1275326 822947 121869 303104 519843 163656 293805 1085677 10938 1636 189649 161820 106546 23857 11995 11924 2823 9101 8655 8539 5147 34896 292169 264132 70285 45666 25116 193847 192771 135976 72015 56795 43813 19094 24719 782937 763044 626829 261742 41981 19893 30034 12982 4331 8651 15323 201 21423 15893 6579 3296 63961 22624 20754 153281 20550 128760
is_linear=0
shrinkage=0.05


Tree=13
num_leaves=63
num_cat=0
split_feature=9 3 15 18 3 4 15 14 1 1 17 4 5 4 15 1 15 4 18 6 17 4 4 6 1 18 3 19 4 1 5 21 4 19 3 3 5 2 6 3 23 21 17 2 21 15 3 11 2 2 6 18 3 5 6 15 21 23 4 4 1 21
split_gain=396.318 302.302 114.709 91.257 78.8128 52.789 41.2123 39.8396 36.2631 35.454 31.5338 27.6803 29.4156 30.5793 26.4784 43.9332 25.8822 28.1128 25.6101 25.4225 23.446 31.1246 26.7457 27.484 28.8125 28.8501 24.394 23.2399 28.2701 25.0883 23.118 23.0223 22.288 21.3875 28.593 30.8492 32.3529 24.5452 21.3088 24.9534 32.7582 20.7891 31.1819 31.1595 30.983 27.6049 42.1438 26.1905 22.7569 22.4763 22.3958 21.7166 28.0203 25.3904 21.4657 20.275 48.7324 22.0948 21.9304 29.5421 20.1877 24.1347
threshold=1.0000000180025095e-35 2.0126758217811589 0.36500000953674322 1.0000000180025095e-35 4.610145330429078 0.0010634057107381525 0.62500000000000011 1.2424533367156985 6.8238298892974862 7.5430085659027108 0.47213622927665716 0.78932374715805065 0.61778950691223156 0.65740561485290538 0.62500000000000011 9.3017797470092791 0.19500000029802325 0.42030042409896856 0.30217391252517706 0.73351782560348522 0.10620300844311716 0.0079813776537776011 0.12864215672016147 0.78196328878402721 5.2176458835601816 0.039230769500136382 5.7853612899780282 0.15587044507265094 0.18984656780958178 5.4049246311187753 0.57855078577995311 0.59488791227340709 0.011285252403467895 1.0000000180025095e-35 4.0342013835906991 5.7698712348937997 0.86049753427505504 3.1567740440368657 0.70986375212669384 5.4722616672515878 1.5737404227256777 0.49181233346462255 0.037749288603663451 6.7725079059600839 0.43116039037704473 0.044999999925494201 4.7833075523376474 1.0000000180025095e-35 5.7349567413330087 6.4746618270874032 0.7459317445755006 0.20344828069210055 4.1510088443756112 0.87351205945014965 0.67234274744987499 2.3249999284744267 -0.47764481604099268 -2.8498268127441402 0.15712653100490573 0.11114996299147607 7.2872183322906503 0.37725751101970678
decision_type=2 2 2 2 2 2 2 2 2 2 2 2 2 2 2 2 2 2 2 2 2 2 2 2 2 2 2 2 2 2 2 2 2 2 2 2 2 2 2 2 2 2 2 2 2 2 2 2 2 2 2 2 2 2 2 2 2 2 2 2 2 2
left_child=1 14 -2 4 60 -4 8 10 18 11 55 12 -6 16 15 -1 17 -14 33 38 22 -22 23 24 -8 -26 31 29 -29 -21 -20 -27 -12 34 37 -36 -37 -5 39 -18 -41 44 43 47 45 -10 51 50 54 -50 -43 52 -47 -53 -44 56 -7 -57 59 -58 61 -3
right_child=2 3 5 6 9 7 20 -9 41 -11 32 -13 13 -15 -16 -17 19 -19 30 27 21 -23 -24 -25 25 26 -28 28 -30 -31 -32 -33 -34 -35 35 36 -38 -39 -40 40 -42 42 48 -45 -46 46 -48 -49 49 -51 -52 53 -54 -55 -56 57 58 -59 -60 -61 -62 -63
leaf_value=0.020217778093317231 0.044122054385908077 -0.019914861399184178 -0.041599315920643663 0.059371611580055654 0.010079491157686192 -0.050358712539417497 0.013699178739745905 0.041322335808434613 0.024711434332092802 -0.008268057360651667 -0.016849240401435612 0.03277389843158602 -0.074329590910213891 -0.090407883359099495 -0.062521390759175705 -0.045063656108034339 0.0073899077196133553 0.03363080795133172 -0.08180825632337152 0.029576945650026661 -0.038192523628359135 0.0037631263677558959 -0.038902923766300584 -0.02949628283030651 0.0048608698989815111 -0.010859177892027283 -0.059468124573857854 -0.019657447785619744 -0.069971862279858563 -0.02314493520084622 0.030951211794490469 -0.074938702146142178 0.053529813053364322 0.012604454204476449 0.010209417795752389 -0.057705409956739 0.067461474350121689 -0.07032044194698199 0.017742922945473177 -0.055617544092499666 0.020220390609104012 0.012707390339895298 0.017658160390348832 -0.087541284169850214 0.024854669980408705 0.004145161024134216 0.0039488525810883451 0.074141774432029309 0.0038759887715846767 -0.042622063305522685 -0.050420103836579716 -0.062951079303857377 -0.027371237758959163 0.035829711547890587 -0.05087563076134724 -0.08763894316576229 0.004879217121538635 0.016413097971847004 0.032988173103220143 -0.071627265921685113 -0.028091681682986525 0.008542475079152078
leaf_weight=29.615814569639042 426.0238214173005 298.92563187488122 39.968539755151141 3.5075741538312313 463.28548882558243 39.768439678591676 180.78225406398997 138.83802753966302 117.01691091863904 2057.8872981791501 12.873275796824599 71.196454412594903 5.7275485815480343 9.7562381863826868 172.79903148062294 174.45319568246487 82.670571427617688 61.820006940397434 3.7216244392329818 36.690953185665421 45.57770756573882 867.0324824709096 70.905332660418935 118.46615212690085 227.83441722381394 317.14070080287638 31.145892395521514 96.54085113236215 39.037591859698296 55.234865325677674 191.57400924211834 13.71296763489954 70.185501559637487 834.71667380398139 187.77561198017793 32.252579858643003 5.2439128926489493 23.304737075697631 112.14230630098609 47.30737369711278 19.578340762876906 122.02681299566757 12.895651004393583 7.1993227745406321 153.1377836734755 147.18096850486472 1202.5247819885844 14.512143790314438 99.125507826451212 34.157574895420112 14.870841705589553 39.521976524032652 134.00809177767951 7.0730936323525375 76.25706874782918 4.162125328264664 250.96973391881329 702.53438022304908 66.570801477879286 12.283223639708011 487.49098812779994 98.493221086682752
leaf_count=16844 2478 139330 75573 35 61112 5226 24167 1521 6228 621125 865 2919 1452 1409 540666 424916 16432 2961 444 1828 26561 129859 15457 34165 61255 100026 5506 18500 5507 9513 6347 3794 568 40347 12665 1845 11 5268 13151 5928 1194 20762 2209 1635 14418 40528 136902 559 15498 6088 4220 11986 42422 338 24999 513 18096 29724 657 492 305394 33447
internal_value=-0.00025105 -0.00419493 0.0215507 -0.00242829 -0.00809264 0.0143372 0.00186488 0.0160901 0.00509529 -0.00439492 0.0130353 0.00284539 0.000746439 -0.00689038 -0.0480425 -0.0355372 -0.00526739 0.0235257 0.0117653 -0.00928293 -0.00410969 0.00162826 -0.00956048 -0.00717931 -0.00371476 -0.00906623 -0.0178209 -0.0214687 -0.0345509 -0.00200987 0.0283966 -0.0137329 0.0425511 0.00875336 -0.00399803 0.00189886 -0.038903 -0.0518295 0.00135196 -0.0109747 -0.0334479 0.00117165 -0.00942317 0.00748992 0.00341789 0.00141123 -0.000385427 0.0125532 -0.0214627 -0.00826912 0.00553411 -0.01625 -0.0109186 -0.0475185 -0.0408765 0.0107202 0.00122497 0.0156773 0.00757809 0.00105192 -0.0212726 -0.0128585
internal_weight=11521 9756.86 1764.18 9379.99 4043.79 1338.15 5336.2 1298.19 3463.61 3158.88 1159.35 1100.99 1029.79 566.507 376.868 204.069 556.75 67.5476 1282.1 489.203 1872.6 912.61 959.988 889.082 770.616 589.834 362 227.504 135.578 91.9258 195.296 330.854 83.0588 1086.8 252.084 225.272 37.4965 26.8123 261.699 149.556 66.8857 2181.51 381.045 158.609 1800.46 1647.33 1530.31 151.41 222.436 133.283 136.898 327.784 281.189 46.5951 89.1527 1076.29 369.592 706.697 329.824 263.253 884.91 397.419
internal_count=3155885 3020172 135713 2037746 1241202 133235 796544 57662 395754 763031 56141 141906 138987 77875 982426 441760 76466 4413 66962 72053 400790 156420 244370 228913 194748 170581 109326 35348 24007 11341 6791 103820 1433 60171 19824 14521 1856 5303 36705 23554 7122 328792 75970 27176 252822 238404 232176 25541 48794 21586 24982 95274 82950 12324 27208 54708 24471 30237 19245 18588 478171 172777
is_linear=0
shrinkage=0.05


Tree=14
num_leaves=63
num_cat=0
split_feature=3 9 7 15 5 0 3 3 18 15 3 15 15 6 15 5 0 6 3 6 5 17 15 17 3 5 0 0 23 3 1 23 3 8 6 18 1 17 6 0 0 0 14 3 15 3 5 5 5 0 17 18 6 15 6 6 17 6 6 3 3 1
split_gain=332.567 299.866 108.24 104.071 86.6301 65.773 53.7153 36.5352 32.4751 30.8115 32.2404 28.5466 27.8196 34.911 46.141 27.0279 25.2927 27.9012 23.9278 22.8864 29.4247 22.7558 22.2794 28.0041 22.0804 21.9812 21.5456 26.9523 24.7953 21.396 26.3157 21.3942 29.2206 38.0926 37.2335 23.7404 21.0406 33.7455 21.0081 20.0595 19.9196 20.108 19.5307 38.6984 19.3732 19.3095 19.0183 18.9925 22.0803 18.9598 18.9374 17.9916 22.0886 19.2173 17.9189 17.6888 27.6369 17.3238 18.9871 17.2584 17.1407 19.0276
threshold=1.0000000180025095e-35 1.0000000180025095e-35 1.0000000180025095e-35 0.35500000417232519 0.765140861272812 2.814919233322144 4.8402345180511483 3.3140207529067998 1.0000000180025095e-35 0.054999999701976783 4.0342013835906991 0.21499999612569812 1.9049999713897707 0.77284198999404918 0.88499999046325695 0.85076484084129345 1.6627240180969241 0.78360220789909374 3.9219243526458745 0.77718642354011547 0.66073873639106762 0.56594201922416698 4.0150001049041757 0.18898809701204303 3.7012257575988774 0.80827856063842785 2.6039456129074101 3.1131258010864262 0.98928627371788036 4.7405652999877939 4.5053346157073983 1.6074130535125735 5.3867835998535165 1.0000000180025095e-35 0.83062571287155162 0.43095238506793981 6.351757526397706 0.22902098298072818 0.8080076575279237 2.4820864200592045 2.6372883319854741 1.278465270996094 0.89587974548339855 2.1383330821990971 2.3950001001358037 4.8481087684631357 0.84464752674102794 0.53476160764694225 0.5408538579940797 0.65844118595123302 0.35504202544689184 0.26006440818309789 0.70394054055213939 0.054999999701976783 0.81319922208786022 0.80099517107009899 0.47213622927665716 0.77566984295845043 0.77797430753707897 5.6002705097198495 6.0447778701782235 8.8275413513183612
decision_type=2 2 2 2 2 2 2 2 2 2 2 2 2 2 2 2 2 2 2 2 2 2 2 2 2 2 2 2 2 2 2 2 2 2 2 2 2 2 2 2 2 2 2 2 2 2 2 2 2 2 2 2 2 2 2 2 2 2 2 2 2 2
left_child=-1 2 7 -3 6 -5 11 8 -2 -6 -11 18 13 24 -15 31 19 57 -4 45 -21 -9 23 29 -7 51 -19 28 -28 30 38 32 33 35 -35 39 37 -20 -13 -12 41 -33 43 -14 49 -8 54 -32 -49 -27 -39 52 -10 -53 -34 -25 -57 -18 -59 -16 -47 -62
right_child=1 3 4 5 9 12 16 21 25 10 15 22 42 14 59 -17 17 26 36 20 -22 -23 -24 55 -26 44 27 -29 -30 -31 47 40 46 34 -36 -37 -38 50 -40 -41 -42 -43 -44 -45 -46 60 -48 48 -50 -51 -52 53 -54 -55 -56 56 -58 58 -60 -61 61 -63
leaf_value=-0.053209696659048393 -0.051141387205357908 0.042727283280683426 0.022680471877650165 0.0048220751222216116 0.04497924501518772 0.052935445024817743 0.024221736840129158 -0.01207616104251244 -0.0014269703408609649 -0.008111998285210132 0.0024977939523541663 0.007130067589081056 -0.087714688139832062 0.017321277087775071 -0.065485368339871813 0.026638103213700942 0.0019261117186735292 0.018939193032708166 -0.075256222966827047 -0.00068626159193401089 -0.051110715913282638 0.040131068793398443 -0.0015694828718104848 -0.01120442505939954 -0.057834546207652882 -0.053542153423152286 -0.0042172380315840348 0.038079137389916931 -0.084068381851149634 -0.0036542869971945315 -0.048353218041452761 -0.086094677989961468 0.017787892254264456 -0.058679427969339476 0.036944085647820722 -0.060258494286981074 0.0013130390625270419 0.037006633104736411 -0.081235943433636895 0.027502553986840508 -0.091923367186147353 -0.00018567407704825727 0.046868277018122247 0.028058917186060146 -0.051467866346803497 -0.006061514590097729 -0.081724069114252437 0.028073409003786371 -0.02456028042763278 0.0088032524597775556 -0.081391303405928428 0.038260497134431838 -0.065992011187215552 -0.055547115557042163 0.046366868313826748 0.023516419859571987 -0.051947288243351944 -0.064998310844277124 -0.0080736865464677478 0.049331268785258287 -0.018609493259968541 0.016002966297838882
leaf_weight=284.89059448099579 120.25620337385044 404.94985042163171 110.71115798794199 804.73069358529756 63.558972600090783 45.324244113871828 62.407688708859496 735.85711778860423 17.696166492562043 215.13204821452382 235.1190698214923 97.141415007266914 6.5581014410126945 60.887465770822018 31.112985206709709 273.24565852188971 2595.303338771977 387.02574755460955 23.637892260099761 58.041737614548765 56.739892227924429 20.524498664774001 394.67776541854255 173.11591628831229 4.1617837669327846 12.789526762149761 24.568517708336003 16.596257152268663 15.210914673982186 184.86279467307031 82.996364032034762 6.3459672831231719 239.82454327651067 41.188312216196209 12.659507639356887 11.084846491692586 221.51142263156362 15.42770940018818 6.2210349073866373 120.91643174365163 6.3310156647348768 93.648806950019207 179.03831632831134 182.61966833821498 19.135106020097737 1361.5208741638344 3.3229508595541111 19.791633609100245 616.69873976358213 104.47862514993176 3.2701648438815019 13.297160497051665 52.223002160404576 7.834095224941847 71.252313842298463 97.435147685057018 12.884603299142325 18.123915316187777 64.188958875020035 2.9181090686470261 49.688020001107361 183.5825901114149
leaf_count=839202 216618 2402 8253 57439 1262 852 3181 284696 16325 38711 44869 22968 1288 921 2503 11224 320301 29237 2524 7959 11969 2570 122845 48868 149 9040 1128 220 1102 59740 45017 1456 11858 5811 311 1186 50777 343 2637 5871 478 9906 1412 2398 31858 364527 309 5446 274505 47564 238 1219 56982 8580 1703 13781 3262 3355 7304 6 5378 19414
internal_value=4.0828e-05 0.00140321 -0.00209411 0.0205847 -0.000147238 0.0137509 -0.00242802 -0.0167991 -0.0301969 0.0112261 0.00958057 -0.00919817 0.0277311 0.00905054 -0.00873319 0.0129986 0.000424106 0.0031325 0.00328059 -0.00434531 -0.0258387 -0.0106084 -0.011971 -0.0151469 0.0426586 -0.018948 0.0147351 -0.0139537 -0.0360636 -0.0190488 -0.0224987 0.00854438 0.011576 0.00294721 -0.0359348 0.0087324 -0.00491456 -0.0367774 0.00108418 0.0110431 -0.0123355 -0.0064362 0.0350128 0.0236053 -0.00615762 -0.00284194 0.0230837 -0.0258834 -0.0228822 0.0016085 0.0132187 -0.0378343 -0.0499015 0.00254427 0.0244615 -0.00125615 0.0143153 0.00120638 -0.0212373 -0.0545129 -0.00391552 0.00858234
internal_weight=11458.3 11173.4 9451.1 1722.3 8347.01 1317.35 6953.38 1104.09 347.71 1393.63 1330.07 2060.38 512.621 144.405 94.9186 1114.94 4893 3121.02 374.558 1771.98 114.782 756.382 1685.83 1291.15 49.486 227.454 443.401 56.3757 39.7794 1007.71 822.849 841.694 735.368 420.968 53.8478 367.12 263.847 42.3358 103.362 356.036 106.326 99.9948 368.216 189.178 136.403 1657.2 314.4 719.487 636.49 117.268 18.6979 91.0504 69.9192 21.1313 311.077 283.436 110.32 2677.62 82.3129 34.0311 1594.79 233.271
internal_count=3155258 2316056 2246686 69370 1571234 66968 1436279 675452 388186 134955 133693 661204 9529 4431 3430 94982 775075 362647 62135 412428 19928 287266 599069 476224 1001 171568 31687 2450 2230 410313 350573 83758 71918 58048 6122 51926 53882 3105 25605 50740 11840 11362 5098 3686 88462 392500 13870 324968 279951 56604 581 83106 73307 9799 13561 65911 17043 330960 10659 2509 389319 24792
is_linear=0
shrinkage=0.05


Tree=15
num_leaves=63
num_cat=0
split_feature=4 9 4 7 15 20 6 1 15 23 8 14 23 14 23 5 5 2 5 5 2 15 17 23 23 6 1 4 23 15 2 6 4 23 5 5 5 15 2 17 14 11 1 6 4 2 17 19 6 4 19 1 23 5 4 13 17 19 19 4 2 23
split_gain=311.682 273.439 104.368 78.9409 76.8177 53.7405 50.6714 50.0443 45.1502 42.7527 37.1625 34.0481 31.3962 29.7341 29.4282 28.7617 26.3517 26.171 35.9001 38.8268 26.3984 38.682 27.0775 25.6991 25.2283 33.5374 25.1141 24.9829 24.3684 23.4795 29.9745 23.0678 23.2133 22.5924 35.522 26.7099 23.5293 29.9972 23.1684 22.056 33.0591 31.4607 21.9933 25.2567 20.955 20.695 20.4584 20.4436 35.3655 20.2647 20.1012 21.7199 21.0674 19.7689 62.0112 19.731 19.4195 19.4193 21.0137 19.1692 19.1215 19.7975
threshold=0.0013219422544352712 1.0000000180025095e-35 0.18984656780958178 1.0000000180025095e-35 0.39499999582767492 1.0000000180025095e-35 0.73029565811157238 4.1971738338470468 0.064999999478459372 0.34939260780811315 1.0000000180025095e-35 1.7005987167358401 1.6074130535125735 1.2424533367156985 1.653209447860718 0.78902491927146923 0.87620034813880932 9.3890171051025408 0.85882163047790538 0.78049826622009288 9.1750750541687029 7.1250000000000009 0.44222222268581396 1.2214001417160036 0.19774170219898227 0.74656322598457348 10.314818859100344 0.012780504766851665 -0.67647483944892872 2.6750000715255742 6.7861523628234872 0.84122383594512951 0.12618833035230639 0.34939260780811315 0.68427595496177684 0.65239495038986217 0.73578414320945751 7.1349999904632577 7.0233135223388681 0.13714733719825747 1.2424533367156985 1.0000000180025095e-35 8.623263359069826 0.75970444083213817 0.013528511859476568 5.8902609348297128 0.13484849035739901 0.59545454382896434 0.78952169418334972 0.01007167808711529 0.32738095521926885 7.3482656478881845 1.1607641577720644 0.64414915442466747 0.49940899014472967 1.0000000180025095e-35 0.36754386126995092 0.2709790319204331 0.74166667461395275 0.0083849639631807821 6.140960931777955 -0.35047024488449091
decision_type=2 2 2 2 2 2 2 2 2 2 2 2 2 2 2 2 2 2 2 2 2 2 2 2 2 2 2 2 2 2 2 2 2 2 2 2 2 2 2 2 2 2 2 2 2 2 2 2 2 2 2 2 2 2 2 2 2 2 2 2 2 2
left_child=13 3 5 8 6 11 14 12 26 24 16 17 44 -1 15 23 29 18 19 20 33 22 -22 -5 47 -26 -2 -23 -20 -9 -31 32 -11 34 35 38 37 -35 60 40 -21 -41 -12 -44 -6 -28 -16 48 -8 -7 -32 56 -53 54 -4 -25 -52 -40 -59 -19 61 -3
right_child=1 2 53 4 7 49 9 10 -10 31 42 -13 -14 -15 46 -17 -18 59 28 39 21 27 -24 55 25 -27 45 -29 -30 30 50 -33 -34 36 -36 -37 -38 -39 57 41 -42 -43 43 -45 -46 -47 -48 -49 -50 -51 51 52 -54 -55 -56 -57 -58 58 -60 -61 -62 -63
leaf_value=-0.050938183698504884 0.027022331124290106 0.016236835445157066 -0.10140775131791389 -0.0057785876477571734 -0.021306082794757122 0.0020078967080036591 0.0032026726383440427 -0.018216276603324397 -0.021062567797703338 -0.057027277965041402 0.0011663271746749401 0.055806258349514887 0.03497461605160699 0.06196103532332603 -0.031094116765245868 0.034712627248648424 0.028538285778125429 -0.020208880302777642 -0.08589957568651313 -0.093981189520226036 -0.10686852668708331 0.042183614596042592 0.04998050772321902 0.0081101535642843364 0.0089545717562853396 -0.060910775869246807 -0.01727682543657956 -0.089740359991386576 0.031335915488890365 0.039522675621590821 -0.01571081647424696 0.030372307700201828 0.01042751935411128 0.0068998684690966929 -0.062342552627132591 0.035489545345187827 0.038699825605826431 -0.087515050009823347 0.019835530382969008 -0.07155641528578506 0.048583063095934048 0.022977794958564366 -0.01759048402988583 0.017367401832701582 0.0075245595625135558 0.029882192750193555 0.011476131817629513 0.048165694241213974 -0.076203771537576181 0.032614575047758047 0.01197848738721243 -0.0075337135522869541 -0.061872344609684431 0.044388226185544659 0.049172148646283137 -0.069634511561011858 -0.070441516880743058 -0.063427450076205233 0.057282477308998284 0.026353006236913043 -0.089397121539197433 -0.077614568828672972
leaf_weight=316.09781700922758 78.174181396549102 15.653867988992717 8.9610494150547328 1084.7372443372733 73.630754613201134 64.738610561005771 108.36772337049479 1050.0194907260011 798.86009629411274 11.865773548255673 1230.3517749714665 31.362550074001774 90.860656737058889 5.1357823392318087 130.19193938013632 56.746232092846185 37.754619998973794 24.841996771399863 3.6970795404631636 25.600970956962559 18.008576231426563 14.6727590468945 2.6134427725337437 599.27957023336785 26.616183439269662 46.28084447234869 116.42425076640211 3.6688575798179945 96.901590220280923 32.122552452288801 483.07332889799727 149.05797248217277 1828.7573908208869 222.19773170806002 28.40297239163192 34.799963649362326 58.288128530373797 7.7436470543034366 48.676027945184615 13.53447928407695 4.1593128736130884 21.459290994447656 340.14215966709889 60.062824279651977 404.77921574399807 28.05526169098448 35.389649837161414 18.381589079042897 15.094345621997489 331.77943967457395 221.86062869778834 130.043433947023 19.750420381198637 381.63318542335765 20.803291858639568 7.2820594569202504 6.3973246412351719 15.537068238540089 3.7679538319353005 161.1281497629825 14.126889118691905 7.5461190673522642
leaf_count=914180 12011 2284 374 224131 18273 3581 12298 414687 534679 3704 153910 143 4353 1396 34546 3083 3065 1026 262 1757 764 178 10 84257 3432 7946 62592 144 1214 6884 164545 5130 167103 14803 4688 2564 1427 704 5101 843 22 460 100708 9252 33007 2329 5337 900 2108 3754 46187 46564 10331 2095 109 3859 1510 2129 42 1378 4591 1495
internal_value=-0.00047633 0.000942601 0.019464 -0.00241013 -0.000794913 0.0123797 0.00405164 -0.0055685 -0.0155187 0.00921749 -0.00774035 0.00546954 0.00819964 -0.0489465 -0.00190092 1.26572e-05 -0.0123401 0.00354213 -0.00112755 -0.00607501 -0.00128357 -0.0402533 -0.0855987 -0.00117142 -0.0119369 -0.0356255 0.00437725 0.0125196 0.0262243 -0.0131486 -0.00717783 0.0115055 0.00996194 0.00212153 -0.0123777 -0.00187875 0.0106119 0.00335511 -0.0144451 -0.042177 -0.0731247 -0.0145572 -0.00214776 -0.0123138 0.00305213 -0.00797695 -0.0219813 0.000401466 -0.00703974 0.0276351 -0.00896373 -0.000323614 -0.0150611 0.0413349 0.0020149 0.00706372 0.00937134 0.00303803 -0.0382065 0.0200584 -0.0455346 -0.0162354
internal_weight=11328 11006.7 1686.31 9320.41 8298.9 1274.91 4118.05 4180.85 1021.51 2204.42 3611.58 878.389 569.271 321.234 1913.63 1748.05 1981.02 847.027 661.057 560.458 495.704 38.9636 20.622 1691.3 214.741 72.897 222.654 18.3416 100.599 1943.27 893.248 1989.68 1840.62 456.74 168.511 140.108 288.23 229.941 105.308 64.7541 29.7603 34.9938 1630.56 400.205 478.41 144.48 165.582 141.844 123.462 396.518 861.125 378.052 149.794 411.398 29.7643 606.562 228.258 67.9811 19.305 185.97 37.3269 23.2
internal_count=3156239 2240663 57942 2182721 1571110 55364 557834 1013276 611611 202621 957643 48029 55633 915576 355213 315330 693773 47886 45482 44006 40924 1096 774 312247 26684 11378 76932 322 1476 690708 276021 175937 170807 39828 22894 18206 16934 15507 15642 3082 1779 1303 263870 109960 51280 64921 39883 15306 14406 7335 269137 104592 56895 2578 483 88116 47697 7272 2171 2404 8370 3779
is_linear=0
shrinkage=0.05


Tree=16
num_leaves=63
num_cat=0
split_feature=4 18 0 3 4 11 3 3 4 0 2 3 6 3 3 3 4 15 5 0 13 3 19 0 0 1 15 4 6 23 6 18 19 6 1 5 3 3 3 0 5 23 1 15 5 4 23 6 19 23 23 23 1 1 3 5 19 23 19 17 0 6
split_gain=309.908 271.476 153.038 52.9168 51.4795 48.0228 57.6241 39.6933 36.3717 35.0777 32.6839 30.6925 28.5994 25.9085 25.6974 25.0668 23.4317 23.3244 22.7298 22.4482 22.9542 31.4678 29.8464 29.3119 26.3083 25.5656 25.3845 32.6335 25.6563 23.2159 22.3909 23.8742 29.1599 22.331 21.0579 28.5385 24.3961 20.8609 29.6235 25.5194 21.5711 20.5991 20.0749 19.8872 26.3688 29.881 19.8781 19.7938 19.6368 19.6193 19.4629 27.9528 23.9472 19.6504 31.9293 25.0168 19.1969 19.1957 18.2707 18.128 18.0258 19.8657
threshold=0.0032229989301413302 1.0000000180025095e-35 2.9702482223510747 5.5154407024383554 0.96482685208320629 1.0000000180025095e-35 5.1503930091857919 4.4484992027282724 0.012281119823455812 1.3541276454925539 6.7725079059600839 4.5900437831878671 0.82257318496704113 1.4978661537170412 6.3551030158996591 5.8930234909057626 0.44045644998550421 7.1250000000000009 0.89141109585762035 -1.0534726381301878 1.0000000180025095e-35 2.6020033359527592 1.0000000180025095e-35 1.1001855134963991 2.2146703004837041 5.64367699623108 7.1649999618530282 0.11363483965396882 0.68877100944519054 0.31303548812866216 0.86414274573326122 0.30217391252517706 0.90454545617103588 0.49697791039943701 7.2872183322906503 0.55190905928611766 3.7494349479675297 5.842092990875245 5.5154407024383554 2.3773803710937504 0.63352352380752575 0.42868220806121832 4.7749040126800546 2.8549998998641972 0.78049826622009288 0.080376621335744872 1.5124263763427737 0.73351782560348522 0.51925924420356762 0.27374297380447393 1.1763981580734255 1.0971124768257143 3.5114340782165532 5.4049246311187753 2.4414010047912602 0.89738965034484874 0.43614129722118383 0.84233182668685924 0.63245612382888805 0.23205128312110904 2.814919233322144 0.83062571287155162
decision_type=2 2 2 2 2 2 2 2 2 2 2 2 2 2 2 2 2 2 2 2 2 2 2 2 2 2 2 2 2 2 2 2 2 2 2 2 2 2 2 2 2 2 2 2 2 2 2 2 2 2 2 2 2 2 2 2 2 2 2 2 2 2
left_child=18 3 5 4 11 14 8 10 -7 15 13 34 47 -4 19 57 50 -11 -1 -3 24 -22 -23 -24 25 -21 27 28 -26 -28 31 37 -33 -13 -2 36 -36 38 43 58 -40 49 59 56 -45 -46 -18 -12 -43 -6 51 52 -10 54 -54 -55 -30 -5 -39 -16 61 -31
right_child=1 2 7 9 41 6 -8 -9 16 17 12 33 -14 -15 42 -17 46 -19 -20 20 21 22 23 -25 26 -27 29 -29 30 60 -32 32 -34 -35 35 -37 -38 39 40 -41 -42 48 -44 44 45 -47 -48 -49 -50 -51 -52 -53 53 55 -56 -57 -58 -59 -60 -61 -62 -63
leaf_value=-0.046519536775836978 -0.013920299178595288 -0.060484496430097769 -0.067450399541223865 -0.056876925536292623 -0.032226265506037494 -0.028246384329791548 0.038204853074423194 0.040724603495330511 0.023919974735380073 0.00057303414978317918 0.021084179808436659 0.027307817947124141 0.01656686874604028 0.030987344828637076 -0.066479940999606274 0.0020566192997014654 0.035619087166744882 0.021425581242627691 0.0015681215817073876 -0.06174907425574945 -0.028949859815529257 -0.0074354120825160007 0.015274180750828877 0.049869874427412399 0.020463106180553008 -0.0012284396634179798 0.050294460215545095 0.012191795057500288 -0.0085454652207377826 -0.056044224176682512 0.039593308257118237 -0.060392883088813944 0.063078149450699394 -0.011644194046025515 0.048376211387466755 -0.036204227807849376 -0.017573662786798873 -0.086745718116993359 -0.099634417684717105 0.038030170789539734 -0.024278405412712662 0.0083026750814436286 0.02039378344769353 0.011399727322879725 -0.066327191689435822 0.057543355677035085 -0.029600533655628883 -0.045349957035973804 -0.07872547530005003 0.060197776376849949 0.022445480882748156 -0.088710981415297152 0.026986489182073328 0.0089471395407214743 -0.052406688113475652 -0.091775478398554336 -0.049807449477561119 -0.018199960332232784 0.053046461663338366 0.034570993005585415 0.057422457017521848 0.042409839172688847
leaf_weight=373.03734644531505 378.29877821888658 13.21629169146763 5.9534998361195894 41.245144126354717 6.2594145797193042 60.760573963605566 216.95975448901299 358.92141731386073 80.085021256178152 882.1547475377447 14.42310959624592 36.680726777180098 88.81231077038683 252.22195477091009 12.002445341437125 121.55053833313286 127.62881798556191 157.15383552166168 26.233007206057664 16.561038435669616 38.676764681120403 89.206547141016927 210.46781682013534 86.251167483162135 109.76651877403492 2769.2951272507489 58.453730026492849 781.01028729521204 270.83877818228211 15.69578495516908 25.735163218691014 34.569016963010654 4.6939265625551334 1716.9143053789739 17.034425304387696 352.87761643889826 62.078223586082458 6.9753221005666983 12.025394100230185 49.056645361357369 38.994421699317172 132.32850537548074 287.99292366718873 233.20648327906383 21.344073155196387 5.3918036448303601 12.101537978858685 42.595795986941084 5.8153852834366253 32.679844928788953 121.6274575254356 7.906857030815444 16.63896898998064 110.36283941319562 45.866567998775281 5.5273241896647951 30.570659136981703 141.25616990466369 2.5266129581723362 5.9724210491403928 7.8293831562623373 6.5377386768814167
leaf_count=961705 172242 3631 1232 19176 2407 32604 3331 3293 1483 107866 769 6349 4464 7756 451 20197 5302 14372 31850 2911 25608 9168 18906 1896 9943 515249 1448 37573 65588 1334 1471 11018 68 540649 2684 304474 33937 488 1152 612 2224 26204 9003 18834 2709 41 1619 4711 1669 1266 10058 2033 1255 28091 3926 1024 8208 46404 37 114 78 140
internal_value=-0.000154698 0.00143226 0.00754205 -0.00875912 -0.0127422 0.00487862 0.0162381 0.0286301 0.00808878 -0.000628682 0.0178113 -0.0145436 -0.00111676 0.0284659 0.00313135 -0.0155377 0.0123176 0.00374371 -0.043364 0.00225841 0.002439 0.0135381 0.01786 0.0254643 0.00138921 -0.00161024 0.00625901 0.0048293 -0.00197642 0.0321859 -0.00534659 -0.00702845 -0.0444318 -0.0108143 -0.0225911 -0.0301345 -0.00294683 -0.00477674 -0.00751346 0.023488 -0.0436137 0.0132744 0.0171689 -0.00416068 0.00596176 -0.0401723 0.0298005 -0.0284715 0.00409963 0.0449059 0.00596139 -0.00162072 0.00137496 -0.00882283 -0.0311801 0.00339918 -0.0128814 -0.0272032 -0.0480626 -0.0328518 -0.00350975 -0.0265146
internal_weight=11296.9 10897.6 6813.26 4084.33 2740.97 6050.33 805.466 762.928 588.506 1343.36 404.007 2563.88 145.831 258.175 5244.86 304.052 527.745 1039.31 399.27 4938.9 4925.68 424.602 385.926 296.719 4501.08 2785.86 1715.22 1626.71 845.695 88.5166 735.928 710.193 39.2629 1753.6 810.289 431.99 79.1126 670.93 612.372 58.5586 51.0198 177.083 305.968 561.352 259.942 26.7359 139.73 57.0189 138.144 38.9393 388.015 266.388 258.481 178.396 62.5055 115.89 301.409 182.501 9.50194 17.9749 30.0629 22.2335
internal_count=3156305 2162750 862854 1299896 1091881 840629 90726 22225 87395 208015 18932 1060335 9944 8988 749903 85777 54791 122238 993555 740335 736704 55578 29970 20802 681126 518160 162966 159966 122393 3000 112450 110979 11086 546998 513337 341095 36621 99893 98756 1137 3376 31546 9568 95380 21584 2750 6921 5480 27873 3673 47870 37812 35779 34296 5181 29115 73796 65580 525 565 1552 1474
is_linear=0
shrinkage=0.05


Tree=17
num_leaves=63
num_cat=0
split_feature=9 3 18 4 3 4 0 3 15 0 4 5 0 17 3 4 18 21 4 18 15 15 4 3 18 3 18 15 17 17 6 15 17 3 0 6 5 5 0 21 18 4 6 21 21 5 3 0 4 6 19 18 4 19 21 6 6 15 4 0 0 0
split_gain=433.055 272.433 116.254 96.0276 46.1753 42.9802 41.8003 52.6347 39.7431 35.5567 29.2939 25.3607 23.8803 31.4897 30.2706 24.9123 23.8329 23.5586 22.6559 22.2005 20.1859 19.9059 19.854 18.8133 40.9309 33.6456 27.093 22.7116 23.3623 20.9582 18.5012 18.2267 18.098 17.9495 21.0602 20.6122 17.9773 17.834 19.4228 17.7398 17.4516 17.232 17.2251 17.0346 20.4209 19.0281 17.8245 16.7546 24.3494 16.5808 16.5246 25.0551 22.719 20.1213 23.8289 25.7183 24.3684 19.268 18.1211 17.2831 17.2018 16.6776
threshold=1.0000000180025095e-35 1.7005987167358401 1.0000000180025095e-35 0.035967789590358741 5.1149907112121591 0.011537731625139715 2.0976394414901738 4.9452011585235605 0.13499999791383746 2.9702482223510747 0.00027673719159793114 0.65517181158065807 2.5498392581939702 0.10912698507308961 3.8176519870758061 0.3939062505960465 0.6348484754562379 -0.45481054484844202 0.75116822123527538 0.30602006614208227 7.1949999332427987 5.3450000286102304 0.027567207813262943 5.5928492546081552 0.13188406080007556 5.8318781852722177 0.10435571894049646 0.30500000715255743 0.078461539000272765 0.13188406080007556 0.72240042686462413 4.3650000095367441 1.0000000180025095e-35 5.888874053955079 1.0551010370254519 0.65356281399726879 0.48621335625648504 0.62833303213119518 2.3773803710937504 -0.49447669088840479 0.43405796587467199 0.024582153186202053 0.64416089653968822 -0.68529668450355519 -0.66049936413764943 0.64552369713783275 5.2390944957733163 2.1338784694671635 0.44887532293796545 0.69384723901748668 0.28869047760963445 0.1132478639483452 0.028511987999081615 0.07275132462382318 -0.71193596720695485 0.77566984295845043 0.68607056140899669 0.9350000023841859 0.0034825457260012631 2.7140035629272465 1.9784122705459597 1.9487996697425845
decision_type=2 2 2 2 2 2 2 2 2 2 2 2 2 2 2 2 2 2 2 2 2 2 2 2 2 2 2 2 2 2 2 2 2 2 2 2 2 2 2 2 2 2 2 2 2 2 2 2 2 2 2 2 2 2 2 2 2 2 2 2 2 2
left_child=1 -1 4 9 12 -4 18 8 -8 10 -2 32 14 22 49 -16 19 -10 23 -9 50 40 -14 -7 25 -25 27 -27 -29 -30 -31 -32 -5 34 35 -20 -36 38 47 -37 -11 -19 -43 45 -45 -39 -47 -6 -49 -3 53 -52 58 57 -55 56 60 -12 -53 -57 -56 -59
right_child=3 2 5 11 37 6 7 16 17 21 20 -13 13 -15 15 -17 -18 41 33 -21 -22 -23 -24 24 -26 26 -28 28 29 30 31 -33 -34 -35 36 39 -38 43 -40 -41 -42 42 -44 44 -46 46 -48 48 -50 -51 51 52 -54 54 55 59 -58 61 -60 -61 -62 -63
leaf_value=-0.048584305018577655 -0.043955491988207494 -0.012339601149073929 -0.018593973358069112 -0.08431188343734014 -0.0088709189010038273 -0.0066485503629191067 0.028475790902313721 0.013644565364191626 -0.020215681178589913 0.02002738648649699 -0.085493369563779981 0.039659728080269595 -0.061257477180687386 0.030770286088441151 -0.017570600570114246 -0.0015619154203058417 -0.072302757118980529 -0.015512552438255368 -0.081257368668759627 0.035575507099249212 0.026158323596011765 0.041957582691056483 0.0016872051487544012 0.012187867400555018 0.01823432761773524 -0.035414217711589639 -0.095966730459686109 0.0072515844314447993 -0.085780441710296501 0.037422326237388857 -0.092279661785144171 0.0055566147154012422 0.017526363726356648 -0.015887101155281955 -0.077864176125519283 -0.079744821037989383 0.019471488606418716 0.021615644958442624 -0.037258628005725304 0.0039804838813038007 -0.040335233078322902 -0.074945419878312811 0.0046196018557254272 0.059179827622465264 0.001758677062832768 0.0071035027770804324 -0.072163540797327577 0.016675317636570163 -0.038399038841878459 -0.044574249192708741 0.023662708185452228 0.029345358320384471 0.036570782281261795 0.020514957062247215 0.017610514505895649 0.016653316739641825 -0.08022547116926812 -0.014239125183458641 -0.063919211033658149 -0.060103581973503295 -0.087918418788460143 0.021144522637916132
leaf_weight=325.06372583536722 27.229109950276325 57.788373180839699 226.66648045004695 3.5711799882119513 1016.1717294728151 1362.9649898667412 112.64473200379871 1145.2632450602832 160.47085010638693 121.98561243043514 4.4294255156419231 701.86043826403329 18.64665983436862 62.57562221691478 1061.1018312902306 315.39265232731123 6.7400446895044288 136.71354813931976 6.6046860563801593 127.96062686736695 122.79295790067408 126.77600298146717 34.430786201730371 151.13176912546623 278.8526884089224 82.218307492439635 9.5570690152235311 127.05353739572456 12.94742868375033 11.263759098830635 8.1382924070348981 9.714528546901418 103.57743537076749 75.221786247100681 3.8461003853008142 5.4709084171918212 341.30828457203461 13.003433859790674 52.803372651978862 284.16082117182668 12.333254271128679 5.8722896538674823 690.47245874081273 14.759262519655747 891.56680948915891 9.9236461903201398 22.467094063526019 135.18091973569244 22.571398643660359 135.25393223878928 155.15985002674279 6.0475428552017574 11.624043948715551 27.248546446498949 14.705087436945179 30.377333346637897 32.964844863046892 47.128490626113489 22.506771445507184 8.5711749307811242 4.132403527502901 108.00525135110365
leaf_count=946378 64998 46882 107885 379 267886 368268 2854 47629 40715 5155 891 5854 10157 10396 495683 87084 303 30875 2165 2843 3638 1631 8401 20620 12445 7069 1149 11018 1969 744 1299 1207 2958 6604 841 1862 23426 2766 4396 35637 963 1904 81562 1161 162336 3039 9109 9388 1807 139542 9537 1630 137 2302 1412 3804 7238 10300 1895 965 593 9086
internal_value=0.0004578 -0.00366582 -0.00208168 0.0237602 -0.00869816 0.00266778 0.0036058 0.00845504 0.000465033 0.0123474 0.00583593 0.0362005 -0.0149107 0.00696522 -0.0165261 -0.0139064 0.0153544 -0.00273622 -0.000572291 0.0158748 0.00818175 0.0278008 -0.0211498 -0.00324315 0.00347492 -0.00653401 -0.0173845 -0.0140279 -0.00348365 -0.0353246 -0.0107849 -0.0415716 0.013384 0.00707637 0.00979004 3.76751e-06 0.0181651 -0.00388766 -0.00786994 0.00213004 0.0142277 0.000651024 0.00384212 0.0012482 0.00275796 -0.0283048 -0.0483928 -0.00651745 0.00860297 -0.0350379 0.00346862 0.0145724 -0.0202546 -0.00437006 -0.0199389 -0.0321766 -0.0549124 0.00719578 -0.043842 -0.00131983 -0.00880445 0.0103729
internal_weight=11265 9571.96 9246.9 1693.03 3863.64 5383.26 5156.59 2386.14 1106.17 884.018 622.923 809.009 1685.19 115.653 1569.54 1376.49 1279.96 993.529 2770.45 1273.22 595.694 261.095 53.0774 2053.84 690.877 412.025 260.893 251.336 169.118 42.064 29.1166 17.8528 107.149 716.613 641.391 296.236 345.154 2178.45 1226.73 289.632 134.319 833.058 696.345 951.72 906.326 45.3942 32.3907 1173.92 157.752 193.042 472.901 195.338 40.1784 277.563 117.999 90.7508 51.8023 159.563 28.5543 38.9485 18.8375 155.134
internal_count=3154670 3019304 2072926 135366 1260033 812893 705008 208685 157910 126175 118426 9191 798145 28954 769191 582767 50775 155056 496323 50472 53428 7749 18558 425788 57520 45075 24455 23306 16237 5219 3250 2506 3337 70535 63931 39664 24267 461888 283477 37499 6118 114341 83466 178411 163497 14914 12148 279081 11195 186424 49790 13199 3662 36591 16314 14012 9243 20277 3525 4769 2005 19386
is_linear=0
shrinkage=0.05


Tree=18
num_leaves=63
num_cat=0
split_feature=9 4 18 4 0 3 0 4 0 3 4 4 6 21 5 21 2 2 0 3 17 0 2 2 0 3 4 0 2 18 21 18 23 3 6 23 21 4 3 0 2 21 19 21 23 3 5 17 17 17 5 6 6 21 21 23 0 6 17 15 21 17
split_gain=414.349 258.809 81.3376 70.9532 59.9214 56.8809 45.3449 46.0336 37.7205 41.5992 37.9955 35.9649 34.1479 32.467 31.706 31.7028 28.9273 28.8883 28.5814 31.8149 27.4137 24.114 23.4602 26.7174 22.9525 25.1254 23.2354 36.7659 20.9962 22.5524 20.8395 20.5833 29.1941 29.8247 22.6777 21.0908 20.3935 27.526 23.1007 22.2516 20.295 19.9541 19.8244 19.4906 19.0797 18.9862 24.8857 24.5193 19.1671 18.5238 34.1054 18.3867 28.3932 28.9606 23.4345 27.3952 21.7261 18.5654 23.7592 26.1199 19.9339 18.3291
threshold=1.0000000180025095e-35 0.0032229989301413302 1.0000000180025095e-35 0.19347286969423297 2.7621499300003056 3.8815106153488164 2.4444293975830083 0.20283976942300799 2.6723568439483647 2.8029010295867924 0.3939062505960465 0.00027673719159793114 0.75055626034736644 -0.95444282889366139 0.83289259672164928 0.56187203526496898 7.0233135223388681 3.9415346384048466 1.4048191308975222 4.8322978019714364 0.17519181966781619 2.2700499296188359 9.2650141716003436 9.162513732910158 1.7456974387168886 4.5900437831878671 0.34498460590839392 2.4267071485519414 9.7668800354003924 0.75833332538604747 0.8938107192516328 0.12249999865889551 0.98140987753868114 5.9519429206848153 0.64757251739501964 1.6908204555511477 0.43932217359542852 0.0079813776537776011 4.4367339611053476 1.4334368109703066 3.3842465877532963 1.0120183825492861 1.0000000180025095e-35 0.38435012102127081 1.2814682722091677 3.9607677459716801 0.70670390129089367 0.064583335071802153 0.2788888961076737 0.20344828069210055 0.89141109585762035 0.79046303033828746 0.74985533952713024 -0.054286764934658997 0.3697048574686051 1.0838127732276919 2.5747989416122441 0.7217051386833192 1.0000000180025095e-35 0.37500000000000006 0.15179929882287982 0.31414473056793218
decision_type=2 2 2 2 2 2 2 2 2 2 2 2 2 2 2 2 2 2 2 2 2 2 2 2 2 2 2 2 2 2 2 2 2 2 2 2 2 2 2 2 2 2 2 2 2 2 2 2 2 2 2 2 2 2 2 2 2 2 2 2 2 2
left_child=1 -1 5 4 11 -3 7 15 9 13 24 -2 18 -4 16 36 -12 -14 -9 -20 -19 30 23 -13 41 43 31 -28 29 40 -17 34 -33 -34 -27 51 38 -38 -7 -40 -10 -11 -23 61 -16 47 48 -42 -47 -37 -51 52 57 -54 -55 -56 -53 -36 60 -60 -59 -26
right_child=3 2 8 -5 -6 6 -8 12 28 10 14 22 17 -15 44 21 -18 20 19 -21 -22 42 -24 -25 25 26 27 -29 -30 -31 -32 32 33 -35 35 49 37 -39 39 -41 45 -43 -44 -45 -46 46 -48 -49 -50 50 -52 56 53 54 55 -57 -58 58 59 -61 -62 -63
leaf_value=-0.048160170645732504 -0.048748142863819288 -0.029919217799928694 0.061044644354856716 0.041712939465509261 0.030285537962951893 -0.030637653998441056 0.01579668906618854 -0.014430339141101685 0.056801545595464888 -0.012406873006239235 0.0026284365601405854 0.0065787450025778602 0.062655072757425281 -0.037795345036475907 0.038719553594074869 0.0051798279066122225 0.025080935942023638 0.014980228790455151 -0.023352575582628904 0.0040344475435170023 -0.019304906411005976 -0.057382196636796584 0.025244970207275876 -0.084161015316984347 -0.016386751626920628 0.031221746753145731 -0.0079722773829590844 -0.10047491062952883 0.05171075886886322 -0.063203602297504921 -0.039217450146479399 0.022939084641554534 -0.009929395592434262 0.032489570838977487 -0.0020278035816509573 0.028454423616427554 0.056604808392410756 -0.052115660372869368 -0.026045659709237674 -0.0082899120354445223 -0.061629888237700485 0.048948196527598978 0.056400302732914423 0.0083956322215851444 0.0034745386163294017 0.0038425919791689822 0.02453067749156124 0.0033113912771835564 -0.061368014323384769 -0.081499032828407036 0.064901604638313459 -0.03991524888631795 -0.014339356794769576 0.034425348671086167 0.01825326468675428 -0.085064778458873488 0.030865784551416489 -0.035792284903084504 -0.089341002463277433 -0.024761650975860274 0.037594075012369173 0.01086464525709261
leaf_weight=310.47079595780815 25.407884735119296 259.80144998186734 8.1587363971630094 402.62742427818011 549.23410119270557 195.78232556430157 228.11897270311601 532.98080447223037 23.884126801800448 587.05982008139836 1515.8484718288528 530.32288841795526 24.85773993935436 100.23285923842923 116.21088301762938 144.86792293330655 157.49494287098059 278.77194110036362 122.1881661079824 760.90481122222263 72.736213189084083 3.5542076834244645 199.83955970482202 7.2413518946850663 444.11984140810091 54.814343697740696 127.22079022403341 10.75873661006335 33.072040161117911 9.0143170978990366 31.286424438352697 316.02477024402469 182.01575558271725 52.565943866269663 224.24972176516894 85.222028451506048 5.5833591199479988 63.486767205526121 222.01564057043288 854.60651974496432 14.732004282879641 12.590996079437899 29.736410244018771 139.56220137572382 57.421926339215133 80.691083433455788 285.71813073812518 190.09255521590239 12.079878855380228 10.01768459274899 5.322599879000335 63.269535194500349 68.635134209995158 118.27139279944822 18.387468284112405 8.6455303516704571 12.268225240171885 14.528441122616639 19.451618057792075 72.962325957603753 21.973668430699036 70.920904390281066
leaf_count=904878 64309 252584 3284 2492 13792 119888 26949 174903 313 169302 166908 51446 212 84948 3549 41720 3631 47881 57143 145740 18870 1105 3121 704 152122 5121 8766 655 365 1636 16148 22661 15311 1083 28720 6641 1076 26415 101722 257055 5223 1918 2502 28027 4061 4379 7956 26574 984 1769 49 9406 13580 7321 1891 1488 443 3496 3302 12209 1261 13166
internal_value=0.000751993 -0.00333684 -0.00181528 0.0233642 0.017706 -0.00737455 -0.00572666 -0.00719949 0.00216984 0.000606915 0.0013332 0.00862083 -0.00174008 -0.0298655 0.00687427 -0.0135039 0.00475538 0.0116272 -0.00529854 0.000222945 0.0078511 0.00456933 0.0106609 0.00520242 -0.00240188 2.10528e-05 0.00361498 -0.0158561 0.013456 0.0113224 -0.00288235 0.00561736 0.0130444 -0.000326432 0.000483063 -0.00182294 -0.016327 -0.0426447 -0.014866 -0.0119722 0.0125309 -0.0110392 0.0429334 -0.00813383 0.0271504 0.0106241 0.0172458 -0.00163625 -0.0052125 0.0193557 -0.0298394 -0.00516196 -0.00205359 0.0122864 0.0248752 -0.016645 -0.0281665 -0.0107506 -0.0257914 -0.0391654 0.00820955 -0.0126205
internal_weight=11201.9 9487.26 9176.79 1714.67 1312.05 3831.28 3571.48 3343.36 5345.51 4696.23 4587.84 762.812 1792.44 108.392 1846.98 1550.92 1673.34 376.366 1416.07 883.093 351.508 209.445 737.404 537.564 2740.86 2141.21 1486.61 137.98 649.284 616.212 176.154 1348.63 550.606 234.582 798.02 743.205 1341.47 69.0701 1272.4 1076.62 607.198 599.651 33.2906 654.603 173.633 583.314 378.489 204.825 92.771 100.562 15.3403 642.643 567.105 213.94 145.304 27.033 75.5378 353.166 128.916 92.4139 36.5021 515.041
internal_count=3156174 3020310 2115432 135864 133372 1291913 1039329 1012380 823519 776089 687857 119580 444749 88232 178149 567631 170539 66963 377786 202883 66751 61475 55271 52150 509708 338488 145173 9421 47430 47065 57868 135752 39055 16394 96697 91576 506156 27491 478665 358777 45429 171220 3607 193315 7610 45116 13319 31797 5363 8459 1818 83117 73268 24280 10700 3379 9849 48988 20268 15511 4757 165288
is_linear=0
shrinkage=0.05


Tree=19
num_leaves=63
num_cat=0
split_feature=9 4 0 21 4 14 4 4 7 2 15 0 0 1 1 4 1 0 2 5 2 19 5 15 17 0 2 21 2 17 2 5 19 19 19 4 15 2 4 0 5 18 1 1 5 4 15 0 1 21 15 2 5 17 17 1 2 21 21 21 21 2
split_gain=315.173 247.697 79.3365 78.5877 77.5457 48.1652 54.8524 45.0354 29.6046 25.2179 27.5826 26.061 23.5099 36.2131 23.1213 22.4618 23.9608 22.1209 21.4275 30.1408 26.4819 38.0397 25.1156 24.2022 34.1659 23.2879 21.2101 24.5178 20.9446 20.7476 29.7734 20.7365 20.4131 20.1777 25.9257 19.75 30.2329 19.6592 19.4838 25.6129 21.2826 19.2249 18.8189 19.2873 18.8017 22.7053 20.3957 28.9347 20.8473 18.4756 18.0871 26.1277 24.0101 28.8694 22.1683 18.0179 23.8746 18.0112 18.9838 19.6377 18.0106 29.382
threshold=1.0000000180025095e-35 0.0032229989301413302 2.3626756668090825 -0.22979346662759778 0.19347286969423297 1.2424533367156985 0.0038634915836155419 0.2464374974370003 1.0000000180025095e-35 9.1914124488830584 0.44499999284744268 2.8840651512146001 2.7140035629272465 3.1984648704528813 7.6456367969512948 0.23524434864521029 4.6491756439208993 1.8644180893898012 5.4531798362731942 0.83289259672164928 5.8507635593414316 0.21240601688623431 0.79884988069534313 0.17500000447034839 0.10912698507308961 1.5813273787498476 9.7668800354003924 -0.95444282889366139 5.1845848560333261 0.31142240762710577 6.6234009265899667 0.59535306692123424 0.3390804678201676 0.65942031145095836 0.56904762983322155 0.022724974900484089 1.075000047683716 6.0764942169189462 0.91776639223098766 0.61686933040618908 0.80676645040512096 0.064583335071802153 7.2872183322906503 7.7691674232482919 0.5076354742050172 0.0055011939257383355 0.44499999284744268 1.6975453495979311 3.5114340782165532 0.80727526545524608 0.064999999478459372 4.3372693061828622 0.81129223108291637 0.1695402339100838 0.20942982286214831 11.114170074462892 3.5972183942794804 -0.31903566420078272 -0.11992974579334258 -0.079429406672716127 0.58352568745613109 5.9309172630310067
decision_type=2 2 2 2 2 2 2 2 2 2 2 2 2 2 2 2 2 2 2 2 2 2 2 2 2 2 2 2 2 2 2 2 2 2 2 2 2 2 2 2 2 2 2 2 2 2 2 2 2 2 2 2 2 2 2 2 2 2 2 2 2 2
left_child=1 -1 3 26 5 6 -2 14 50 10 11 49 13 -8 15 16 -5 28 -10 20 21 -20 23 24 25 37 38 -28 -16 30 -26 -27 -29 34 35 36 -14 -22 39 -3 -40 -38 -23 -44 45 -15 47 -46 -49 60 54 52 -52 -54 55 56 -9 -48 -59 -60 -4 -62
right_child=4 2 9 7 -6 -7 12 8 18 -11 -12 -13 33 44 17 -17 -18 -19 19 -21 22 42 -24 -25 29 31 27 32 -30 -31 -32 -33 -34 -35 -36 -37 41 -39 40 -41 -42 -43 43 -45 46 -47 57 48 -50 -51 51 -53 53 -55 -56 -57 -58 58 59 -61 61 -63
leaf_value=-0.048034294091981317 -0.028731317594941748 -0.056852358464041276 0.0051207662575948826 -0.078265892062365505 0.038996399622662936 0.040792544458278734 -0.060163172284319361 -0.006926624554506872 0.011252655908614713 0.024270606680346626 -0.00071565766065415429 0.029479627912056123 -0.094693414444364632 0.043776368670115501 -0.058244314662963627 -0.054822982252410148 -0.0013212599096742458 -0.041029554616160591 -0.0025966651206691012 0.028652594565965223 0.002114589843010775 -0.089276288143601668 -0.040800233847265381 0.0061461593914747779 -0.077985414801383962 -0.020856610958014197 -0.033817723351201548 0.028483403312414331 -0.01011128203509074 0.0069353266577680626 0.009592245874168015 0.01845980750703349 -0.022084083422888118 0.04924818998027361 -0.075957387228167084 0.029314414102884868 -0.088103721224426279 -0.040291023823530836 0.010774918005356704 -0.016661586989578422 -0.065672322754418547 0.013801060659216526 0.017974902832867477 -0.039932687695892276 0.038869426477535163 -0.046916622581399912 -0.00090739223587686332 0.044048614381371032 -0.093821474661522394 -0.053965120810192481 -0.057388343306624692 -0.007537010013605557 0.024925558506084251 -0.067814510660607827 0.027412023000988703 0.0081492984874628176 -0.075399727228332714 0.039361214479146853 -0.060388261802921665 0.015312834087314861 -0.036544354148539744 0.05080250418884559
leaf_weight=304.82207157285302 82.716987937441445 40.101410772564122 473.67170345695922 9.2117144773364981 398.37588255747687 144.85196257513599 18.517735686386004 39.213418028200977 677.54083027917659 189.51512236590497 913.99140834208811 169.20219903433463 6.0921315196901551 8.2235473780310695 22.29008032445563 19.518055166234262 1106.9401507605799 67.404692825424718 302.08856475679204 94.79405056964606 53.943157696048729 14.348896143259479 31.868287720368244 1478.2324223305332 37.479295852943324 42.394930265145376 31.276318171992898 79.096215871686582 832.83085023483727 17.280888457666151 12.706581158912739 147.80181765079033 25.756055543315597 58.301551242591813 6.2784515988314515 219.60038816381712 3.7817591091152272 54.204446473973803 100.77737300674198 1296.6549915847427 9.0018243567901646 154.9109136191546 17.363460352644324 70.666048465413041 8.7321577065158653 27.664924159704242 152.87994549667928 2.7450888517778393 13.643311889434697 11.152087758760898 59.697771458013449 249.69486197666265 24.547381741227582 11.504354042903286 61.82983565601171 69.982324232085375 18.017714281217195 89.959624233364593 7.8755543783772728 272.12620864028577 11.18766914308071 48.444246106082574
leaf_count=904184 90396 40970 28691 1896 2540 2818 1132 23588 80472 7277 162496 4774 587 580 41630 4370 253135 30865 62817 3077 11628 2709 3418 185728 6488 5974 11531 11687 319661 1259 1000 9809 7239 362 227 2309 398 15584 15240 505386 1332 4017 2348 19493 98 3132 9032 11 624 1585 70597 98671 9627 8722 12908 21578 5503 3428 771 12922 1317 1206
internal_value=-0.000197042 -0.00377776 -0.00228118 -0.0046291 0.0197541 0.0137344 0.0102454 -0.00186759 0.00151526 0.00705546 0.00503735 0.012396 0.0133364 0.00686325 -0.00776138 -0.00298061 -0.00202578 -0.0136371 0.00341643 0.00117728 2.30883e-05 -0.0115646 0.00252634 0.00329681 -0.0082027 -0.000889543 -0.0144721 0.0043683 -0.0114325 -0.0400569 -0.0560574 0.00963291 0.0159707 0.0219868 0.017803 0.0195276 0.006387 -0.0193139 -0.0162469 -0.0179089 0.00397006 0.0108361 -0.0377451 -0.028437 0.00908833 -0.0255117 0.0113968 -0.031799 -0.0695228 0.00704254 -0.00932935 -0.0161181 -0.0381866 -0.00569997 0.00309548 -0.00884476 -0.0294082 0.0135289 0.0194808 0.0129763 0.00841691 0.0340827
internal_weight=11027.3 9350.05 9045.23 7228.06 1677.28 1278.9 1134.05 5645.4 3587.2 1817.16 1627.65 713.658 1051.33 602.368 2058.2 1135.67 1116.15 922.526 3052.71 2375.17 2280.38 404.467 1875.91 1844.04 365.811 298.344 1582.66 136.129 855.121 67.4668 50.1859 190.197 104.852 448.965 390.664 384.385 164.785 108.148 1446.54 1336.76 109.779 158.693 102.378 88.0295 583.85 35.8885 547.962 25.1206 16.3884 544.456 534.488 345.444 95.7495 36.0517 189.043 127.213 57.2311 522.841 369.961 280.002 533.304 59.6319
internal_count=3154854 3019470 2115286 1907940 135384 132844 130026 1314555 662998 207346 200069 37573 39630 31730 651557 259401 255031 392156 411804 331332 328255 87367 240888 237470 51742 42995 593385 30457 361291 8747 7488 15783 18926 7900 7538 7311 5002 27212 562928 546356 16572 4415 24550 21841 30598 3712 26886 733 635 32799 251194 187617 88946 18349 63577 50669 29091 26153 17121 13693 31214 2523
is_linear=0
shrinkage=0.05


Tree=20
num_leaves=63
num_cat=0
split_feature=9 3 18 15 3 4 18 3 1 15 6 3 1 6 2 15 1 15 1 1 18 1 23 4 5 2 15 18 1 1 2 1 6 3 2 5 23 23 3 5 3 3 15 3 4 23 3 18 4 5 3 23 4 3 2 23 6 5 18 2 1 23
split_gain=290.399 240.861 90.6263 76.6108 41.2132 38.5649 40.2678 37.9308 34.5175 27.2036 26.1547 26.0425 25.9706 25.8756 25.3744 23.8472 24.821 22.6784 22.5976 30.3171 22.0526 21.9406 23.3138 21.6975 29.9324 20.7499 21.0667 20.706 20.7829 25.4358 26.8723 20.6901 20.3326 20.0111 19.4887 21.1229 32.4749 34.9958 32.5052 29.1647 19.4506 20.5052 19.3118 19.3086 22.1971 19.1348 19.0932 18.8953 19.4694 18.661 18.5738 18.3688 19.581 17.2573 28.3526 34.698 24.5209 17.0547 24.3883 27.5879 17.5209 16.9825
threshold=1.0000000180025095e-35 1.8688347935676577 1.0000000180025095e-35 0.36500000953674322 4.9732735157012948 0.0089957197196781653 0.31142240762710577 5.4004201889038095 6.0879099369049081 7.1849999427795419 0.75901898741722118 4.5591125488281259 9.7944259643554705 0.75772464275360119 5.2284276485443124 5.9749999046325692 6.535966396331788 0.16499999910593036 6.8632805347442636 7.6711277961730966 0.2788888961076737 8.8482937812805194 2.13365650177002 0.77802917361259472 0.58838897943496715 6.7861523628234872 0.46500000357627874 0.57793521881103527 10.314818859100344 10.507626056671144 3.5972183942794804 7.3482656478881845 0.74138110876083385 5.3729581832885751 9.8751802444458026 0.82298171520233165 1.4842694997787478 1.7288873195648196 5.888874053955079 0.78902491927146923 4.6959142684936532 5.5664324760437021 0.17500000447034839 4.4484992027282724 0.33387978374958044 2.0172029733657841 4.8242976665496835 0.36515152454376226 0.10707102715969087 0.49793130159378057 3.3140207529067998 0.11337145417928697 0.23524434864521029 3.1984648704528813 5.2600927352905282 1.1690285801887514 0.84457457065582286 0.51609879732131969 0.097619049251079573 7.1320981979370126 5.4909996986389169 -0.35047024488449091
decision_type=2 2 2 2 2 2 2 2 2 2 2 2 2 2 2 2 2 2 2 2 2 2 2 2 2 2 2 2 2 2 2 2 2 2 2 2 2 2 2 2 2 2 2 2 2 2 2 2 2 2 2 2 2 2 2 2 2 2 2 2 2 2
left_child=1 -1 4 -2 9 12 20 10 -6 23 11 32 15 49 -10 16 57 27 25 42 34 33 -23 31 -25 -16 -27 28 45 -30 -31 43 47 -19 35 36 38 -38 39 53 -17 -42 -20 44 -3 -12 -45 -4 -49 -13 -33 -41 -53 54 -7 61 -55 -5 60 -60 -59 -56
right_child=3 2 7 5 8 6 -8 -9 14 -11 17 13 -14 -15 18 40 -18 21 19 -21 -22 22 -24 24 -26 26 -28 -29 29 30 -32 50 -34 -35 -36 -37 37 -39 -40 51 41 -43 -44 46 -46 -47 -48 48 -50 -51 -52 52 -54 56 55 -57 -58 58 59 -61 -62 -63
leaf_value=-0.045375932972792306 0.038714267707447451 -0.019177969018586701 -0.011336900736855096 0.052440634392332743 0.010953245379158779 0.027489549019215454 0.042764375658568332 0.0083560410638504039 -0.077074272303983643 -0.050869261754207945 0.018870113862589633 -0.028872644592480325 -0.059055354279445929 -0.082534165920250188 -0.0016706477604426678 0.024800643037412903 -0.046436946806049879 0.0024779866182179735 0.029013821745685092 -0.0072701430947037446 -0.062506600767900752 -0.041678538740278659 0.031360955997119258 -0.048409470546134696 0.012625198154725537 -0.068718955432968937 -0.020768584307329693 -0.067973482787219569 -0.080194374372184213 -0.066233771329611613 0.022394863067422263 -0.052323629792402376 -0.031506852765405415 -0.053371114983170889 0.037266879447662653 0.023707911338443254 -0.093356570780958548 -0.0030301826513653585 -0.078036303524481321 0.0050134133615890751 -0.086904798485952131 0.02712300010271515 0.0024702042134612497 0.013722790857641687 0.032688879529885202 -0.064579253450783261 -0.019385145190585859 -0.061909230480530222 0.052534477818110208 0.0016403107299580279 -0.018753503157820917 -0.10313190272544362 0.032393330610189154 0.022446126483298318 -0.010805644407427458 0.039490325225081564 -0.094613421090434746 0.036158223620932607 0.009830579725829007 -0.059858366231047455 -0.056144251892826326 -0.081528013355680023
leaf_weight=324.64502689638175 393.74467491498217 291.56883476694929 385.98872791219037 12.62428050211747 352.8823272761656 38.539487782400101 141.56857671379112 1879.0606795123313 11.475613597431218 48.029114517587004 434.52530502749141 51.715061859460548 18.077149824777734 8.5512795692775381 71.581342224613763 107.97441299204365 38.093237991692149 1134.9303330056428 86.576505351462401 1439.91861514427 8.3464629590744135 54.409028894413495 12.826059010345487 22.368441962637007 142.30675398747553 33.568238294799812 72.198847637628205 6.8681451196316621 10.687189644726457 10.076342011161612 36.547946084989235 43.489301357156364 126.86601130408235 15.269695774186401 86.330666823661886 264.02512197685428 14.926244448171927 33.039844633312896 9.179214033414608 13.714011372998359 7.6227815119782445 6.5832611960358918 316.01341679878533 147.93790889822412 21.296535407891497 6.0252016660524523 60.569423495791852 3.6179552200483185 20.415219051297754 1012.1622626782046 637.92465123080183 11.085412912419995 2.9029657945502541 327.09994231670862 14.242092611675607 12.680223828414453 3.5681659269612274 33.537994601007085 25.597072553064208 30.227039068646263 5.1229020536120506 21.351135877892382
leaf_count=965603 2533 151846 141958 1426 21782 1796 1305 133724 4945 36461 26068 14549 33526 2445 6974 11777 38170 200436 5250 440257 358 32176 1757 5417 41216 3686 14617 754 2652 6826 4102 73800 50905 1686 604 3063 723 1012 250 330 353 60 47500 42553 4735 868 17502 2252 1138 179616 332490 665 14 8654 2285 340 182 4758 6489 7534 2891 4494
internal_value=0.000315002 -0.00313124 -0.00160426 0.0194339 -0.00747538 0.0135147 0.0181272 0.00267777 -0.0034605 -0.0142307 -0.000526504 -0.00510781 -0.00269226 -0.000604073 -0.00596861 0.00132416 -0.0123361 0.00375508 -0.00552669 -0.00387938 0.0140315 5.80412e-05 -0.0274898 -0.0129076 0.00409248 -0.0225233 -0.0364881 0.0126548 0.0139011 -0.0142338 0.00225207 -0.0152366 -0.0140861 0.00169083 0.014853 0.0122828 0.00624258 -0.0324708 0.0103918 0.0123859 0.0175268 -0.0357542 0.00823612 -0.00771808 -0.0155545 0.0175851 0.00405862 -0.00863241 0.0335213 0.000131356 -0.0209696 -0.0364497 -0.074722 0.0157058 -0.00409718 -0.0293608 0.0209015 0.000109128 -0.00735894 -0.0282932 0.0228201 -0.0542981
internal_weight=11016.7 9334.89 9010.25 1681.8 3799.71 1288.06 1002.6 5210.54 2384.21 1415.49 3331.48 1609.32 285.46 1072.43 2031.33 267.383 145.203 1722.17 2019.86 1842.51 861.031 1217.44 67.2351 1367.46 164.675 177.348 105.767 504.73 497.862 57.3115 46.6243 1202.79 536.888 1150.2 852.685 766.354 502.329 47.9661 454.363 445.183 122.18 14.206 402.59 521.373 312.865 440.551 208.507 410.022 24.0332 1063.88 681.414 27.7024 13.9884 417.481 86.8129 48.2735 330.668 107.109 94.485 55.8241 38.6609 35.5932
internal_count=3156138 3020546 2054943 135592 1251031 133059 26075 803912 545011 706020 670188 392863 106984 196610 523229 73458 61268 277325 518284 493007 24770 236055 33933 669559 46633 25277 18303 41270 40516 13580 10928 622926 196253 202122 24412 23808 20745 1735 19010 18760 12190 413 52750 216636 156581 26936 60055 145348 3390 194165 406290 1009 679 17751 8915 7119 8836 23098 21672 14023 7649 6779
is_linear=0
shrinkage=0.05


Tree=21
num_leaves=63
num_cat=0
split_feature=9 4 0 15 4 3 3 0 4 4 21 3 14 0 4 5 5 2 2 21 0 17 5 5 5 17 3 21 18 21 21 4 23 21 15 23 3 3 15 2 17 21 3 17 23 3 21 2 0 3 0 5 5 3 0 3 4 5 3 0 23 0
split_gain=345.476 204.44 77.5185 71.2996 61.466 69.8167 58.7995 71.7539 38.5585 37.4788 37.107 29.3108 28.7218 26.7768 26.6641 24.3088 26.9567 26.3633 24.883 24.2811 19.7424 28.1078 27.1034 20.6299 19.0616 26.19 18.4393 23.6163 19.6375 18.2143 22.6623 17.8445 27.4477 20.2758 24.9537 17.741 27.3267 20.5219 27.7459 20.8608 20.2725 31.5435 21.7834 18.275 20.6621 17.439 17.3366 16.96 16.4799 16.2331 28.9192 16.2288 16.5547 16.1855 16.1536 16.5526 15.942 17.4947 32.4151 15.7708 24.1843 15.6648
threshold=1.0000000180025095e-35 0.0028523580403998498 1.9487996697425845 0.35500000417232519 0.91776639223098766 4.8713660240173349 4.5271940231323251 2.814919233322144 0.34498460590839392 0.00027673719159793114 -0.75303810834884632 5.9519429206848153 1.7005987167358401 1.9561370611190798 0.90023696422576915 0.71849352121353161 0.6875409483909608 8.2924227714538592 7.9382672309875497 -0.064317658543586717 0.65844118595123302 1.0000000180025095e-35 0.75304943323135387 0.53888797760009777 0.73939079046249401 0.17752101272344592 2.9700856208801274 -0.25312758982181544 0.081666667014360442 -0.1402710750699043 -0.37737332284450525 0.022724974900484089 -0.55059838294982899 -0.49447669088840479 1.7749999761581423 0.98140987753868114 2.7403194904327397 3.3842465877532963 4.3949999809265146 7.4630761146545419 0.040833333507180221 0.081285018473863616 5.7349567413330087 0.19139194488525393 -0.05654552020132541 4.3241107463836679 0.8938107192516328 4.0163424015045175 1.9341768622398379 5.583489418029786 2.1535910367965703 0.77882471680641185 0.79884988069534313 4.0859410762786874 2.2823361158370976 4.2972624301910409 0.018878406845033172 0.87904992699623119 1.2424533367156985 3.1131258010864262 2.497852206230164 2.4634751081466679
decision_type=2 2 2 2 2 2 2 2 2 2 2 2 2 2 2 2 2 2 2 2 2 2 2 2 2 2 2 2 2 2 2 2 2 2 2 2 2 2 2 2 2 2 2 2 2 2 2 2 2 2 2 2 2 2 2 2 2 2 2 2 2 2
left_child=1 -1 4 24 5 26 7 8 13 -5 -9 14 15 -4 -7 16 35 18 31 -20 22 -22 53 -23 25 -2 28 45 -3 30 -12 56 -33 34 -34 36 -11 -37 39 -39 -40 -42 -43 49 -45 -28 -25 -32 -13 -38 -51 -24 -53 -6 55 -15 57 -17 -59 60 -8 -10
right_child=3 2 6 9 20 11 59 10 61 12 29 48 -14 54 -16 17 -18 -19 19 -21 21 23 51 46 -26 -27 27 -29 -30 -31 47 32 33 -35 -36 37 43 38 40 -41 41 42 -44 44 -46 -47 -48 -49 -50 50 -52 52 -54 -55 -56 -57 -58 58 -60 -61 -62 -63
leaf_value=-0.045113793997169901 0.02431225199216154 -0.050783164117732482 0.044637859118595517 -0.039136586836477881 -0.072498384994150192 -0.0067674818121705328 0.0061208890829801132 -0.079178814571429251 0.017702693665397617 -0.026795191633176375 0.019611543931149264 0.0068534752411213264 0.054310868249845039 -0.032680519266477227 -0.057588632975952826 0.018923596305735296 -0.027839994949903926 0.035151944360936015 0.0034439882486949937 -0.10380572191034246 -0.0099933553690611347 0.0571669506584494 0.040731360642209419 0.018389613936683612 0.044620556687461961 -0.084096391543210885 -0.012124008334375873 -0.01226825535937965 -0.010519203869137829 0.02491199200571164 0.045499141386900054 -0.050269474809494077 -0.08090593453188577 0.031060824735735383 0.024458990366192902 0.0435434132339306 0.019243537628353822 0.0038539079983320617 0.049049179160110062 -0.086929209548333358 0.029662577628889977 -0.098955394406531214 0.0027792519844507826 0.010912553929386231 -0.076836874175435249 -0.038353275204927824 -0.073490955789168214 -0.048979600918412344 -0.074813384461951057 -0.10218354970108381 0.019414851226510186 -0.050789581608508418 0.014754491674578631 -0.0098488949604110115 -0.011575079266237846 -0.010526160020310373 -0.058635260662931656 0.040123034105316549 -0.059820052497341625 0.026644990493567024 -0.068831526138328311 -0.024895250082231035
leaf_weight=285.96298295016459 54.635995472024661 88.512950022079167 16.460625796549721 29.834033051301958 9.950233295443466 2338.8366145356849 2873.3145437830244 9.2301098684547451 126.27552259969525 59.300412310520187 45.838471586437663 505.4967414526036 48.020169868133962 261.94825757085346 25.11857773270458 80.808478542196099 48.365584295592271 233.75126836734125 13.757429353368936 7.5000212375889523 91.644774975953624 34.921821359312162 44.247300708317198 269.0501800403581 327.01425937574822 5.2104126859921953 97.540310803626198 685.10058544171625 46.712992317567114 226.45497713089571 4.8615757102379566 11.075139807770027 8.4713930835714581 251.3354064807063 13.003444933216086 72.695381076191552 208.34214248956414 14.0482873483561 39.568058973294683 10.395383733673951 37.478740086080506 9.1955717761302385 10.763478643959386 14.527406200999396 11.133091354044153 186.76812326395884 4.2676885022083288 28.013778762164293 5.2589130089618257 6.9606260468717691 12.020870578126049 11.431560199125668 41.805593364289962 189.27814206562471 450.84283986574155 125.99555997282732 9.2547648469917458 11.923463199171236 21.195320700411685 93.18213328672573 9.8088043587049452 25.076635298551992
leaf_count=895331 684 165053 4439 67214 4839 622882 264882 3069 14611 23888 5908 48830 198 143898 10828 7696 5610 3512 824 681 15746 1517 5631 17805 1490 224 56746 309360 36347 18437 95 409 391 2671 201 4507 8532 464 440 906 519 621 115 545 1052 104767 1748 5954 739 273 137 3890 5998 36941 158085 51463 513 381 969 1431 961 2114
internal_value=0.000217046 -0.00356995 -0.00224114 0.0210589 -0.00669563 -0.00909395 0.00260627 -0.00616968 -0.0126805 0.0154098 0.0146498 -0.00498518 0.0167262 -0.0167951 -0.00733161 0.0151997 0.00746005 0.0216642 0.0142388 -0.0373595 0.00699825 0.0142353 -0.00277025 0.0214479 0.0398765 0.0136469 -0.0197725 -0.0173262 -0.0370535 0.0177371 -0.00295823 0.0170182 0.0238937 0.027077 -0.0188558 0.0108795 0.00347687 0.022708 0.00998288 -0.0366534 0.0219884 0.00282635 -0.0465772 0.0106503 -0.0286126 -0.0294286 0.0166923 -0.0340775 0.00586806 0.0151883 -0.0280583 0.0187153 3.33774e-06 -0.0133243 -0.0180524 -0.0255308 0.00110824 0.00642941 -0.023717 0.00650214 0.00584211 0.0105278
internal_weight=10940.8 9259.21 8973.25 1681.59 4675.94 3979.35 4297.3 1321 1006.6 1294.73 314.399 2874.71 1264.89 855.247 2363.96 1216.87 554.795 662.076 428.325 21.2575 696.597 399.884 296.713 308.24 386.861 59.8464 1104.63 969.409 135.226 305.169 78.7138 407.067 283.885 272.81 21.4748 506.429 312.285 194.145 121.45 24.4437 97.0058 57.4378 19.9591 252.984 25.6605 284.308 273.318 32.8754 510.756 227.324 18.9815 97.4845 53.2372 199.228 838.787 387.944 123.182 113.927 33.1188 2976.31 2883.12 151.352
internal_count=3156012 3020345 2125014 135667 1449667 1355552 675347 408073 374610 133269 33463 683279 66055 357885 633710 65857 47609 18248 14736 1505 94115 36816 57299 21070 2398 908 672273 470873 201400 30394 11957 13231 3672 3263 592 41999 34427 7572 3065 1370 1695 1255 736 10539 1597 161513 19553 6049 49569 8942 410 15519 9888 41780 353446 195361 9559 9046 1350 267274 265843 16725
is_linear=0
shrinkage=0.05


Tree=22
num_leaves=63
num_cat=0
split_feature=14 3 5 0 4 3 4 4 6 4 21 21 3 6 6 21 19 2 5 5 1 2 23 5 6 18 19 5 21 5 17 23 15 15 1 1 14 23 15 6 17 17 4 21 1 6 15 6 17 0 5 6 23 2 2 3 3 2 0 1 23 18
split_gain=303.887 193.877 65.3328 64.1069 65.4544 65.1128 43.5302 34.6639 32.0866 30.7334 28.7999 25.9295 25.3619 24.0177 31.2596 22.8088 22.4932 22.4467 30.2974 29.7449 25.8682 23.8376 22.9701 22.6925 26.7569 21.4975 21.4651 33.9419 21.0258 20.8789 20.772 20.47 20.334 30.2517 23.7016 43.0094 23.5921 25.8097 19.9273 27.4251 28.3129 19.7617 25.5218 36.6663 36.1795 24.1887 21.1705 28.8799 19.7305 27.6816 19.425 25.3098 19.2979 19.2291 18.9409 19.5051 18.6167 17.9584 20.9902 22.2166 17.7908 34.0339
threshold=1.0000000180025095e-35 1.4978661537170412 0.80037999153137218 2.124262928962708 0.70028248429298412 5.0271592140197763 0.27379700541496282 0.0064258505590260038 0.84122383594512951 0.016861618496477607 1.2221552729606631 -0.6978580355644225 2.9700856208801274 0.69462704658508312 0.68516403436660778 -0.22979346662759778 1.0000000180025095e-35 8.8794727325439471 0.69528639316558849 0.70670390129089367 4.1971738338470468 5.3205649852752694 0.52521198987960827 0.71515509486198436 0.81923615932464611 0.070197045803070082 0.097619049251079573 0.59120419621467601 -1.0361412167549131 0.74959373474121105 0.44222222268581396 0.43819116055965429 0.25499999523162847 4.3949999809265146 6.7827587127685556 7.3175444602966317 0.89587974548339855 0.50352385640144359 4.0150001049041757 0.76439791917800914 1.0000000180025095e-35 0.097619049251079573 0.30532830953598028 0.31013733148574835 6.535966396331788 0.7217051386833192 0.2950000017881394 0.79501542448997509 0.1695402339100838 2.3336738348007207 0.83150210976600658 0.81923615932464611 1.7478944063186648 8.6695704460144061 8.1514778137207049 2.8029010295867924 3.0677825212478642 9.8751802444458026 1.920303523540497 7.9386239051818857 -0.26863868534564966 0.1132478639483452
decision_type=2 2 2 2 2 2 2 2 2 2 2 2 2 2 2 2 2 2 2 2 2 2 2 2 2 2 2 2 2 2 2 2 2 2 2 2 2 2 2 2 2 2 2 2 2 2 2 2 2 2 2 2 2 2 2 2 2 2 2 2 2 2
left_child=1 -1 7 4 5 9 17 11 13 -3 16 53 -11 14 26 -13 29 18 21 25 22 -5 31 -22 -25 -20 27 -8 -4 -6 -31 -21 -9 36 -35 -36 -34 -38 39 56 -41 -15 -43 45 52 -44 -47 -48 49 54 51 -7 -45 -2 -17 -56 -14 58 59 -37 61 -30
right_child=2 3 28 6 10 50 8 32 -10 12 -12 15 38 41 -16 48 -18 -19 19 20 23 -23 -24 24 -26 -27 -28 -29 60 30 -32 -33 33 34 35 57 37 -39 -40 40 -42 42 43 44 -46 46 47 -49 -50 -51 -52 -53 -54 -55 55 -57 -58 -59 -60 -61 -62 -63
leaf_value=-0.045029302074938077 -0.028290138022784374 -0.032348463261611622 -0.046903454125939686 0.034807366984738547 -0.01182932238256906 -0.0043057249648852242 0.0069393684100152696 0.037565044956937556 0.036776560604622074 -0.047173118325307239 -0.076646631460579651 -0.061976296290663771 0.049737515055035625 0.018347703927232142 -0.080510669096033938 -0.05880173713845626 0.0091239320541148042 0.0083631903293375134 -0.00036607521483576994 -0.0024930970472516237 -0.056062229315844848 -0.012388640834275615 0.019052074285115603 -1.1808401114619588e-05 -0.032859174126403372 0.047887304279352838 0.018662822533386112 -0.073739019099678657 -0.064924623096469722 0.02034390935502051 -0.080755957525855876 -0.082778491267743948 0.0060117641191373104 0.032243460947912368 -0.090047210020029606 -0.09729022473322152 -0.090624398354923141 -0.0079062753383608679 0.0033337476515772958 -0.044284013313892374 0.0036606446033395947 0.030997785016239524 -0.088783046911946051 -0.075005611251880794 0.015770566314042354 0.016918476474482247 -0.072345548047884484 0.010649658631483871 -0.061543400459568423 0.037982558565194745 0.023283944282663491 -0.055441961619495467 -0.00013941819637701931 0.046545597329450579 0.058238797128772307 -0.040625720276140254 -0.020285801955994151 0.038675854923422216 0.047373146298243018 -0.0022046231470594212 0.034072296830965153 0.024316901204241168
leaf_weight=277.74687619310862 11.705120376369448 264.39925988996401 7.7914928486570707 26.756225848337635 295.54894305963535 2669.4838156011538 32.149869927205145 86.136775936582126 109.8272017003037 53.448653885541717 9.9728352144593355 28.166416278196266 8.6835136542795208 453.01449573528953 13.785412541939875 19.788917668629438 885.13151150499471 487.26553025623434 38.163239309273195 102.88004218821879 22.705594346858561 782.28759353980422 224.49109395500273 353.30037990896381 74.192765239073196 57.35088024137076 55.267017079982907 20.753724321257323 12.392714795569189 91.448185687273508 4.4001996661536387 7.610036391997709 268.90933543117717 214.72111971920822 9.754783926648086 5.7190826330333939 12.610343357489908 31.427445621811785 176.04751631652471 33.780330026871525 267.66494544097804 64.193342611484695 5.4777875153813502 37.814175300649367 23.99228009727085 176.14582568977494 16.246885384316556 26.175057429354638 14.222028383926952 28.560523615597049 62.168443346628919 23.427659146604128 11.065103448345324 26.390963106357958 9.2901824729633535 8.7262623030692321 810.45820957885007 46.829705790034495 18.696921116439626 72.277116419980302 648.68926577287493 51.939233638695441
leaf_count=921438 12551 212695 438 2806 64280 573452 3332 672 2002 77330 6060 24793 3831 20007 2076 36084 139807 41313 9005 14501 8217 186251 14681 83002 19683 4516 3743 3444 1320 14815 1242 1545 17055 2473 504 378 1639 1259 64149 19457 88617 2461 858 2586 1301 6392 1569 862 11794 4702 3668 4338 561 1111 2868 919 388568 393 210 3531 9343 1619
internal_value=-0.000423535 -0.00396926 0.0194275 -0.00267992 -0.00588661 -0.00880472 0.00294776 0.0105325 0.011326 -0.016775 0.00402381 -0.0116634 -0.0137034 0.00830387 -0.0123161 -0.0240531 0.00471355 -0.00108078 -0.00380745 0.00260901 -0.000610013 -0.0107868 0.0098945 -0.00843075 -0.00577595 0.0288033 -0.00296744 -0.025491 0.0306753 -0.00525823 0.0149167 -0.00871565 0.0147914 0.0118597 0.021558 0.0064771 0.00042307 -0.0330791 -0.0122885 -0.0147435 -0.00184075 0.0114041 0.00266664 -0.00354203 -0.0340973 0.00650353 0.00928509 -0.0220702 -0.0102013 0.0015514 -0.00412973 -0.00477101 -0.0584003 0.0234166 -0.0262405 0.0107355 -0.0194838 0.0136152 0.00120639 -0.0103201 0.0315876 0.00639505
internal_weight=10791.5 9156.72 1634.75 8878.98 5656.06 4369.56 3222.91 913.933 1045.91 1614.48 1286.5 146.85 1350.08 936.081 121.956 108.754 1276.53 2177 1689.74 880.694 785.18 809.044 334.981 450.199 427.493 95.5141 108.171 52.9036 720.813 391.397 95.8484 110.49 767.083 680.946 367.999 153.278 312.947 44.0378 1296.63 1120.59 301.445 814.125 361.11 296.917 72.8716 224.046 218.568 42.4219 80.5879 66.3659 2755.08 2692.91 48.8793 38.0961 37.8054 18.0164 819.142 143.523 96.6931 77.9962 713.021 64.3319
internal_count=3156117 3020461 135656 2099023 1662309 1436105 436714 122936 51194 854647 226204 94822 641952 49192 12595 81160 220144 385520 344207 155150 141629 189057 30727 110902 102685 13521 10519 6776 12720 80337 16057 16046 28114 27442 7489 5016 19953 2898 564622 500473 108074 36597 16590 14129 4448 9681 8823 2431 56367 44573 581458 577790 3147 13662 39871 3787 392399 4512 4119 3909 12282 2939
is_linear=0
shrinkage=0.05


Tree=23
num_leaves=63
num_cat=0
split_feature=14 3 15 1 14 5 3 3 3 21 21 15 17 21 19 3 11 0 21 1 0 19 15 15 6 0 3 0 7 3 3 5 6 21 17 15 15 19 17 15 6 19 5 5 23 3 3 19 6 15 21 15 15 3 0 23 5 3 0 3 15 6
split_gain=276.022 198.008 60.289 57.0785 42.3909 39.7647 39.5753 36.0238 32.7849 26.7192 24.8374 31.3513 20.0267 25.8227 27.567 21.1006 20.1731 19.1693 19.0338 22.1126 19.4445 18.4579 21.5045 18.4534 24.1934 17.7952 17.7137 20.2922 17.4521 24.2477 17.8961 17.0295 16.8097 22.5057 21.618 19.8309 19.8041 31.9924 17.3296 16.6116 16.4729 16.0073 15.7393 15.5588 29.4877 23.9042 17.5767 15.0539 14.7687 19.0054 14.6071 16.764 17.3 15.3133 14.3601 14.2341 14.2304 22.2803 16.0032 39.8565 29.4021 16.9693
threshold=1.0000000180025095e-35 2.0126758217811589 0.25499999523162847 7.5167052745819101 0.89587974548339855 0.80827856063842785 1.2424533367156985 4.3502571582794198 2.8029010295867924 -0.22979346662759778 0.13575922697782519 0.31499999761581426 0.051315790042281158 0.40714851021766668 0.42582418024539953 4.8713660240173349 1.0000000180025095e-35 1.9561370611190798 0.78749999403953563 5.5740516185760507 2.2360481023788457 0.36515152454376226 0.2950000017881394 1.7549999952316286 0.81466323137283336 -0.051602672785520547 5.2958111763000497 1.5963725447654726 1.0000000180025095e-35 3.9219243526458745 4.5379471778869638 0.59671160578727733 0.7459317445755006 0.53066724538803112 0.067816093564033522 1.7050000429153445 0.24499999731779101 0.2981481552124024 0.078461539000272765 4.2449998855590829 0.69384723901748668 0.5313725769519807 0.76687467098236095 0.6190304458141328 1.3685997128486636 3.9219243526458745 6.0447778701782235 0.45993590354919439 0.83537909388542186 0.33500000834465032 0.73689222335815441 0.064999999478459372 0.085000000894069686 5.6750385761260995 1.5590507388114931 2.497852206230164 0.77195149660110485 5.64367699623108 2.1535910367965703 5.9067223072052011 0.46500000357627874 0.60696911811828624
decision_type=2 2 2 2 2 2 2 2 2 2 2 2 2 2 2 2 2 2 2 2 2 2 2 2 2 2 2 2 2 2 2 2 2 2 2 2 2 2 2 2 2 2 2 2 2 2 2 2 2 2 2 2 2 2 2 2 2 2 2 2 2 2
left_child=1 23 -2 5 6 7 41 10 -5 28 17 -12 13 14 15 -11 25 -3 55 -20 31 -17 -23 24 -1 -15 -27 54 -10 -30 -31 -21 43 34 35 -34 -35 -38 -36 -6 -33 -4 -42 46 45 -45 -14 -26 -19 -50 51 -7 -53 -54 -28 -9 58 -58 60 61 -8 -60
right_child=2 3 4 8 39 50 56 18 9 12 11 -13 32 16 -16 21 -18 48 19 20 -22 22 -24 -25 47 26 27 -29 29 30 -32 40 33 36 38 -37 37 -39 -40 -41 42 -43 -44 44 -46 -47 -48 -49 49 -51 -52 52 53 -55 -56 -57 57 -59 59 -61 -62 -63
leaf_value=-0.040030883393052726 0.040828425022093245 0.023544198648759774 -0.044590557107126783 -0.038585414359652008 0.015664334928099707 0.049793630465827063 -0.10516362770136374 0.0036589918314918531 -0.026989732818841452 -0.023625041226009929 0.023191879788582028 -0.009533540942598083 -0.0018191078816967453 -0.035340825963061144 -0.035324693051088825 -0.0076154914510183844 0.051456429544023144 -0.021445436807883196 -0.087510431781764153 -0.072335178270746855 0.021668050338017268 0.044960995518091705 -0.013252040402600774 -0.056913471774774731 0.023391352054840647 -0.0075063105708547233 0.00048813992100052119 0.021839957867783685 0.033629509243500201 -0.033442360513745426 -0.0085563747035182266 0.021207289780512679 0.032846145903734934 -0.038814252731637695 -0.07547341428747073 -0.04957251790059955 -0.053467619466043906 0.03874042272026447 0.0056164238290805149 0.03741659504551819 -0.063473712201110172 0.028719547570363237 0.032938574746756558 -0.054366414579807856 -0.031663068076775332 0.001928132705005023 0.028235130952956395 -0.055130246403761719 -0.084344218202362306 0.023293276235475151 0.04257428124365642 -0.084735954219655574 0.0066628177291494645 0.027587522783857229 -0.068115304239214775 -0.081742370891146832 0.013397338311036648 0.04433886163019804 -0.086954338862536118 -0.10821922759888919 -0.00089456273421987349 0.017638752870987352
leaf_weight=158.62759715724678 265.97539810882881 27.634639289288316 43.770024267854751 74.191708510188619 144.7874096466694 26.612856236635707 5.9876136070815837 2868.4370623908471 172.62259791750694 195.43215818810859 109.83827917318558 214.45591865418828 313.28400523637538 34.850318556360435 111.56915829970967 661.30802171095274 17.803457089234143 418.32423013518564 9.5404635478043911 14.597651465563102 29.697875636513345 36.474746868130751 26.878371051396243 125.60040261574613 26.927964677350246 328.37783878619666 182.3875103702303 157.95871926029213 30.428134966641665 80.073693782149348 679.66005038225558 20.127250644261949 114.05162826314336 49.353203635197133 5.6612077730824231 6.9212573999539009 13.153462755377403 27.116796881251503 634.37856409186497 231.17871236914652 16.230634838459086 8.2137598880799469 4.9137906411197028 19.362861753063044 122.6910255466646 254.35539040330332 56.569901028648019 6.8217172960139569 3.6563762910664073 34.107448623341043 40.115554075746331 3.8067526988452292 464.33431740041124 107.05650766100734 6.9602515393635249 3.8891280777752391 358.67309977143304 68.91492233320605 2.9552544002654022 5.584054419072344 209.02195460055373 289.30873631258146
leaf_count=445878 1493 10892 70294 89667 9033 232 341 311555 108005 101976 11782 75318 85884 13295 41703 170510 1412 186078 1450 4762 2384 3491 7713 489570 33491 122426 49992 19784 3261 45413 229992 2669 11750 18711 1951 4023 6046 4637 98334 9022 4013 3805 355 13303 39433 56580 3906 13584 533 5849 2621 235 58448 2182 2401 784 7792 304 274 199 19190 14105
internal_value=0.000157728 -0.00322381 0.019078 -0.00182573 0.0148236 0.00219219 0.00939012 0.000234707 -0.00584643 -0.00527796 -0.00911834 0.00158776 -0.00318113 -0.00687019 -0.0119551 -0.00908601 0.000338831 -0.0162843 0.00278371 -0.0191072 -0.0105576 -0.00513786 0.0204412 -0.0419253 -0.0318961 -0.00101251 0.000807678 0.00866753 -0.0126215 -0.00945238 -0.0112198 -0.0277673 0.000836185 0.00567169 0.00846723 0.0277629 -0.0178973 0.00805676 0.00478256 0.0291034 -0.0106655 -0.0326837 -0.0405926 -0.00453216 -0.0114017 -0.00223755 0.00284149 0.00639026 -0.0187438 0.0109646 0.0136867 0.0116937 0.00984757 0.0106246 -0.00237826 0.00351495 0.011748 0.018476 0.00611359 0.0135997 -0.00427167 0.0162883
internal_weight=10783.6 9149.23 1634.37 8831.25 1368.4 4417.38 992.429 3775.45 4413.88 4339.68 808.017 324.294 3376.9 1760 1031.66 920.093 728.338 483.723 2967.43 95.1077 85.5672 724.661 63.3531 317.978 192.377 710.535 675.684 347.306 962.784 790.162 759.734 55.8693 1616.9 850.636 761.013 120.973 89.6235 40.2703 640.04 375.966 41.2717 51.9838 21.1444 766.263 396.409 273.718 369.854 33.7497 456.088 37.7638 641.926 601.81 575.198 571.391 189.348 2872.33 940.446 427.588 512.858 297.848 215.01 292.264
internal_count=3156116 3020264 135852 2037741 134359 682142 116304 618424 1355599 1265932 290452 87100 879261 534703 325393 283690 209310 203352 327972 15633 14183 181714 11204 982523 492953 207898 194603 72177 386671 278666 275405 11799 344558 145452 116058 15773 29394 10683 100285 18055 7037 74099 4368 199106 109316 69883 89790 47075 192460 6382 63718 61097 60865 60630 52393 312339 42205 8096 34109 14578 19531 14379
is_linear=0
shrinkage=0.05


Tree=24
num_leaves=63
num_cat=0
split_feature=9 3 15 4 18 15 18 4 18 3 19 21 5 5 21 21 21 2 2 15 19 19 23 21 5 15 3 15 5 15 15 4 5 21 4 17 15 3 5 3 23 5 17 4 17 21 23 18 5 4 4 21 18 21 15 18 3 21 5 17 19 23
split_gain=276.853 178.001 65.6994 63.333 42.9593 36.7242 36.6739 36.661 29.8646 35.3136 25.0885 21.8785 21.5914 21.4169 19.46 23.9333 21.3647 24.4009 20.2234 19.4551 22.5046 19.5491 18.8444 18.4804 19.902 16.6583 16.5501 25.7869 16.4942 16.3993 16.1884 20.4788 15.6874 15.2373 29.559 25.9881 26.9424 20.9708 20.2203 19.0843 15.2247 15.1198 26.7741 15.0842 18.7285 24.582 23.1448 26.398 24.6489 19.8226 19.7658 17.9419 25.4497 18.0134 30.3058 23.8839 23.4813 18.4397 16.0972 19.7961 18.817 15.0692
threshold=1.0000000180025095e-35 2.6020033359527592 0.35500000417232519 0.20670370012521747 0.057189542800188072 1.8450000286102297 1.0000000180025095e-35 0.0089957197196781653 1.0000000180025095e-35 5.4722616672515878 0.51925924420356762 0.3697048574686051 0.76344707608222973 0.75833097100257885 0.37725751101970678 0.43932217359542852 0.44755390286445623 6.1622610092163095 7.1887903213500985 5.9749999046325692 0.3390804678201676 0.46547618508338934 0.87261205911636364 -0.45481054484844202 0.69690319895744335 5.305000066757203 5.3351285457611093 0.044999999925494201 0.74446338415145885 2.5149999856948857 7.0450000762939462 0.0087757804431021231 0.73939079046249401 -0.13041807711124417 0.98164984583854686 0.10912698507308961 0.43500000238418585 5.1957268714904794 0.82160615921020519 3.0201274156570439 2.2044274806976323 0.6033778488636018 0.033908046782016761 0.025895559228956703 0.19615384936332705 0.40714851021766668 0.35859398543834692 0.12249999865889551 0.7255036234855653 0.18984656780958178 0.099894959479570403 0.1913598030805588 0.32738095521926885 0.14116969704627993 4.1849999427795419 0.067816093564033522 4.6200466156005868 0.11938588693737985 0.78570854663848888 0.10172414034605028 0.20761494338512423 1.6405431032180788
decision_type=2 2 2 2 2 2 2 2 2 2 2 2 2 2 2 2 2 2 2 2 2 2 2 2 2 2 2 2 2 2 2 2 2 2 2 2 2 2 2 2 2 2 2 2 2 2 2 2 2 2 2 2 2 2 2 2 2 2 2 2 2 2
left_child=1 5 32 8 -5 6 -1 19 9 -3 -9 22 13 14 18 -16 -17 -18 -6 25 41 -22 -8 24 29 -4 27 -14 -26 -10 43 -32 -2 38 35 36 -35 39 -29 -37 -15 42 -21 58 45 51 -46 48 -48 -47 -49 53 -53 54 56 -56 -45 -58 -25 -60 -61 -40
right_child=2 3 7 4 12 -7 11 10 23 -11 -12 -13 26 40 15 16 17 -19 -20 20 21 -23 -24 30 28 -27 -28 33 -30 -31 31 -33 -34 34 -36 37 -38 -39 61 -41 -42 -43 -44 44 46 49 47 50 -50 -51 -52 52 -54 -55 55 -57 57 -59 59 60 -62 -63
leaf_value=-0.044514265516744145 0.011560999567572495 -0.01609919602392576 -0.010529592436251742 -0.0026350859850773839 0.0043975639044716817 -0.055737654975627271 0.015297272003987889 0.013979280121981873 -0.024263411170238836 -0.00059018431559307424 0.03473440961828022 -0.051778639815426158 0.035724791176428704 -0.06155130081898863 -0.033497307249497989 0.04304582632288885 0.0054393796428274712 -0.027711805170768645 0.021618036341863836 0.025631996751983771 -0.085715102900084772 -0.0011883009396908152 -0.022471647194483524 -0.01880878990197184 -0.052750604188403521 -0.070918527574982723 0.024643969149740104 -0.011328592045931929 -0.015674665864477435 0.0034500796615961789 -0.03248223746980456 0.020290129149082781 0.041517644301351339 -0.047785319638335079 -0.085813182182215356 -0.072441162358153455 0.049141349987028224 -0.086574555709910683 0.041653453301030895 0.015213346110259554 0.049975389475355417 0.03261730684952148 -0.068931227085600705 -0.021188863358855857 0.030727252439709044 0.016052138465552059 -0.0032458891988326934 0.021062183272574836 -0.070356024344560578 -0.058637110563299781 -0.012749055224930778 -0.03223138898612863 0.038291112701932695 0.022108640639545759 -0.013112797192008094 -0.077779221352791042 0.0094591982820533688 -0.077283154603007567 0.037191677213071754 0.0090259361898678992 -0.050016486140154949 -0.06899837990876008
leaf_weight=126.82162984623574 51.890169662889093 1283.6554032744025 126.38448630346102 2644.8501785047993 941.62536112155067 143.74799741600873 78.293257048804662 822.57968510617502 72.908338900131639 513.96380087384023 176.9409015905112 23.558998497173889 68.538963512051851 18.436725289328027 63.091716435854323 25.506138738710433 194.74446343618911 76.50491498154588 207.42229505744763 19.893604317170688 8.7000463844160532 23.299988195300102 55.599888449185528 227.35535366629483 43.621134222514229 11.629421792109495 248.33138052467257 34.663013391662389 95.841499253350776 191.49503844941501 19.975324162631296 152.51404958195053 312.1446501154569 42.320840302156284 9.7553112263558415 5.4835355667746617 7.7465111024212083 4.608134582056663 57.625531379308086 156.8625441903132 2.8537467889254904 78.123559964456945 10.683339459457782 107.06202124041738 96.943935088638682 171.53749940678244 39.061770599451847 141.28178801765898 20.145013211120386 8.3955064470646885 61.296729526191484 119.80392720655072 13.46267116256058 56.558528065506835 34.149589964188635 24.177602547919378 221.94488379155518 5.3069632665719828 31.820557432132773 38.816016779805068 19.494600179081317 2.3650407974491818
leaf_count=372617 883 604910 63394 602156 99205 513764 58130 23982 34262 91777 2162 25933 2129 3650 7513 860 26428 10207 5428 5983 3659 4102 99449 73453 19054 11111 7055 7156 25139 49268 15138 16274 1505 10413 1067 2870 418 870 2324 14263 84 13081 5788 42753 10143 24845 8117 11650 5815 2658 7186 26648 799 7424 5664 4561 37001 1597 6338 6899 5326 508
internal_value=-0.000308462 -0.00373493 0.0185727 -0.00217126 0.00164174 -0.0351692 -0.0246095 0.0132168 -0.00698427 -0.0116678 0.0176845 -0.0083972 0.00685688 0.00362998 0.00434596 -0.00578914 0.000194475 -0.00397824 0.00752224 -0.00281104 0.0102376 -0.0260702 -0.000436807 -0.00280227 -0.012352 -0.0160917 0.0145749 0.00811627 -0.0275643 -0.00425445 -0.000402202 0.0140268 0.0372909 0.00213674 -0.00490309 -0.000889196 -0.03212 0.008612 0.0188781 0.0118273 -0.045031 0.0210664 -0.00854428 -0.00214077 0.0005866 -0.00384613 0.00999189 0.00222549 -0.0268693 0.0122624 0.0108191 -0.00883479 -0.024875 -0.00403136 -0.00784333 -0.0407773 -0.00199292 0.00710381 -0.0117434 0.00608969 -0.0112238 0.0362314
internal_weight=10696.2 9053.95 1642.27 8625.93 4813.34 428.022 284.274 1278.24 3812.59 1797.62 999.521 157.452 2168.49 1530.19 1508.89 359.847 296.756 271.249 1149.05 278.714 140.701 32 133.893 2014.97 403.866 138.014 638.301 389.969 139.463 264.403 1611.1 172.489 364.035 321.43 226.777 217.022 50.0674 166.954 94.6536 162.346 21.2905 108.701 30.5769 1438.61 1121.13 762.399 358.729 261.785 59.2068 179.933 202.579 582.466 133.267 449.2 392.641 58.3272 334.314 227.252 317.487 90.1312 58.3106 59.9906
internal_count=3154846 3019196 135650 1949303 804604 1069893 556129 133262 1144699 696687 26144 183512 202448 153375 149641 45008 37495 36635 104633 107118 32613 7761 157579 448012 127723 74505 49073 42018 44193 83530 320289 31412 2388 39889 29901 28834 10831 18003 9988 17133 3734 24852 11771 288877 196861 153950 42911 32768 13932 27503 18836 126447 27447 99000 91576 10225 81351 38598 92016 18563 12225 2832
is_linear=0
shrinkage=0.05


Tree=25
num_leaves=63
num_cat=0
split_feature=9 3 1 4 4 4 0 1 1 3 3 1 1 3 17 19 6 6 3 1 3 19 23 23 19 19 3 13 23 0 23 21 3 11 19 6 3 21 21 0 21 0 6 19 17 17 21 6 1 21 4 3 11 6 17 4 0 23 23 4 0 3
split_gain=247.062 184.305 69.7761 64.0567 60.5838 48.8523 40.1159 39.5219 36.2618 32.5458 28.9577 25.4728 23.6898 21.9043 23.3218 25.9813 26.6274 37.9882 29.2691 25.2686 21.6443 24.5601 20.9084 21.7215 20.1571 20.2889 20.1493 19.698 54.6912 27.5766 47.1509 21.0532 29.1092 21.0176 20.7919 19.5112 28.6796 19.3612 19.3026 21.3942 19.0995 21.8101 18.8492 18.4697 18.4391 22.7182 17.5961 17.376 16.995 16.9345 16.8962 16.7387 28.0782 16.7274 16.7004 16.5649 16.5349 16.2074 17.6429 17.3218 15.8678 16.1315
threshold=1.0000000180025095e-35 1.7005987167358401 6.7827587127685556 0.18984656780958178 0.3939062505960465 0.17798894643783572 2.7140035629272465 6.140960931777955 2.7403194904327397 4.4829866886138925 1.2424533367156985 6.8632805347442636 8.0741820335388201 3.9415346384048466 0.11882352828979494 0.057189542800188072 0.68339741230010997 0.6913517713546754 4.7833075523376474 6.0318858623504648 4.4484992027282724 0.040833333507180221 1.1840482354164126 1.045460104942322 0.52277433872222911 0.45643940567970281 5.7853612899780282 1.0000000180025095e-35 1.0777355432510378 1.1281968355178835 1.02805632352829 -0.020233966410160061 6.1279549598693857 1.0000000180025095e-35 0.08893280848860742 0.73419269919395458 5.1845848560333261 -0.30703456699848169 -0.71193596720695485 2.8840651512146001 0.13575922697782519 1.6257632374763491 0.70018535852432262 1.0000000180025095e-35 0.22902098298072818 0.13484849035739901 0.62859004735946666 0.73809832334518444 6.6234009265899667 0.52088662981987011 0.42320513725280767 3.8393944501876835 1.0000000180025095e-35 0.67234274744987499 0.15192308276891711 0.1446998789906502 0.78023257851600658 0.035216372460126884 0.22880109399557116 0.53217735886573803 2.9702482223510747 3.7256208658218388
decision_type=2 2 2 2 2 2 2 2 2 2 2 2 2 2 2 2 2 2 2 2 2 2 2 2 2 2 2 2 2 2 2 2 2 2 2 2 2 2 2 2 2 2 2 2 2 2 2 2 2 2 2 2 2 2 2 2 2 2 2 2 2 2
left_child=1 -1 5 6 9 7 8 13 -2 -4 11 48 -11 60 15 -15 18 -18 -17 -20 21 -8 23 26 25 55 42 28 44 30 -29 32 33 -30 35 50 -37 -25 39 -23 41 -36 53 -31 45 56 -7 -26 -10 -38 -33 -9 -53 -12 -16 -19 -6 59 -59 -58 -3 -62
right_child=3 2 4 -5 27 46 20 51 10 12 22 -13 -14 14 54 16 17 24 19 -21 -22 38 -24 37 47 -27 -28 29 31 43 -32 34 -34 -35 40 36 49 -39 -40 -41 -42 -43 -44 -45 -46 -47 -48 -49 -50 -51 -52 52 -54 -55 -56 -57 57 58 -60 -61 61 -63
leaf_value=-0.044281424470718131 -0.1000675259566662 -0.015454123701305564 -0.021620255702048466 0.035448015430682149 -0.041437069626155947 0.0083336334000849912 -0.041555123733006329 -0.047934213170337601 -0.024823066433533401 -0.0025757976952081414 0.0040428609659830762 -0.062029445047646153 -0.012407496294967287 0.016325684031619221 0.029048237826654583 0.0068931454575185125 0.046568168921841367 -0.0079826682461968165 -0.082757425433626047 0.02347597735660668 0.034366737329982674 0.02451784658600227 0.021505735676690674 1.9901428637575172e-06 0.041435702348125908 -0.058525807120683372 -0.071581387832912804 0.012174557808508206 -0.022675777232020192 -0.020850731839103534 -0.021479502901725164 0.032505713345346458 0.035171991321095733 0.037825329154239778 -0.0063585138391153949 -0.016376266378372275 0.039838475231025905 -0.096728195233661385 0.020375140349208547 -0.08125018548067646 0.0021422005549494648 -0.083198320136700407 -0.002126007187809878 0.036482774688437955 0.0083884362409189488 -0.048353864623350271 0.025992309642821267 -0.0065475358778007949 0.068284386469279548 -0.020319201931989859 0.0026159355755036705 -0.01662686406075772 0.048930349199531847 0.035432922491712836 0.007869111778793977 -0.085778952828897331 -0.029806870083191078 -0.043847650887457568 -0.010699972159188319 0.032632839575877259 0.010921362461122562 -0.073248163800894064
leaf_weight=271.32573345443234 7.2460151768755159 262.94112146677799 550.44679891644046 374.5179143093992 47.072057300742017 1248.4784994157963 17.864141993341036 38.037080106150825 11.460919251316229 1073.3214074034477 89.23553097830154 27.686056507081958 1428.6657740780502 143.45908158353996 122.6526257651858 22.032996673486196 33.812498994753696 199.70947666640859 31.586453414289281 6.2970373381394884 217.48533625574782 8.3190122529631498 200.90767464059172 10.460496750893073 31.529898983309977 23.969740061322227 7.5319433888653284 357.94438359478954 163.93227433931315 15.533630198158788 145.58813678097795 54.252427703177091 29.792313894955441 14.822831559809854 25.235942117316881 31.886753901053453 146.54391053831205 9.2341754093067703 292.31488774981699 9.2018082101712917 274.80103925539879 13.734322553151285 273.3379642177606 104.86549943196587 87.933515898359474 49.015472346509341 158.46174034290016 44.378928352263756 7.1254130558372699 12.107154875062404 329.29073727203649 302.95019937684992 16.305311726522632 80.441695317917038 381.74303612648509 6.1040902506792909 14.56462050823029 43.058344006800326 472.67978083252092 38.51144960016245 110.92724519711919 5.0045112349325782
leaf_count=946860 1164 117061 390514 2590 25865 65270 1569 27328 10255 243770 5574 66691 501004 21238 8778 5514 1611 29938 3106 386 1444 391 6067 439 1974 4619 262 62086 45478 2410 52127 8819 1688 1127 5535 9610 6835 1061 10956 853 46572 2408 22056 4437 13885 13254 9245 5977 1489 2166 64575 89535 1431 2927 30678 1330 5944 12213 103935 7738 13874 1168
internal_value=-0.000514981 -0.00377573 -0.00250987 0.0172981 -0.00590883 0.003377 0.0119215 -0.00211841 0.00420275 -0.0106202 0.00539371 -0.0324473 -0.00819253 0.00161021 0.00533678 -0.00185578 -0.00841043 -0.00293981 -0.0388515 -0.0649496 0.0221548 0.0139702 0.00804704 0.00226347 -0.00854986 -0.0159152 0.00455446 -9.1961e-05 -0.0026842 0.00758303 0.00242075 0.00444028 -0.00982325 -0.0174764 0.00779792 0.0134469 0.0264858 -0.0478341 0.017295 -0.0324185 -0.00254747 -0.0348432 0.00600719 0.0289749 -0.0130521 -0.015896 0.0103396 0.0136627 0.0125353 0.0351491 0.0069174 -0.0169643 -0.0131363 0.0190449 0.0130665 -0.0106936 -0.0132387 -0.0108365 -0.0135469 0.0152644 -0.00867764 0.00669261
internal_weight=10631.7 8987.31 8715.98 1644.37 5525.6 3190.38 1269.85 1783.44 724.668 3052.43 717.422 46.2724 2501.99 1426.15 1047.28 542.88 399.421 339.505 59.9165 37.8835 545.185 327.7 671.149 470.242 305.692 229.783 450.547 2473.17 1849.23 623.932 503.533 1096.4 208.547 178.755 887.852 574.081 190.538 19.6947 309.836 17.5208 313.771 38.9703 443.015 120.399 752.835 664.902 1406.94 75.9088 18.5863 158.651 383.543 357.293 319.256 169.677 504.396 205.814 615.886 568.814 515.738 53.0761 378.873 115.932
internal_count=3156704 3020916 2074056 135788 1633995 440061 133198 365546 117985 1135288 116821 78435 744774 247252 115149 75693 54455 45449 9006 3492 15213 13769 38386 32319 43838 35887 30819 498707 377647 121060 114213 194813 48293 46605 146520 92005 18611 1500 12200 1244 54515 7943 30557 6847 182834 168949 74515 7951 11744 9001 73394 118294 90966 8501 39456 31268 155695 129830 116148 13682 132103 15042
is_linear=0
shrinkage=0.05


Tree=26
num_leaves=63
num_cat=0
split_feature=9 4 18 15 3 0 1 4 4 7 15 23 5 6 4 2 5 15 19 1 15 15 5 3 0 6 4 4 4 5 23 5 3 3 1 5 0 23 6 0 5 5 5 23 4 3 2 6 23 3 1 4 3 1 3 14 2 15 4 18 18 3
split_gain=279.023 175.912 101.312 66.1496 65.0728 39.686 38.1826 33.8432 32.9501 25.2663 24.6183 36.4801 25.3309 23.9198 22.6243 22.0226 20.3797 19.7165 29.6275 23.6784 23.1101 20.2977 19.522 27.2034 19.0811 19.3137 18.9578 18.6005 18.5421 18.0481 25.1787 19.8952 18.6434 17.5843 16.0985 15.7319 15.6676 15.4921 22.6225 15.8466 18.997 21.6918 15.0249 14.8555 25.155 14.7349 14.3098 16.5421 24.5757 22.3441 16.1355 14.2125 16.2158 15.5091 21.1612 14.1873 24.0117 21.3145 14.0407 13.9565 36.242 16.7528
threshold=1.0000000180025095e-35 0.0032229989301413302 1.0000000180025095e-35 0.36500000953674322 5.3867835998535165 3.3746581077575688 6.7446477413177499 0.00027673719159793114 0.97272503376007091 1.0000000180025095e-35 4.4149999618530282 -0.85041618347167958 0.85238444805145275 0.82638147473335277 0.0047426167875528344 8.9874467849731463 0.5076354742050172 0.27500000596046453 1.0000000180025095e-35 3.7726949453353886 2.4650000333786015 0.30500000715255743 0.82874381542205822 4.8081026077270517 1.788331210613251 0.77644079923629772 0.020531645044684414 0.25037313997745519 0.011072859168052675 0.81427809596061718 1.8962246775627138 0.78225356340408336 2.6735538244247441 2.5249279737472539 6.351757526397706 0.53476160764694225 2.1436136960983281 1.1387766003608706 0.72100171446800243 2.814919233322144 0.52835890650749218 0.63871178030967724 0.45633769035339361 2.2888658046722417 0.45768626034259802 2.8029010295867924 7.6125838756561288 0.72838109731674205 0.18173730373382571 5.533381700515748 5.3107368946075448 0.63755404949188244 5.3589394092559823 7.5701854228973398 4.4005842208862314 0.89587974548339855 7.3045156002044687 4.6250000000000009 0.044196998700499542 0.093073595315217986 0.18898809701204303 4.8865754604339608
decision_type=2 2 2 2 2 2 2 2 2 2 2 2 2 2 2 2 2 2 2 2 2 2 2 2 2 2 2 2 2 2 2 2 2 2 2 2 2 2 2 2 2 2 2 2 2 2 2 2 2 2 2 2 2 2 2 2 2 2 2 2 2 2
left_child=1 -1 4 -2 8 7 17 -5 9 35 11 -9 14 24 -13 22 -11 43 21 -20 26 -19 29 -24 25 -6 -21 -8 -22 30 31 -16 33 -33 46 -3 -36 -28 -39 40 -40 -42 -29 -4 -45 -44 47 48 -23 50 -49 53 -53 54 -18 57 -57 -12 -48 -43 -61 -62
right_child=3 2 6 5 13 -7 27 10 -10 16 55 12 -14 -15 15 -17 51 18 19 20 28 34 23 -25 -26 -27 37 42 -30 -31 -32 32 -34 -35 36 -37 -38 38 39 -41 41 59 45 44 -46 -47 58 49 -50 -51 -52 52 -54 -55 -56 56 -58 -59 -60 60 61 -63
leaf_value=-0.045185400431565673 0.03636255451969788 -0.0038010351880303547 0.015094511912525845 -0.048875813162534566 -0.0067397532965933205 0.032356354726282059 -0.0088915618267268477 -0.064529246625459891 0.0089211404475829734 -0.03163258705783481 0.045889760530924369 -0.062998226312899988 0.020088019851812754 0.042064860111271231 0.006344667856217694 -0.096782823341056201 -0.020540158649936562 -0.073000274514489094 0.016922666134711127 -0.036796824752664589 -0.022139631820409483 -0.054193462118252302 -0.089130356142578887 0.02643731137158243 0.0032797237197217488 -0.053091219754737996 0.0035719492520962393 -0.046001966906357328 0.013830700885174504 0.038326293899983481 -0.092318033885542855 -0.079180099330527165 -0.096290839729445687 0.055592737344405008 -0.0072331143282770918 -0.035039010933401497 -0.079503897526130685 -0.070451157924060509 0.048237217303750995 0.035346951336997286 -0.076706838092494956 0.008835177763076834 -0.028504623819655257 -0.099903978940728611 0.016550551630751965 0.0012743253293034131 -0.01583953185636058 0.0076567171011526387 0.035323004563879788 -0.091365894397623812 -0.03559066019594339 0.0058063132763235921 -0.068430540483890079 -0.019268309262866986 -0.0028084798593328449 -0.08766708054130086 0.033626755371957459 0.0075478574798056091 -0.091958026061286155 -0.086516360495233369 -0.070966654996226661 0.021311291475160699
leaf_weight=256.80483762719086 373.31943692016648 48.332085159199778 597.8909629022819 24.076627693299088 653.07437512127217 208.73767239472363 832.93241252737062 18.473307517968351 134.74192321876762 153.66282118216623 40.375712075969204 13.906248909130225 184.71879756858107 30.07629032782279 258.09040238324087 4.7859366356860837 257.23302752012387 11.632265496882608 383.65757161035435 40.952578221156728 38.326565153052798 7.9521512483624965 12.173278948524969 7.696338767418637 736.98088378744433 22.30831197288353 371.31540333630983 16.48389670602046 413.10930654991535 34.407269731746055 6.1311237860936663 2.8745292715029809 8.4748891546623764 5.4591735041467473 15.65963184926659 249.82667127749301 13.792291543883037 15.701037412392905 9.7370410206494835 16.878566546714865 14.362665663706137 41.648404926236253 41.543221241154242 6.6817365468014058 11.11408439290244 1761.663223212352 63.075300470693037 93.194573069544276 55.900585258554202 6.4779843401629469 26.977172286831774 143.45344988146098 6.7514533859211943 729.81971061698277 484.03948341147043 3.2585867799934922 151.92181282976526 298.14532996850903 5.8054921596776685 17.012493474234361 5.1094954762375009 24.265905757783912
leaf_count=904474 2488 23306 21668 66269 194226 3407 301333 6849 23897 72721 955 12545 2684 1219 17085 425 139471 1936 25035 27185 11726 2839 596 68 69777 7038 51838 4471 39294 468 592 435 619 52 3663 269201 5372 2112 354 636 2228 3285 36117 376 336 238152 13493 11321 5094 523 8091 28755 1521 341360 120374 535 2714 16640 783 2541 1260 518
internal_value=-0.000967926 -0.00448747 -0.00326866 0.0178591 -0.00958988 0.0124539 0.00138363 0.00856275 -0.0149839 -0.0165412 0.00992392 0.00271115 0.0051322 -0.00132889 -0.00270644 -6.367e-05 -0.0142639 0.00608475 0.00329373 0.00636756 0.00233904 -0.0109214 0.00160051 -0.0452443 -0.00228207 -0.008347 -0.00447266 -0.00270789 0.0107347 0.00468495 0.000444859 0.00284088 -0.048294 0.00560308 -0.00817801 -0.0300049 -0.0425768 -0.00184119 -0.0156596 -0.00850085 -0.0153549 -0.0218098 0.000125905 0.0137396 -0.0301632 0.000572843 -0.00412365 0.00296087 0.023511 -0.00750286 -0.00226542 -0.0125992 0.00203899 -0.0140942 -0.00898103 0.0180423 0.0305347 0.0122426 -0.0234792 -0.0120927 -0.0306723 0.00345275
internal_weight=10525 8867.96 8611.15 1657.03 3650.3 1283.71 4960.85 1074.97 2207.86 2073.12 1050.89 557.191 538.718 1442.44 353.999 340.093 1774.96 2308.23 1692.54 1392.08 1008.42 300.467 335.307 19.8696 1412.36 675.383 556.984 2652.62 451.436 315.437 281.03 274.899 16.8086 8.3337 288.835 298.159 29.4519 516.031 144.716 129.015 112.136 102.399 1819.69 615.687 17.7958 1803.21 259.383 190.502 63.8527 126.65 120.172 1621.3 150.205 1471.09 741.273 493.701 155.18 338.521 68.8808 88.0363 46.3879 29.3754
internal_count=3156346 3020920 2116446 135426 1292866 132938 823580 129531 1020606 996709 63262 42418 35569 272260 32885 20340 704202 243507 221127 168012 142977 53115 19915 664 271041 201264 91957 580073 51020 19251 18783 18191 1106 487 51179 292507 9035 64772 12934 10822 10186 9832 278740 22380 712 274269 42144 27868 7933 19935 19412 631481 30276 601205 259845 20844 3249 17595 14276 7604 4319 1778
is_linear=0
shrinkage=0.05


Tree=27
num_leaves=63
num_cat=0
split_feature=9 3 18 4 3 3 3 1 5 4 18 15 15 1 1 4 5 5 1 3 4 5 1 1 19 15 3 5 17 15 5 15 1 4 19 2 3 1 3 5 18 18 18 4 19 19 2 1 17 23 4 5 17 5 18 3 5 1 17 17 1 3
split_gain=223.174 157.66 78.3191 56.2222 56.1862 43.5757 34.8897 28.8672 28.5414 28.0535 27.1121 24.2324 23.4117 22.6811 21.9619 21.7698 20.9291 20.7952 20.0302 19.9229 19.2171 18.499 28.707 24.3399 18.0966 26.4568 18.0807 24.8999 23.0765 17.3433 22.0356 15.8652 15.6099 18.6274 19.2765 15.4784 15.4495 24.6724 16.9141 15.6236 15.4144 18.8119 19.2924 14.7939 17.4757 19.5793 15.5674 15.4629 18.2967 17.1592 18.8865 21.2242 16.6105 15.4139 18.6384 15.3333 16.8521 15.3062 15.2698 15.2004 14.7193 14.685
threshold=1.0000000180025095e-35 1.4978661537170412 1.0000000180025095e-35 0.035967789590358741 5.8930234909057626 5.2337753772735605 5.3156630992889413 8.1618027687072772 0.65517181158065807 0.72872623801231395 0.064583335071802153 0.064999999478459372 0.7749999761581422 8.2706527709960955 9.48596239089966 0.96482685208320629 0.51057183742523204 0.765140861272812 3.7726949453353886 5.3008110523223886 0.030795574188232425 0.62833303213119518 6.4914817810058603 6.9683799743652353 0.3964285701513291 3.7050000429153447 4.2972624301910409 0.8491039276123048 0.53452381491661083 0.11499999836087228 0.59535306692123424 0.16499999910593036 4.1971738338470468 0.018596947193145755 0.042572464793920524 7.4630761146545419 4.9089648723602304 4.6491756439208993 5.8579168319702157 0.61130237579345714 0.25462962687015539 0.37268517911434179 0.40454545617103582 0.91776639223098766 0.47722567617893225 0.4463601559400559 5.0657496452331552 7.6711277961730966 0.10912698507308961 -1.3764505982398985 0.03257036209106446 0.83150210976600658 0.30217391252517706 0.57567074894905101 0.064583335071802153 5.2443854808807382 0.69690319895744335 8.4791793823242205 0.22474747896194461 0.14550264924764636 11.019128799438478 4.0859410762786874
decision_type=2 2 2 2 2 2 2 2 2 2 2 2 2 2 2 2 2 2 2 2 2 2 2 2 2 2 2 2 2 2 2 2 2 2 2 2 2 2 2 2 2 2 2 2 2 2 2 2 2 2 2 2 2 2 2 2 2 2 2 2 2 2
left_child=1 -1 4 5 9 7 11 12 24 14 20 13 -2 -4 36 19 -17 21 -18 26 -9 29 -23 31 25 -5 27 28 32 30 -8 -24 -13 -34 -35 -29 37 39 -38 -3 -25 -42 -43 44 45 46 59 48 49 -48 -51 -52 -49 -45 -55 56 58 -47 -46 -28 -11 -16
right_child=3 2 6 8 -6 -7 17 10 -10 60 -12 15 -14 -15 61 16 18 -19 -20 -21 -22 22 23 40 -26 -27 43 35 -30 -31 -32 -33 33 34 -36 -37 38 -39 -40 -41 41 42 -44 53 55 57 47 52 -50 50 51 -53 -54 54 -56 -57 -58 -59 -60 -61 -62 -63
leaf_value=-0.043124921746513369 -0.063867374088377823 -0.04454015928545145 0.038525975989159009 -0.0013267851771330726 0.007225775425099475 0.0276552587013855 -0.046396261957866593 -0.053898992588892358 0.030775905879236801 0.0041933088384586382 0.004860046875412089 0.0030946998613306329 0.007897741310009183 0.0040484135111672715 -0.049052768254103811 0.045944488907942276 0.040418602370213955 0.016550237912175116 -0.084527712926285359 -0.047998909991944477 0.043448465614215316 0.010029590201548489 0.0030335480013723086 -0.0029595142441333874 0.035454784729700171 -0.10094757896816742 -0.010004584933714379 0.014737172433673139 -0.063361628096540376 0.011523067989850307 0.014441268126896341 -0.05879041980230526 -0.033181859715813854 -0.024415414969386151 -0.0020864621131378557 -0.032117081187117778 -0.0063931896284039657 -0.017954559429499407 -0.047464960957585317 0.018068834173283116 -0.091410502307446115 0.049975073484157403 -0.08271452487218893 0.052842103603933321 -0.023789203421905037 -0.068184674248821436 0.06595071738246959 -0.0056264657434692998 0.010327828542223558 -0.029037368143631243 0.0013266906984754764 -0.080796230394384883 -0.05017005895685487 -0.060405998326146737 0.017787956953582641 0.054644488780278756 0.01937780846053655 0.014820520703011299 0.028590414629151274 -0.071603500367785067 -0.022048236783513687 -0.019801169807460453
leaf_weight=243.24170879693702 10.615240683662703 10.49020421534078 64.150094382814132 63.673756827483885 522.83934598619817 214.97828868974466 29.352275481447577 52.370939692860702 636.28546456084587 410.21906282007694 50.827053420158336 158.99504324560985 542.78919141840015 179.17901924802572 49.845501438583597 4.3238202149514136 3.1856474801898029 423.58542080956977 19.477232237695716 23.083185113267973 4.8597018778091288 336.57909523480339 14.283773508388547 413.52627756493166 27.371540153981186 6.4474925907561547 31.458241633139551 147.26711509298184 20.450442232453497 750.38820356247015 28.492460454232059 36.041459730709903 108.11066903463507 148.38497072455357 274.43966269120574 19.054323339252733 1315.6032621938502 885.25049092338304 24.585315255331807 75.487872695957776 10.143829053384254 6.6848672397900355 3.2578348917886615 25.176589789101854 54.358154838322662 18.382885522674773 7.5263395248912266 488.20556077297078 453.72033672966063 70.494014461059123 321.55951240891591 7.0643679981585583 20.895919671980664 7.8914235251722848 52.695502596325241 18.879168697167188 127.47617816226557 7.3477887802291653 17.65913290460594 13.977657922659999 60.420147505676141 303.97111974912696
leaf_count=920793 1347 5108 1553 2381 57468 1954 5836 43828 5854 99169 24565 28890 54619 21499 83347 153 19 15468 3408 5142 162 12183 572 56620 454 435 5617 24965 6488 67291 2445 4077 88056 63963 91438 8754 334436 500955 6822 16503 1820 197 523 379 13216 4688 339 148761 41545 17611 48932 880 7424 874 1730 893 12742 1852 1251 2782 29253 141316
internal_value=-0.000400369 -0.00350986 -0.00238788 0.0167184 -0.00793813 0.00815513 0.00170105 0.00178532 0.0269215 -0.0104679 -0.0217331 -0.00181512 0.00640845 0.0132584 -0.0124545 -0.00319249 -0.0470622 0.00669342 -0.0659985 -0.0027272 -0.0450286 0.00412139 -0.00116751 -0.00895972 0.00170868 -0.0117773 -0.00231041 -0.00816397 -0.0122389 0.00948549 -0.0166935 -0.0415258 -0.010634 -0.0147433 -0.00996164 0.00920953 -0.0106701 -0.0154716 -0.00718147 0.0100056 -0.00509325 -0.0467975 0.00291217 0.000633844 -0.000418504 -0.00241888 -0.00161681 -0.000650916 0.0034352 -0.00426184 -0.00574739 -0.000678452 -0.00754951 0.0207606 0.00678777 0.0127291 0.00850967 -0.0448136 -0.0107297 -0.0300884 0.000784843 -0.0240488
internal_weight=10479.4 8869.16 8625.92 1610.22 3658.71 876.44 4967.21 661.462 733.778 3135.87 108.058 2914.87 553.404 243.329 2665.23 2671.54 26.9867 2052.34 22.6629 2644.55 57.2306 1628.75 820.517 483.938 97.4928 70.1212 2621.47 876.702 710.381 808.233 57.8447 50.3252 689.93 530.935 422.825 166.321 2311.42 971.229 1340.19 85.9781 433.613 20.0865 9.9427 1744.77 1659.01 1440.63 1414.9 1369.47 860.365 406.644 399.118 328.624 509.101 85.7635 60.5869 218.373 199.493 25.7307 72.0173 45.4359 470.639 353.817
internal_count=3153645 3018046 2097253 135599 1274377 126475 822876 124521 9124 1216909 68555 655844 55966 23052 1088487 632792 3580 167032 3427 629212 43990 151564 75992 63809 3270 2816 624070 312554 278835 75572 8281 4649 272347 243457 155401 33719 863824 522566 341258 21611 59160 2540 720 311516 308533 280431 273891 265492 109307 67762 67423 49812 156185 2983 2604 28102 27209 6540 14467 8399 128422 224663
is_linear=0
shrinkage=0.05


Tree=28
num_leaves=63
num_cat=0
split_feature=18 9 7 4 4 19 2 0 4 19 21 4 21 5 4 5 9 6 1 4 6 2 23 21 21 4 1 19 18 23 23 6 19 21 6 18 21 2 0 18 0 21 6 2 19 5 0 21 23 5 19 6 6 2 2 0 5 1 5 19 5 18
split_gain=208.777 107.772 87.598 72.898 58.9019 39.0258 32.7531 31.5361 28.6826 28.3978 27.161 26.1884 32.2114 25.9149 24.7414 38.4675 23.1535 22.7727 22.1777 21.1447 19.9823 19.9157 18.0842 24.8742 49.5699 21.1311 21.0536 20.5073 18.5457 27.6995 19.6037 21.2552 18.0799 17.7157 17.5537 22.282 24.6412 26.495 16.5556 16.0596 20.5959 15.6414 27.1616 21.6309 15.843 15.3329 15.1552 15.0874 25.0516 15.0266 28.6979 24.5501 19.1882 16.8759 17.3529 14.9067 38.8482 22.8651 15.8061 14.884 26.4318 20.4156
threshold=1.0000000180025095e-35 1.0000000180025095e-35 1.0000000180025095e-35 0.013528511859476568 0.035967789590358741 0.25462962687015539 10.079672813415529 2.5498392581939702 0.00027673719159793114 0.28869047760963445 -0.20087624341249463 0.01007167808711529 0.26023267209529882 0.51057183742523204 0.4107243567705155 0.67240881919860851 1.0000000180025095e-35 0.73029565811157238 6.140960931777955 0.99004951119422924 0.66174632310867321 4.8865754604339608 1.4475092291831972 -0.26394963264465326 0.050609314814209945 0.023302901536226276 6.9339101314544687 0.057189542800188072 0.36515152454376226 0.017752056941390041 0.29088154435157781 0.6961912512779237 0.70294117927551281 -1.0072653889656065 0.76105555891990673 0.17316342145204547 -0.31903566420078272 9.8751802444458026 2.0883846282958989 0.6348484754562379 3.3746581077575688 0.58352568745613109 0.7217051386833192 7.4630761146545419 0.46862745285034185 0.6060309410095216 3.3746581077575688 0.66541701555252086 0.94991567730903637 0.62569582462310802 0.44222222268581396 0.7678833305835725 0.74400955438613903 8.4225521087646502 8.1319718360900897 2.4634751081466679 0.76687467098236095 6.6663203239440927 0.74446338415145885 0.36754386126995092 0.62171700596809398 0.20344828069210055
decision_type=2 2 2 2 2 2 2 2 2 2 2 2 2 2 2 2 2 2 2 2 2 2 2 2 2 2 2 2 2 2 2 2 2 2 2 2 2 2 2 2 2 2 2 2 2 2 2 2 2 2 2 2 2 2 2 2 2 2 2 2 2 2
left_child=2 3 8 6 5 22 -2 10 -1 16 21 12 20 -6 18 -16 19 47 41 -10 -7 -5 23 25 -25 26 27 -3 29 -26 -31 -32 -17 -13 45 36 37 -36 -38 -9 -41 43 -43 -4 -44 -35 -29 -12 -49 52 51 53 -45 54 -51 -19 58 -58 -57 60 -22 -61
right_child=1 4 14 7 13 11 -8 39 9 -11 17 33 -14 -15 15 32 -18 55 -20 -21 59 -23 -24 24 28 -27 -28 46 -30 30 31 -33 -34 34 35 -37 38 -39 -40 40 -42 42 44 49 -46 -47 -48 48 -50 50 -52 -53 -54 -55 -56 56 57 -59 -60 61 -62 -63
leaf_value=-0.050102602377754851 -0.024955635287552722 -0.04490614308836522 -0.019731586050975237 0.01366670329850217 -0.063670228979264276 -0.093921607424223508 0.026112344813502358 0.013212628513452311 -0.024500000982439971 -0.042498948329711239 -0.0050432824877574816 -0.051365554217127199 -0.089910126901269719 0.027589543563075965 -0.0075171017386369225 0.015208066092120928 0.018167635256649325 0.0072337460833468399 -0.012136497235906117 0.014594839077611686 -0.081784626878528208 -0.010456142058585399 0.01572818884672372 -0.079148402653649516 -0.071704913000613185 -0.066471975170348585 -0.035036604350462686 0.030004868877312921 0.045306081248087111 0.036281124040798939 0.025015859219416927 -0.048744569345157168 -0.074508149743734639 0.007075479706850101 -0.10175708421686964 0.032836840166042644 -0.07595717700548428 0.044487775237981461 0.017791156219591066 -0.095104005330795896 0.009106162833967129 -0.015636078357534652 0.049790389107724022 0.022767039074001339 -0.064903351419992025 0.049981709104657129 -0.039130099113102494 -0.014852236351829466 0.022439870117480817 -0.045568877234412594 0.019146569900769263 0.0066322397437972753 -0.033741635183354289 -0.071629213184348048 0.030157113237704525 -0.010836556723405581 -0.097890142815823852 0.048853376782425184 0.043372140162228463 0.0053738438106397304 0.041548499505161436 -0.076494821732336363
leaf_weight=113.13506131862232 333.3153340768913 11.102836024889255 147.43261954330956 97.264313720952487 6.9502912937896317 3.8838029377511694 33.841791286249645 762.16102767438861 281.10280359021272 126.37490973179229 963.09943216884858 6.4863286607433102 8.8017514868843119 725.3891108793905 584.1487689424539 329.76906726253219 45.288040880463086 1932.9202584470622 1784.2459338076878 38.749162140768021 3.890408447594381 666.50026596084354 75.521969746172545 33.456611330475425 17.349726495944196 9.3194458420621213 22.730900261871284 91.041879985918058 12.658971937577006 21.16953173330694 14.629399318349895 25.665940452061477 4.736685470561496 26.759853177820332 10.095517330453729 85.207092212862335 4.1722314176149657 3.6341799157671622 52.977634074050002 6.9072233390761548 11.454674221808091 32.232808273402043 46.094781136140227 119.76141643081792 2.3740900713601141 98.978280838346109 7.8194276069407342 66.814919591415673 133.69606414096779 19.084138785634426 64.183685749478173 39.72023905988317 16.258402745705098 27.720211716252379 11.268982557579873 47.748124257195741 15.886932965600865 2.518585651414468 17.580533409840427 44.113748756004497 43.024317153423908 8.1770659027970378
leaf_count=487251 488426 2508 41732 22268 502 842 3399 47097 264487 125169 166503 312 4813 8025 137741 43678 7791 247007 666569 10471 2431 186075 3872 14977 10355 959 14618 6219 716 2697 1441 6209 1263 818 710 856 380 6 1029 1279 513 5728 3052 16018 798 886 489 16118 16893 6891 7945 7747 4453 6794 2175 4546 2699 37 673 8009 4576 1853
internal_value=-0.000724053 0.00468857 -0.00999414 0.00123982 0.0165847 0.00664891 -0.0201904 0.00290914 -0.0274452 -0.0221389 0.00109062 0.0172331 -0.0032806 0.0266378 -0.00671887 0.000222154 -0.0149955 0.00312425 -0.00947766 -0.019733 0.00490853 -0.00737028 -0.00573378 -0.0118417 -0.0280204 0.00248719 0.0077913 0.0168803 -0.00866661 -0.0177946 -0.00167296 -0.0220082 0.0137194 0.0251781 0.0271152 0.0157578 -0.00494475 -0.0626546 0.00975852 0.0120851 -0.032982 -0.000454955 0.0196599 -0.00413518 0.042974 0.0409782 0.0241996 -0.00244448 0.0100012 0.00362125 -0.00665314 -0.0236084 0.0158156 -0.0440541 -0.0173895 0.00633703 -0.0142039 -0.0763272 0.00418546 0.00967631 0.0298277 -0.0086237
internal_weight=10400.4 6566.72 3833.68 5091.71 1475.01 742.669 367.157 4724.55 604.65 491.515 3944.03 400.202 111.891 732.339 3229.03 918.655 365.14 3180.26 2310.38 319.852 103.089 763.765 342.467 266.945 124.93 142.014 132.695 109.964 91.4736 78.8146 61.4649 40.2953 334.506 288.311 281.825 156.087 70.8796 13.7297 57.1499 780.523 18.3619 526.131 80.7017 445.43 48.4689 125.738 98.8613 1163.61 200.511 297.997 161.977 97.7936 136.02 58.0733 30.3531 2016.65 83.7342 18.4055 65.3287 99.2055 46.9147 52.2908
internal_count=3152394 1304641 1847753 1203533 101108 92581 491825 711708 895169 407918 662819 27521 22524 8527 952584 182682 282749 454476 769902 274958 17711 208343 65060 61188 36395 24793 23834 9216 21418 20702 10347 7650 44941 4997 4685 2981 2125 716 1409 48889 1792 103333 9578 93755 3850 1704 6708 199514 33011 52023 31552 23607 20471 15860 9066 254962 7955 2736 5219 16869 7007 9862
is_linear=0
shrinkage=0.05


Tree=29
num_leaves=63
num_cat=0
split_feature=9 3 3 18 6 5 4 6 15 18 6 15 4 15 6 5 3 17 15 15 2 14 4 6 21 4 17 2 15 18 23 17 21 23 19 19 2 15 5 2 5 23 23 4 5 6 3 19 4 3 3 4 15 3 21 21 7 20 19 4 17 5
split_gain=259.539 147.102 72.6128 57.3218 44.5527 43.5556 29.0707 34.9654 27.4243 32.6673 27.3543 24.0465 22.6838 31.6098 22.6717 21.5433 23.724 22.2609 38.4212 20.741 20.6946 19.4533 31.2318 26.4136 19.275 20.4212 18.9472 18.8129 26.7091 18.612 18.6299 19.0276 17.6417 20.6347 20.2662 17.6309 20.5877 16.7945 17.1826 25.8405 22.536 16.4254 20.0844 16.1881 16.1293 15.9959 22.2871 15.9383 15.714 15.9791 15.6992 15.2304 19.703 18.2414 15.175 16.2036 15.0301 19.1347 20.8299 17.4337 14.9347 15.5916
threshold=1.0000000180025095e-35 2.6020033359527592 5.7557370662689218 0.057189542800188072 0.83062571287155162 0.73578414320945751 0.014217835385352375 0.7076438069343568 2.3750000000000004 0.081666667014360442 0.73029565811157238 0.36500000953674322 0.3939062505960465 4.555000066757203 0.82440713047981273 0.8491039276123048 4.6001451015472421 0.13484849035739901 0.20499999821186068 0.14500000327825549 7.4767553806304941 1.2424533367156985 0.0032229989301413302 0.68049299716949474 0.13018449395895007 0.023302901536226276 1.0000000180025095e-35 6.5574882030487069 0.30500000715255743 0.10172414034605028 0.91778498888015758 0.40370370447635656 -0.26942898333072657 -0.13255187869071958 0.037749288603663451 0.57417583465576183 4.8402345180511483 4.1849999427795419 0.81427809596061718 7.0233135223388681 0.78049826622009288 0.9315110743045808 -0.015491093974560497 0.0058922187890857467 0.82298171520233165 0.82096663117408764 4.7578821182250985 0.18019481003284457 0.036689598113298423 5.6240110397338876 2.9700856208801274 0.9518541991710664 3.9750000238418584 3.2769666910171513 0.60566991567611705 -0.17860347032546994 1.0000000180025095e-35 1.0000000180025095e-35 0.033908046782016761 0.4107243567705155 1.0000000180025095e-35 0.64970940351486217
decision_type=2 2 2 2 2 2 2 2 2 2 2 2 2 2 2 2 2 2 2 2 2 2 2 2 2 2 2 2 2 2 2 2 2 2 2 2 2 2 2 2 2 2 2 2 2 2 2 2 2 2 2 2 2 2 2 2 2 2 2 2 2 2
left_child=1 8 3 12 6 21 7 47 9 -1 44 -7 13 26 24 16 29 -17 -19 60 27 22 -2 -23 41 -26 48 28 -20 -8 54 -32 33 -13 -35 36 -24 38 39 40 -34 42 -15 -41 -4 -21 -47 -5 -3 -50 -30 52 53 -6 55 -31 57 59 -59 -14 61 -18
right_child=5 2 10 4 51 11 15 -9 -10 -11 -12 32 56 14 -16 17 19 18 20 45 -22 23 35 -25 25 -27 -28 -29 50 30 31 -33 37 34 -36 -37 -38 -39 -40 43 -42 -43 -44 -45 -46 46 -48 -49 49 -51 -52 -53 -54 -55 -56 -57 -58 58 -60 -61 -62 -63
leaf_value=-0.039093370895807389 -0.038352061683427641 -0.035429546324286319 0.00075294501293486204 -0.021188225441293073 -0.032456712003704168 0.03723309074068603 -0.020887689434663372 -0.040456454964217237 -0.054026034411511492 -0.0041946466196886639 0.012475075029244128 -0.039105595782918896 0.027008098353781831 -0.018359002134533897 -0.075409604431495039 0.032836306903357329 -0.041972232717578883 -0.070465294411945781 0.031703681408412995 -0.00037867957652753755 -0.047856994076426365 -0.096680835786095251 0.035537592876626757 0.038784210841147519 -0.0027748139575943039 0.026996944325141926 -0.010100875614465639 0.046780101177541993 0.020004637388620808 -0.028739804903109924 0.012683275221723665 -0.063770785338226804 0.027555358157292292 -0.079663132435641409 0.01645222939513764 0.034135866270902142 0.0021839143198872607 0.037349595617051562 0.023436757582646781 0.021905230166670047 -0.065767961329655553 -0.025816196454424269 0.0055236303386697336 -0.09433501336531197 -0.091946541487395728 0.025797340126034008 -0.075354399249547954 0.035740199492462953 -0.015307413352656261 -0.048435295862368249 -0.092573174303130501 0.042009284736898529 0.035440534820795795 0.010772424073611673 -0.072827919848006586 -0.00046116027574989304 -0.00026277387718895553 0.037327012251544521 -0.02608665284785049 -0.026281164926316925 0.018300751444987218 0.012329382373463321
leaf_weight=162.33753477626306 36.68596369001898 144.54811321408488 857.51993236673297 20.717401781876106 26.529190312779974 296.69232572289184 234.47275932633784 96.654271805309691 113.94327899273776 114.20559677950223 974.19231909420341 21.370777707954403 16.04087784816511 132.26788899395615 9.5135534609726147 95.014304097276181 21.988553676288575 15.617777342791667 19.40890308219241 1197.5983536115964 11.061225298675707 2.8455758529889854 50.543203497305512 72.85003665369004 130.18273416979355 102.0689962557517 957.42825936959707 37.399321435834281 4.0716511867940417 74.185170552285854 168.17462549061747 7.5647464577341443 37.458210004784632 4.7350267081637858 134.12189612333896 59.702343677985482 453.57040561453323 169.47902460473415 238.98310031145229 3.6525583105685646 6.8008646132948334 93.602588926267345 258.43727625263273 10.119189588585867 3.7182675502263001 7.6045918759191435 15.117946193553506 27.54625405772822 639.84028537580161 37.896156938862987 8.8325498008634877 51.642459255992435 72.968040853273124 215.35651640751166 8.9662594831897859 155.37375220129616 983.455629139964 31.727707259531599 20.531433443800779 171.84801860939479 255.30835872935131 30.324421761906706
leaf_count=479715 74337 87826 107762 9910 4861 1566 77882 55959 482809 107987 57716 3034 4978 68953 3960 5615 3974 1470 841 172199 1066 431 1257 1822 47917 17197 355558 1675 587 27683 27744 2058 2062 846 4709 1184 29928 6277 4609 1507 1146 47564 85179 838 283 498 2350 4809 273713 13386 1543 781 4621 15713 3692 27974 191388 7781 11150 93071 16383 2754
internal_value=-8.87461e-05 -0.00344469 -0.00205534 -0.00449874 0.000800694 0.018437 -0.00157666 -0.0232367 -0.0334075 -0.0247481 0.00674035 0.0254938 -0.0085896 -0.0113139 -0.0025172 -0.000241893 -0.00165875 0.0157955 -0.00116646 0.00174336 0.0129305 0.00877688 0.00573773 0.0324976 -0.00144569 0.0103688 -0.0148992 0.023116 -0.00485504 -0.00966193 -0.00327318 0.00905009 0.0198859 0.0055286 0.0126285 0.00866936 0.00559174 0.0247949 0.0175297 -0.00678172 0.012079 -0.00712107 -0.00258774 -0.0641098 0.000246556 -0.00118435 -0.0418413 0.0113693 -0.0204671 -0.0172284 -0.0581676 0.0170617 0.0128498 0.00591709 -0.0123525 -0.00968481 -0.00300599 -0.0141924 0.0123912 -0.0216127 0.0133237 -0.0108542
internal_weight=10434.4 8834.81 8444.32 6608.89 2879.5 1599.61 2513 144.918 390.486 276.543 1835.43 923.413 3729.39 2505.79 726.073 2368.09 2176.68 191.406 96.3914 1527.94 80.7737 676.198 600.502 75.6956 716.559 232.252 1779.71 69.7124 32.3131 648.737 414.265 175.739 626.721 160.228 138.857 563.816 504.114 466.493 297.014 58.0308 44.2591 484.308 390.705 13.7717 861.238 1220.32 22.7225 48.2637 822.285 677.736 12.9042 366.496 314.854 241.886 238.525 229.559 1223.6 240.148 52.2591 187.889 307.621 52.313
internal_count=3156088 3020535 1950024 1784263 474642 135553 448666 70678 1070511 587702 165761 26594 1309621 1001253 270770 377988 365191 12797 7182 198158 5712 108959 106706 2253 266810 65114 730483 4646 2971 167033 89151 29802 25028 8589 5555 32369 31185 16439 10162 5553 3208 201696 154132 2345 108045 175047 2848 14719 374925 287099 2130 25976 25195 20574 59349 55657 308368 116980 18931 98049 23111 6728
is_linear=0
shrinkage=0.05


Tree=30
num_leaves=63
num_cat=0
split_feature=14 3 0 4 3 15 4 4 15 0 6 14 0 13 0 3 23 3 2 19 21 2 0 3 6 2 23 19 18 23 2 2 18 23 15 11 6 0 3 19 2 0 21 15 19 21 3 2 3 23 21 21 21 3 15 19 23 6 21 21 17 15
split_gain=200.145 135.896 82.8744 53.3434 58.3821 49.9858 33.9021 26.7642 21.8673 20.8164 23.8384 20.464 20.3263 36.8084 33.7027 25.295 24.9165 20.0471 19.0254 18.1294 22.3191 17.7251 17.6979 17.5419 17.0677 18.2714 21.7141 17.0451 19.4175 17.0012 23.2391 17.7306 16.6951 16.6758 16.3164 23.0313 16.1314 17.1045 15.8551 15.641 15.3289 17.1771 15.0904 14.9839 17.8219 16.6714 27.4957 19.4862 16.1987 16.5388 16.3725 15.4256 17.7798 14.9125 18.083 21.6281 24.6739 14.6272 14.2539 13.9623 13.959 26.001
threshold=1.0000000180025095e-35 1.8688347935676577 2.124262928962708 0.70028248429298412 5.3351285457611093 0.35500000417232519 0.15396235138177874 0.00027673719159793114 2.3549998998641972 1.7456974387168886 0.76036715507507335 1.2424533367156985 1.5590507388114931 1.0000000180025095e-35 1.0551010370254519 3.4175922870635991 1.1041074991226199 4.8402345180511483 7.2671763896942148 1.0000000180025095e-35 0.75228410959243786 4.9380581378936776 1.4242985248565676 6.5700526237487802 0.81618633866310131 6.6444404125213632 0.95711901783943187 0.04446640424430371 1.0000000180025095e-35 1.3630332946777346 6.760993719100953 7.3045156002044687 0.17316342145204547 2.2888658046722417 0.44499999284744268 1.0000000180025095e-35 0.65782558917999279 -0.70537954568862904 5.2012517452239999 0.74166667461395275 8.7528185844421404 2.392680406570435 0.52088662981987011 4.3650000095367441 0.62828946113586437 0.29735623300075537 5.8215644359588632 7.6485013961792001 5.6112999916076669 1.4009682536125185 0.43116039037704473 0.47340269386768347 0.76990297436714183 3.113268375396729 0.14500000327825549 0.033908046782016761 0.035216372460126884 0.757074534893036 0.43932217359542852 0.26623243093490606 0.060661764815449722 0.095000002533197417
decision_type=2 2 2 2 2 2 2 2 2 2 2 2 2 2 2 2 2 2 2 2 2 2 2 2 2 2 2 2 2 2 2 2 2 2 2 2 2 2 2 2 2 2 2 2 2 2 2 2 2 2 2 2 2 2 2 2 2 2 2 2 2 2
left_child=1 34 3 4 22 -2 8 -7 18 -6 43 17 13 14 -5 -15 19 21 -4 36 -21 32 -3 -10 33 39 38 59 -29 30 -12 -32 -9 -8 35 -1 -17 -38 -27 -26 -20 -42 -35 45 -45 46 -11 -48 50 -50 -47 -51 -53 -16 55 -55 -57 -56 -14 -24 -60 -62
right_child=5 2 6 12 9 7 24 11 23 10 29 -13 58 15 53 16 -18 -19 40 20 -22 -23 27 -25 25 26 -28 28 -30 -31 31 -33 -34 42 -36 -37 37 -39 -40 -41 41 -43 -44 44 -46 48 47 -49 49 51 -52 52 -54 54 57 56 -58 -59 60 -61 61 -63
leaf_value=-0.034654492701934617 0.033287321574390565 -0.021867624897712615 -0.0014548774006718573 -0.039143122516184653 -0.0067884739250239001 -0.038678195237423066 0.0080075880421611335 0.036377383964373643 0.0045466236665888012 -0.0185969191113983 -0.071916297236023108 0.032233048090163169 0.003754759203867036 -0.026704983863864992 0.048905627546590322 -0.048541369239317074 -0.011627694131171028 0.020531905943864111 -0.023535244862981433 0.024051239319755731 -0.06102042262537978 0.0032859206757282185 -0.023415428359255627 -0.075891361251221728 0.014469450440852667 0.032075330604151152 0.049003020039318723 -0.014181411780020726 -0.0009264974687176454 0.029245539040791538 0.024971586281343661 -0.019688394380032215 -0.05920632992700775 -0.08813387794957861 -0.052473027011846043 0.026019778462678434 -0.047801986912333977 0.012525054610118947 -0.091726050581653062 -0.085436569662085793 -0.064014017916695851 0.051449474282350208 0.014852445497236544 0.005555491765134017 0.058274290155094825 -0.053669756225348766 0.021136872656971159 -0.029081419502636 -0.043773833326476268 0.016967650438492184 0.014958727242821216 -0.090113533079432734 0.035040912902530939 0.0012235949746482271 0.024295593951714253 0.047224604832847517 -0.050388292650562563 -0.05048052464686438 0.03060887095447036 -0.0081568691877828472 0.022253311391641814 -0.058377362074513862
leaf_weight=118.40787679380446 337.77082835516194 536.06278175351326 402.77332771744113 98.712105481681647 1014.4330868366524 25.020210397939081 1185.5841567384196 63.875099195283838 1002.9457069959026 103.06571849354077 8.6179540292359871 119.01179820182733 221.73120582051342 52.395655416330555 11.679913882631807 14.491473672445862 110.80499774415512 335.74369051441317 202.01459749089554 285.40395150560653 6.9923925602342925 666.69312733662082 414.48592200793792 5.8264887321274719 182.5361404127907 4.3677819415461254 75.681823589955457 562.41905321372906 542.47574012377299 130.89094162604306 63.13243695104029 33.11633863078896 4.0264614812331265 7.6252653433475626 120.1016452464246 17.25489030785684 12.254047564812934 103.22649117169203 4.2207665187306702 3.0190299149835473 3.267398405470888 12.961357692314776 5.625040631974116 151.59437292814255 16.968746110564098 9.5624309951672313 140.06285254168324 21.490725195966661 71.838998402585275 27.50639760773629 48.090880824951455 7.5695290861185622 3.5854111849330366 71.823474386823364 53.50436312193051 6.5466116789029902 53.75444021896692 6.4864565053721881 136.62169081525644 236.93828048603609 33.711321074981242 13.043806502944788
leaf_count=399817 2370 336207 105321 44297 232541 67301 78613 1647 152395 23432 1524 1743 22639 30889 1604 3635 25748 4696 79594 18277 2904 57724 196760 335 6873 116 920 288773 171478 6678 3375 5914 199 984 537238 28004 3251 8726 362 372 1944 1324 476 17619 847 2302 7671 3873 9123 1687 6214 1518 287 14289 8222 627 15708 1413 10559 90523 3179 2470
internal_value=-0.000251396 -0.00317432 -0.00209593 -0.00581478 -0.00858093 0.0162954 0.0044296 0.0115457 -0.000535824 -0.00197549 0.00385827 0.0126339 0.00304889 -0.00118721 -0.0153213 0.00612818 0.00939869 0.0104266 -0.00791025 0.0149292 0.0218158 0.0057863 -0.0139129 0.00400733 0.0099364 0.0212802 0.0404705 -0.0114739 -0.0076803 0.0172975 0.0022491 0.00956097 0.0299324 0.0073676 -0.0390148 -0.0268034 -0.000611617 0.00576811 -0.0319868 0.0123947 -0.0197628 0.0258365 -0.0464397 -0.00143066 0.0111749 -0.00635492 0.00147679 0.0143188 -0.0186154 -0.0297426 0.00285498 -0.00322397 -0.0503132 -0.00364792 -0.00707968 -0.0173784 -0.0391934 0.0155154 0.0123153 -0.0178865 0.0225899 -0.000992533
internal_weight=10343.4 8791.31 8535.54 5437.09 4143.91 1552.14 3098.45 1214.37 1629.79 1851.53 837.094 1189.35 1293.18 888.076 302.507 585.569 533.173 1070.34 621.017 422.368 292.396 734.595 2292.38 1008.77 1468.66 269.826 84.2704 1756.32 1104.89 235.758 104.867 96.2488 67.9016 1198.83 255.764 135.663 129.972 115.481 8.58855 185.555 218.243 16.2288 13.2503 601.336 168.563 432.773 264.619 161.554 168.154 110.5 57.6533 38.6613 11.1549 203.795 192.115 132.125 60.3011 59.9908 405.108 651.424 183.377 46.7551
internal_count=3157151 3021471 2056412 1626783 1408346 135680 429629 133310 340913 324605 92064 66009 218437 179590 86160 93430 62541 64266 188183 36793 21181 59570 1083741 152730 88716 8643 1398 747534 460251 17491 10813 9289 1846 80073 965059 427821 15612 11977 478 7245 82862 3268 1460 74573 18466 56107 34976 11544 21131 12615 8516 3492 1805 41863 40259 30624 16335 9635 38847 287283 16208 5649
is_linear=0
shrinkage=0.05


Tree=31
num_leaves=63
num_cat=0
split_feature=9 3 15 17 3 3 5 4 17 3 5 2 2 6 21 6 4 6 6 2 6 5 5 4 5 3 17 2 23 3 6 7 23 17 4 21 6 5 21 19 23 4 4 6 3 6 15 15 17 2 5 5 19 23 17 5 2 2 4 23 4 21
split_gain=185.737 132.153 58.0218 45.5765 44.9628 31.1001 30.8865 30.5259 26.8296 24.4917 25.5008 22.6557 32.3456 23.5277 22.0141 19.8484 39.4285 27.8771 24.2649 19.7728 22.7202 19.4053 18.7433 17.7415 23.4523 16.7443 16.1408 29.404 21.8728 16.131 16.0944 30.3862 28.8293 22.3458 16.0906 20.0989 18.1825 17.8253 17 15.8975 15.8454 15.6556 14.9988 14.9016 14.618 14.5554 14.4245 26.3557 23.9389 20.3192 18.5721 24.0124 21.9864 17.3169 15.1908 16.1421 19.6725 16.4687 26.5689 13.9523 13.8334 13.6605
threshold=1.0000000180025095e-35 1.8688347935676577 0.36500000953674322 1.0000000180025095e-35 5.0271592140197763 5.7990880012512216 0.69218027591705333 0.70028248429298412 0.31142240762710577 5.7698712348937997 0.77882471680641185 5.8902609348297128 6.1994938850402841 0.65644964575767528 -0.11992974579334258 0.70544651150703441 0.055481048300862319 0.77718642354011547 0.72301223874092113 5.8507635593414316 0.71487274765968334 0.78049826622009288 0.78396606445312511 0.0087757804431021231 0.80037999153137218 3.3842465877532963 0.1863425895571709 5.3205649852752694 -1.0436320304870603 5.4138731956481942 0.77422934770584118 1.0000000180025095e-35 2.0172029733657841 0.23431372642517093 0.17179608345031741 0.42256183922290808 0.68429878354072582 0.60868260264396679 -1.1334757804870603 0.55363985896110546 1.7478944063186648 0.0079813776537776011 0.018192358314991001 0.66897651553154003 3.7726949453353886 0.64587956666946422 5.805000066757203 4.805000066757203 0.25462962687015539 7.4292240142822275 0.77882471680641185 0.68427595496177684 0.59545454382896434 1.045460104942322 1.0000000180025095e-35 0.78902491927146923 9.2032651901245135 9.3890171051025408 0.013127831742167475 1.5602153539657595 0.0077531647402793178 -1.3099299669265745
decision_type=2 2 2 2 2 2 2 2 2 2 2 2 2 2 2 2 2 2 2 2 2 2 2 2 2 2 2 2 2 2 2 2 2 2 2 2 2 2 2 2 2 2 2 2 2 2 2 2 2 2 2 2 2 2 2 2 2 2 2 2 2 2
left_child=1 -1 -2 4 34 8 14 9 11 10 26 13 -13 -4 -6 21 18 -18 29 20 43 40 -19 24 -10 -12 -5 28 -28 -17 31 -9 -32 -33 36 38 -3 -37 -36 45 61 -15 -41 -16 -39 -8 47 50 49 -48 51 -20 60 -52 -51 57 -57 -56 -59 -43 -53 -14
right_child=2 3 5 7 6 -7 39 30 23 -11 25 12 15 41 19 16 17 22 46 -21 -22 -23 -24 -25 -26 -27 27 -29 -30 -31 32 33 -34 -35 35 37 -38 44 -40 42 -42 59 -44 -45 -46 -47 48 -49 -50 54 53 52 -54 -55 55 56 -58 58 -60 -61 -62 -63
leaf_value=-0.038761506223152858 0.033418331940568487 -0.011787619651569473 -0.052408161274207811 -0.0077591489097851287 -0.016419793532635823 0.035540501628187997 -0.062979356935907532 -0.01881147791794675 -0.076696098509809005 0.0062873815764840028 -0.010065645245783197 -0.054062467225220928 -0.050382417163160054 -0.042818172975321749 -0.023354231005785455 -0.067153064515041799 -0.10680894341583708 0.011002993586681175 0.00031160629027373655 0.00022318324121724616 -0.058105069485890504 0.043166063992396447 -0.080603579202767242 0.031821584744184735 0.016052990312295016 0.0079758453009900875 0.055898246385658795 0.0032662268793795255 -0.04918103910681107 0.013973925578009572 0.01804517192247718 0.01170597556591272 -0.06810339907216062 -0.027075493597982128 0.050503606668125312 -0.017881845144573624 -0.029568478728687172 -0.034991059778650295 -0.019548198017201777 0.042133736767859538 -0.084426944845506668 0.031423168237218323 -0.0357521408231233 0.0081615977996738164 0.022527260843218766 0.014571178910806507 -0.074436344096885071 -0.064358272520211965 -0.06192380995924316 -0.079854055539488572 0.019529568045128527 -0.019511969946145454 0.02227693720931892 -0.049358180173439403 0.038675887286750275 -0.085040036249377726 0.01764148025568801 0.017556829577480938 -0.1049562047106279 -0.056230221993456356 -0.10167042798035297 0.012813291776926397
leaf_weight=250.43397084211756 354.91321261401754 280.08925243938575 9.4248989025363681 1938.2404938560212 366.70223880076082 111.01658513338771 5.187346883933059 123.46893304947298 8.1575101655034796 895.52793597709388 157.18064132888685 25.224748600958264 8.0508698529738449 7.1527223368902915 86.32010309479665 19.573473774318703 13.401474012644028 17.149387073470283 81.540414412651444 1031.5234777472215 28.227241128799506 46.744120525545441 7.1433483895380041 157.84613730804995 25.756984145060414 688.74341012036894 4.7644033459364428 726.74653201800538 41.53924289526185 8.2969802485313249 405.69487035920611 477.17226383573143 8.9850957188755256 39.331406413344666 8.0448253061913402 55.360108008317184 299.22158592262713 11.472185348597121 241.81553410671768 6.8073141560889772 3.6135610189667196 147.89389342942741 30.344578837859444 65.04730046808254 102.21557900460903 348.43594787182519 4.6675961231521788 15.741892445701522 8.6685951453982835 2.6235950277186921 112.4391175082128 8.3984764333436086 7.3192136026045764 8.9695604922017065 113.29933046628139 6.1415924030588966 12.706544787215533 25.647520530066689 4.3074024794623247 3.7974801969248793 14.87652550137136 161.70090138976229
leaf_count=964772 2478 161205 5760 603074 115286 901 1766 50492 5919 58061 82860 8570 1187 13235 27967 8690 716 317 16771 196030 7301 724 234 2312 1680 100567 50 149859 16947 100 30955 43801 2091 4668 1119 20893 186221 9576 100438 557 790 3713 5730 13527 20679 43591 5469 9217 1169 963 4245 5808 452 575 6396 587 142 587 140 148 2059 23502
internal_value=-0.000193382 -0.00303835 0.0156668 -0.0019782 -0.00697303 0.0104336 -0.00258698 0.00071328 0.0078657 -0.00109882 -0.00295954 0.0042585 0.000474989 0.020757 -0.00570403 0.00247739 -0.00310022 -0.0515553 0.0010163 -0.00244865 -0.0177109 0.0149254 -0.018056 0.0248076 -0.00781382 0.00461564 -0.00532383 0.000784292 -0.0374158 -0.0433542 0.00835776 0.00337617 0.0160192 0.00870618 -0.0156115 -0.00811816 -0.0210068 0.00518046 -0.0171004 0.00998107 0.00710704 0.0253989 -0.0207509 -0.00984622 0.0164686 0.0132592 0.00400448 -0.00375832 0.0148326 0.0191009 0.000583382 -0.0140232 -0.0510293 0.0140786 0.0221845 0.0243155 -0.0184157 0.0300264 -0.00288157 0.0288749 -0.0740497 0.00953858
internal_weight=10288.8 8724.64 1564.21 8474.21 2966.81 1209.29 1968.6 5507.4 1098.28 4452.74 3557.21 906.515 738.246 168.269 1577.82 713.021 492.912 37.6942 455.218 1211.12 179.595 220.109 24.2927 191.761 33.9145 845.924 2711.29 773.05 46.3036 27.8705 1054.65 639.973 414.68 516.504 998.219 418.908 579.311 169.048 249.86 390.775 173.365 158.844 37.1519 151.367 113.688 353.623 427.347 249.285 178.062 169.394 233.543 112.135 30.5942 121.409 164.726 162.102 18.8481 143.254 29.9549 151.691 23.275 169.752
internal_count=3155639 3020083 135556 2055311 911886 133078 411755 1143425 132177 1011418 953357 122266 99410 22856 360111 90840 64637 1267 63370 244825 48795 26203 551 9911 7599 183427 769930 166856 16997 8790 132007 98961 33046 48469 500131 152705 347426 51148 101557 51644 25479 17096 6287 41494 30255 45357 54580 39127 15453 14284 29910 25090 8319 4820 8815 7852 729 7123 727 3861 7867 24689
is_linear=0
shrinkage=0.05


Tree=32
num_leaves=63
num_cat=0
split_feature=9 4 1 4 4 3 5 0 4 4 18 2 1 1 21 1 23 5 23 23 19 1 2 2 19 6 2 0 21 21 3 21 5 5 0 18 23 21 5 23 19 3 19 18 4 1 6 19 21 18 17 5 4 21 4 18 6 19 0 1 6 3
split_gain=235.756 115.51 80.7893 49.8583 38.9526 38.6996 32.6402 31.8776 49.588 31.2553 25.8448 23.919 25.9608 23.2349 22.8428 22.1209 20.8751 20.4007 20.3261 21.7066 19.4442 28.1376 18.7745 22.3393 30.0219 21.9986 27.9242 25.3966 18.2235 18.2009 28.9496 27.2446 28.7835 19.9549 19.098 18.1341 17.7673 17.0519 24.0231 16.7654 16.4389 19.2936 16.2159 16.0337 15.8807 16.399 25.0446 20.9892 16.3606 15.5565 19.5081 15.3738 28.9444 15.2796 15.1209 17.7456 22.2478 15.4273 15.0741 16.7454 14.9885 14.9323
threshold=1.0000000180025095e-35 0.0028523580403998498 6.7827587127685556 0.42030042409896856 0.00027673719159793114 4.9522936344146737 0.73759180307388317 1.5660668015480044 0.91776639223098766 0.15396235138177874 0.054093567654490478 8.7528185844421404 4.5053346157073983 7.6964399814605722 0.61682966351509105 9.8191542625427264 1.2109177112579348 0.83007729053497326 2.1778662204742436 0.37618094682693487 0.040833333507180221 7.2265725135803232 9.0573616027832049 6.6140549182891855 0.57417583465576183 0.67759785056114208 10.079672813415529 2.2823361158370976 -1.2553316354751585 0.045675372704863555 5.3821961879730233 0.092591349035501494 0.75648838281631481 0.54836919903755199 1.6037566661834719 0.12249999865889551 1.0971124768257143 0.39977304637432104 0.59805497527122509 2.2256284952163701 0.43614129722118383 3.6242519617080693 0.47913043200969702 0.16333333402872088 0.012281119823455812 2.0126758217811589 0.86414274573326122 0.52506268024444591 -0.67306572198867787 0.097619049251079573 0.037749288603663451 0.65378880500793468 0.96482685208320629 0.15179929882287982 0.027123312465846542 0.10172414034605028 0.88694322109222423 0.10172414034605028 1.9711546897888186 7.0668933391571054 0.84457457065582286 0.89587974548339855
decision_type=2 2 2 2 2 2 2 2 2 2 2 2 2 2 2 2 2 2 2 2 2 2 2 2 2 2 2 2 2 2 2 2 2 2 2 2 2 2 2 2 2 2 2 2 2 2 2 2 2 2 2 2 2 2 2 2 2 2 2 2 2 2
left_child=1 -1 9 5 -2 -4 22 8 18 11 17 12 54 20 -14 -10 29 -9 19 -5 21 -7 23 -6 -25 26 27 -24 -8 30 -12 -31 33 -33 -34 42 53 49 -39 40 58 -42 60 51 45 46 48 -47 -30 50 -15 -17 -53 -35 55 57 -57 -3 -18 -60 -11 -50
right_child=4 2 3 7 6 13 28 10 15 35 16 -13 14 37 -16 43 39 -19 -20 -21 -22 -23 25 24 -26 -27 -28 -29 44 31 -32 32 34 36 -36 -37 -38 38 -40 -41 41 -43 -44 -45 -46 47 -48 -49 61 -51 -52 52 -54 -55 -56 56 -58 -59 59 -61 -62 -63
leaf_value=-0.038961812964174856 -0.045471748533326743 0.027719567770450794 -0.017617664897892245 -0.038914131653458917 0.018147339839753904 -0.048925116219700179 -0.087698245930502378 -0.0038895863497306568 0.020488434690137169 0.0057430974884624389 -0.0020107972237259999 0.0076863717633757992 -0.014332359015970374 -0.010562299657584115 0.015645500649206615 -0.018626495976653681 0.032117074041142939 0.042357599748106156 -0.061983774762813172 -0.0098696172094584061 0.0080622447616040347 0.0022964327733580006 -0.10837042368167703 -0.011770664594317408 0.034681239702739536 0.02886822743550025 0.024833924557684923 0.018748077209697837 0.026448816818194082 0.056597982263614711 -0.088649007992448514 -0.069816958639449242 0.033665626958094746 -0.069344455166302402 -0.094900179647903246 0.016123145646507686 -0.056781368133110612 0.012653272426072022 -0.013836399348624018 -0.072611196660951074 0.051576345332771237 -0.085276792209544483 -0.016256831798445334 0.019803910039953396 0.02829731525804512 0.02625749639354287 0.022827001762380787 -0.0787953824882454 0.030138531771247808 -0.00035520741383468502 -0.027554403961810948 -0.042860253952274635 0.010047746998973147 0.025914456886973386 0.011040056312921947 -0.039147147783390679 0.037118606655428779 -0.0166975640907767 0.022821796250478692 -0.042274286547176583 0.04627239130516253 -0.088537741984883789
leaf_weight=220.83588796250115 23.155925700732041 42.408228850865271 1151.4049905686697 70.313137692472083 174.38468621158972 39.199374636518769 2.630585814418736 489.67206868730136 167.83111504121916 797.51948808663292 39.07320866570808 556.92385391233256 600.71493948946591 526.94039677048568 70.222841984083061 134.31847597158048 225.67281860532239 24.065438146528322 20.568246046139393 676.11341641344188 410.75330627872609 80.255805698223412 9.6281163459643704 229.30597055822727 39.985803682706319 187.02055132592795 20.038895162637345 5.8223889672663054 5.0005459818057743 25.774893078836612 11.82187089032959 6.3462823481531805 3.2731017435435197 3.4732663072645655 10.607978372252544 579.07746739516733 6.8823494075331828 179.95337016123813 161.40376481425483 3.5503806674387297 3.21105607843492 6.1092454551253468 82.233778368448839 75.888712550047785 739.78567205084255 97.705679771635914 22.457788441213779 4.0404864267911753 2.6406551180989508 198.24865250173025 249.31055871868739 28.943288488488179 188.25634634145536 88.586549688130617 291.19002441602061 57.88121674125432 10.592846507846842 34.66757892104215 26.106729807215743 14.5452469435113 22.513394361943938 15.687674586253705
leaf_count=895607 67253 10052 694408 44034 13919 9744 319 88534 15488 55556 6145 48590 226560 191717 16946 28158 11193 1445 9222 236774 57888 14605 604 32221 1170 3183 216 63 157 842 1912 1531 174 619 2246 19768 1233 43889 47587 578 103 942 7259 4436 7547 6429 389 751 193 34331 88202 12693 23234 6238 25590 18964 761 12086 1055 1798 589 1226
internal_value=-0.000122322 -0.00334382 -0.00241336 -0.00615266 0.0176463 -0.0104269 0.0186141 -0.000700979 -0.00565958 0.00394384 0.00612931 -0.000757984 -0.00500678 -0.00593489 -0.0111762 0.00516488 0.0145229 -0.00164511 -0.0140559 -0.012654 0.0028981 -0.0147786 0.0102217 0.00425781 -0.00477046 0.0220412 -0.0137407 -0.0622392 0.0248778 0.00198823 -0.0234555 0.0110219 0.000775424 0.00988748 -0.0643597 0.00922428 0.0156472 -0.00949354 0.000124341 0.0232768 0.0247699 -0.0376988 0.00478361 -0.000886048 0.0253099 0.0102402 -0.014397 0.0213594 -0.0496964 -0.0128593 -0.0160481 -0.00539628 0.00283329 0.021614 0.00447473 -0.0086457 -0.0269845 0.00778341 0.0270889 -0.000925285 0.0069108 -0.0707648
internal_weight=10294.5 8715.26 8494.42 5348.48 1579.29 2997.47 1556.14 2351.01 1362.23 3145.95 988.772 1664.6 1107.68 1846.07 670.938 595.238 475.035 513.738 766.995 746.427 530.208 119.455 666.186 443.676 269.292 222.51 35.4894 15.4505 889.949 195.84 50.8951 144.944 119.17 105.288 13.8811 1481.34 98.9422 1315.86 341.357 279.195 275.645 9.3203 902.267 427.407 887.319 147.533 45.7867 101.746 23.3289 974.5 776.251 351.518 217.2 92.0598 436.74 145.55 68.4741 77.0758 266.325 40.652 820.033 18.3283
internal_count=3156966 3021326 2125719 1682998 135640 1182371 68387 500627 374039 442721 126588 359549 310959 487963 243506 84009 36609 89979 290030 280808 82237 24349 51376 47310 33391 4066 883 667 17011 20940 8057 12883 12041 9621 2420 83172 8090 405726 91476 15669 15091 1045 63404 68521 16692 9145 1965 7180 1576 314250 279919 64085 35927 6857 67453 41863 19725 22138 14046 2853 56145 1419
is_linear=0
shrinkage=0.05


Tree=33
num_leaves=63
num_cat=0
split_feature=9 3 18 1 4 4 1 3 15 3 1 23 2 0 18 4 2 3 21 1 2 1 21 0 2 23 23 6 15 6 23 0 23 20 23 19 21 19 17 19 21 3 19 21 6 6 21 19 19 17 3 23 0 2 21 21 23 0 17 6 23 21
split_gain=247.356 127.174 81.311 39.1531 35.0611 31.9847 33.9855 31.4567 24.7789 24.1687 23.6574 21.967 21.2662 27.9067 27.1704 24.7099 20.0921 24.5622 19.2392 18.3069 20.7746 17.9577 17.8154 19.6172 17.0901 28.7425 17.9501 16.9252 17.0364 16.459 16.3094 19.0903 16.105 16.0751 15.9739 21.5552 15.6274 15.0241 17.2152 14.8433 24.9126 18.8165 14.6266 22.6331 26.0225 24.1296 17.4101 17.3486 16.8956 17.0991 16.818 15.4629 15.0622 20.5095 20.3467 14.6817 14.2652 13.9712 23.6102 17.2873 16.6205 13.851
threshold=1.0000000180025095e-35 1.4978661537170412 0.057189542800188072 7.5430085659027108 0.048518240451812751 0.24272290617227557 8.6021776199340838 4.7405652999877939 0.064999999478459372 4.0859410762786874 8.4163780212402362 0.58583965897560131 8.1047034263610858 2.5747989416122441 0.26491229236125952 0.042658597230911262 7.9382672309875497 3.7012257575988774 0.80727526545524608 7.2265725135803232 10.079672813415529 10.921531200408937 0.45586667954921728 2.9702482223510747 7.3320422172546396 0.17010376602411273 -2.8498268127441402 0.8032674789428712 7.1250000000000009 0.68339741230010997 2.0906039476394658 2.1338784694671635 0.064502775669097914 1.0000000180025095e-35 1.9784656763076784 0.5313725769519807 0.70681405067443859 0.11882352828979494 0.23431372642517093 0.19615384936332705 1.0000000180025095e-35 2.8029010295867924 0.033908046782016761 0.29735623300075537 0.64054930210113536 0.80679190158844005 0.27199335396289831 0.097619049251079573 0.10435571894049646 0.73030304908752453 6.1169800758361825 1.6646640300750735 2.1436136960983281 6.632660150527955 0.53066724538803112 0.31608875095844274 2.13365650177002 2.3209801912307744 0.3390804678201676 0.84859442710876476 0.19774170219898227 0.14659410715103152
decision_type=2 2 2 2 2 2 2 2 2 2 2 2 2 2 2 2 2 2 2 2 2 2 2 2 2 2 2 2 2 2 2 2 2 2 2 2 2 2 2 2 2 2 2 2 2 2 2 2 2 2 2 2 2 2 2 2 2 2 2 2 2 2
left_child=1 -1 3 7 12 6 -4 22 11 29 42 -5 13 14 16 24 17 18 39 30 -21 -11 -3 36 37 26 -26 -27 -29 -10 31 -9 -12 -6 -14 -36 -24 38 -15 40 41 -2 43 46 -45 52 57 -44 50 51 55 -50 54 -54 -46 -49 -23 58 60 -59 -7 -39
right_child=4 2 5 8 33 10 -8 19 9 21 32 -13 34 15 -16 -17 -18 -19 -20 20 -22 56 23 -25 25 27 -28 28 -30 -31 -32 -33 -34 -35 35 -37 -38 61 -40 -41 -42 -43 47 44 45 -47 -48 48 49 -51 -52 -53 53 -55 -56 -57 -58 59 -60 -61 -62 -63
leaf_value=-0.041116926815838076 -0.0061719663201379015 -0.014657815016815831 0.00034104582925275365 0.019687286633356678 0.019545567893835637 -0.074834823212977589 -0.028434290219133618 -0.013786778993142844 -0.0013192149354917498 -0.0098659457242882553 -0.043278076617904435 -0.0090917387401969526 0.02054625657127649 0.015858932565964705 0.041106840978964443 -0.074003353092136404 -0.088176136775202488 0.026759501706978273 0.031175033184131541 0.016586577838678219 -0.07471505826286462 -0.059115526001793255 0.013506524434235504 0.05855492708331958 0.034740707371258443 0.036599619550589421 -0.1010481795036175 -0.060089433440623341 0.045079757929317399 -0.03989810090093527 0.021461312732449899 0.0023934510404304741 0.0019703050162210569 0.035488400573963561 -0.097895965123976941 0.035043552136561767 -0.02249334636576715 0.017013350520677914 -0.065341087092939801 -0.0065819023634399263 -0.080526787138722092 -0.091554757527262984 0.028221741260845635 0.041441539852886761 -0.055398908535792962 0.025664502239639016 0.049537956934491825 -0.070602755944063011 0.010772653137666566 -0.082779426628952449 0.029190349739500295 0.031823629361303694 -0.09971826835041489 0.0053209862567820147 0.0069129552859693317 0.0017732079317835979 0.039551060875851154 0.024432324640628965 -0.089071642207415549 -0.090456378875287319 0.0054339624886348345 0.049505955969920135
leaf_weight=210.51728448173526 41.523332929995377 489.84779161526239 1508.0528617604868 123.7852989496605 320.0397287470405 5.686316519859246 109.10045838098449 236.91736115026288 36.183702233844087 2269.6832187593973 19.189856674638577 140.59615360124735 513.53013785358053 29.772167300456204 22.865150113284471 6.4098426473792633 8.1008326034352631 32.602775260340422 15.01405995475943 278.26383420673665 5.3992095679277545 28.045374628098219 73.766934244136792 14.559858234890269 2.6344803505926384 28.318669659900479 9.2784198312438075 10.78035519516561 4.8556893054046659 117.14734155983024 83.578266242169775 778.94051302538719 755.92079348934931 322.37477743031923 5.7214175591943768 4.8540076827630401 49.513957888470031 62.957357672421494 7.2852387994353185 51.953843328446965 25.56145580484008 6.6789864839520297 205.06394808553159 16.053068972774781 23.820550023694523 17.560405011987314 25.671064860769548 15.835241557564588 533.61334210616769 3.5930880121886721 11.528875828720627 103.8978041644441 16.308076152927246 6.2194542919751248 27.330527303274721 11.920303795603102 3.4869144594995296 111.00369198876433 6.2942522765370077 2.4087606740649781 181.52703969157301 71.212135836482048
leaf_count=922048 31596 237519 298339 15318 5073 1855 66038 45425 36955 830879 6507 43245 20224 2901 3929 214 3827 941 3667 38520 568 15045 23455 697 53 1101 2456 1126 55 150451 4346 68795 117015 1910 820 27 20297 3640 1344 24712 22975 1504 8212 778 3949 637 770 2088 27516 346 232 2735 2022 246 3538 1068 316 3460 1114 176 17372 1673
internal_value=0.000519036 -0.00282313 -0.00186405 -0.00621257 0.0185458 0.00366854 -0.00161664 -0.000921731 -0.0101236 -0.0116898 0.00773649 0.00440622 0.012484 0.00433492 -0.00913768 0.0161112 -0.0156603 -0.0117849 -0.0208401 0.00329146 0.0145924 -0.0103996 -0.0101959 0.00565194 0.018968 -0.00498 -0.0706542 0.0139952 -0.0266831 -0.0308616 0.000365124 -0.00138993 0.000795746 0.0275887 0.0192701 -0.0391221 -0.00101694 0.0267653 -0.0014019 -0.0272491 -0.0415229 -0.0196231 0.0117921 0.00432656 -0.0155473 -0.0259148 0.0107652 0.0154918 0.0116193 0.013576 -0.0198583 0.0142479 -0.0383872 -0.0717252 -0.0226109 -0.0405384 -0.0473244 0.00737182 -0.000813517 0.0212229 0.00261127 0.0344979
internal_weight=10262.2 8657.83 8447.32 4729.72 1604.32 3717.6 1617.15 2010.79 2718.93 2454.55 2100.45 264.381 961.91 437.805 204.3 233.504 181.435 173.334 140.732 1383.1 283.663 2301.22 627.689 137.841 227.095 55.8676 11.9129 43.9547 15.636 153.331 1099.44 1015.86 775.111 642.415 524.106 10.5754 123.281 171.227 37.0574 125.718 73.7638 48.2023 1325.34 439.883 107.292 91.239 332.591 885.453 680.389 641.104 39.2844 637.511 73.6786 22.5275 51.1511 27.7555 31.5323 306.92 193.508 113.412 187.213 134.169
internal_count=3155660 3019892 2097844 1531831 135768 566013 364377 439622 1092209 1033646 201636 58563 128785 107714 93151 14563 89222 85395 84454 157654 39088 846240 281968 44449 14349 4791 2509 2282 1181 187406 118566 114220 123522 6983 21071 847 43752 9558 4245 80787 56075 33100 78114 35917 11170 10392 24747 42197 33985 30597 3388 30251 9755 2268 7487 3156 15361 23977 20341 3636 19227 5313
is_linear=0
shrinkage=0.05


Tree=34
num_leaves=63
num_cat=0
split_feature=9 3 1 3 15 15 14 3 0 0 3 23 15 15 21 3 6 23 17 15 1 17 3 21 0 15 5 23 15 17 15 20 23 5 5 5 21 19 15 17 1 5 15 5 3 6 6 5 23 23 1 6 3 5 17 15 1 6 1 23 21 3
split_gain=193.429 116.199 53.7211 49.9242 47.632 43.9987 32.4667 31.0997 27.8198 26.6457 24.5526 24.5067 24.4667 32.7231 25.1057 21.7685 20.7988 25.3091 23.8417 21.3904 20.5701 20.2289 21.0369 20.4098 19.8605 19.713 19.6459 19.4444 17.7465 17.5333 17.3776 18.5945 25.0771 23.3486 17.2842 16.9003 16.8116 16.0943 15.6651 21.5557 20.2766 15.1166 15.1076 15.1069 15.0027 24.2316 15.262 25.2208 17.3935 16.9603 20.7731 14.8131 14.8585 14.8086 14.7815 14.6573 21.5309 14.978 18.1737 18.9949 18.5612 21.2837
threshold=1.0000000180025095e-35 1.4978661537170412 7.405799627304078 5.2755572795867929 0.36500000953674322 0.12499999627470972 1.2424533367156985 4.2972624301910409 3.1131258010864262 1.4952787756919863 1.0000000180025095e-35 0.11337145417928697 2.3950001001358037 0.9350000023841859 -0.64890193939208973 2.9700856208801274 0.77494853734970104 1.02805632352829 0.051315790042281158 0.044999999925494201 10.800462722778322 1.0000000180025095e-35 3.9219243526458745 0.27199335396289831 2.7140035629272465 0.074999999254941954 0.52119591832160961 1.1607641577720644 0.37500000000000006 0.56904762983322155 0.50499999523162853 1.0000000180025095e-35 0.29088154435157781 0.76850682497024547 0.79071250557899486 0.80037999153137218 -0.61573588848114003 0.60990336537361156 0.16499999910593036 0.67424243688583385 4.1971738338470468 0.65517181158065807 2.7649999856948857 0.77367371320724498 4.7405652999877939 0.84122383594512951 0.7076438069343568 0.72720384597778331 1.5819688439369204 0.72422525286674511 5.0139575004577646 0.79895144701004039 4.5591125488281259 0.4479393362998963 0.057189542800188072 4.2149999141693124 2.0126758217811589 0.78525999188423168 5.2176458835601816 1.2455573678016665 0.45586667954921728 6.2143199443817148
decision_type=2 2 2 2 2 2 2 2 2 2 2 2 2 2 2 2 2 2 2 2 2 2 2 2 2 2 2 2 2 2 2 2 2 2 2 2 2 2 2 2 2 2 2 2 2 2 2 2 2 2 2 2 2 2 2 2 2 2 2 2 2 2
left_child=1 -1 7 5 -2 16 10 21 11 25 -6 24 13 41 -15 -7 17 -4 -18 -19 29 22 -3 -24 42 27 -16 -5 -11 -20 31 32 33 -13 36 53 -27 44 -23 40 -40 -12 -9 -38 45 51 47 48 49 -46 -51 52 -34 -14 -36 56 -32 58 -57 -60 -61 -62
right_child=4 2 3 9 6 15 -8 8 -10 28 12 30 35 14 26 -17 18 19 20 -21 -22 38 23 -25 -26 34 -28 -29 -30 -31 55 -33 37 -35 54 -37 43 -39 39 -41 -42 -43 -44 -45 46 -47 -48 -49 -50 50 -52 -53 -54 -55 -56 57 -58 -59 59 60 61 -63
leaf_value=-0.039503529580435418 0.032842962402790422 -0.037990020557138682 0.0010190190219359677 0.018440525135463629 -0.043283411908814295 -0.042925278832756951 0.034680149699742514 0.0077650758608190599 0.028834784998230775 0.010507781838806312 -0.027312113863671286 -0.056185103562019834 -0.077586961653420633 -0.091641160433609994 0.042673659990123146 -0.013400355726168609 -0.034567521650521453 0.0096119575662326484 0.024098221726978654 -0.042465962304045188 -0.039906244293124726 0.018302414607004436 -0.022085799061150834 0.025125379823062306 -0.030841922575762949 -0.036106265928114882 -0.016813487537639945 -0.024624111795250439 -0.002699490160687604 -0.043211981066298158 -0.096126286169028199 0.01901583370413867 0.0025369091881269927 0.025920846716736418 0.0028296343894081959 0.028263045195458948 -0.007231844647794675 -0.03352136941042793 0.0085205689825206214 -0.071750000211144305 -0.0098449398313839413 0.018357338140913542 0.028786535817079892 0.030314300982117143 -0.032857076065519492 0.046803952469730348 0.01103514695104053 -0.080864693494149389 -0.052044943498866639 -0.061994894566262462 0.012286600737657274 -0.066807251271451512 -0.043532079896336784 0.011544431226210673 -0.091099163108207148 0.022076403298002617 -0.0061709485743859857 -0.013376317297792727 -0.01103057923146033 0.025797579697346962 0.0031024683827283088 -0.095403320857962104
leaf_weight=205.1275316274623 353.70143621979514 86.577083117706934 291.52469351576292 133.43849105061963 21.039586738028447 64.171010768506676 138.25836871893262 160.19581081852084 117.24105773004703 694.70173169695772 19.31675585830817 30.553513655497227 3.7201653966330914 9.390147306956349 14.352590550552121 1633.3897134645667 23.839557239087299 26.713428812858183 203.5545739599911 70.9768935481261 13.923805426689794 85.291980831942055 58.461879122827668 36.24096397444373 20.265148745151237 47.990103528194595 147.62106651780778 31.644061981351115 400.38326042273548 9.261701508658005 5.7275390652939668 232.31814481003676 53.620383081375621 11.253879745956509 6.4740649706218418 191.29128472087905 731.06759072578279 25.573490902315825 235.94164949358674 10.656767040287376 410.17021646481589 174.49073164473521 184.69536671368405 26.83465154573787 27.063943707384169 14.201595472055486 798.62519356713165 9.0171330461744201 13.993300392408853 8.915285606402902 189.79555896495003 14.087080664234234 24.911606803303584 481.89064127422171 10.567070940393021 150.20195172028616 644.7491067503579 99.127064656117 156.32214928756002 95.582916898536496 25.30540705204476 5.9800582160241893
leaf_count=922209 2494 55167 57972 14226 65102 116553 2880 24890 1944 76160 1866 6320 1268 2904 1923 773215 6606 7156 15510 32363 7247 4481 33857 10600 1351 23674 18028 9398 92391 1752 558 10779 12065 427 886 3126 206636 3416 38078 4082 177021 3224 18150 2036 4747 301 40518 1284 2346 766 14881 2032 7386 32727 2499 6559 120025 9411 28928 7098 1967 398
internal_value=0.00050197 -0.00241159 -0.00150801 -0.00531703 0.0167338 -0.0103317 0.0119677 0.00265727 0.005043 0.000311969 0.00898406 0.00410457 0.0100798 -0.000352849 -0.0162206 -0.0145411 0.000842202 -0.00638648 0.012051 -0.0282722 0.0170827 -0.00539922 -0.0203238 -0.00394523 0.0162263 -0.00563851 -0.0113128 0.0100871 0.0056809 0.0209805 0.00242046 0.00607999 0.00360639 -0.0339943 -0.00880151 0.0157002 -0.00770767 0.00496647 -0.0017308 -0.00435631 -0.00313558 0.0136886 0.0190731 -0.00586427 0.00584749 -0.0119258 0.00766976 -0.00313439 0.000112586 0.0035605 0.00866018 -0.0213348 -0.0124405 0.0107036 -0.057236 -0.00207853 -0.00710935 0.00406847 0.00808011 0.000605024 0.0149161 -0.0180982
internal_weight=10223.3 8668.25 8463.12 4420.46 1555.07 2337.36 1201.37 4042.66 3119.32 2083.1 1063.11 3002.08 1042.07 365.171 171.364 1697.56 639.795 389.215 250.58 97.6903 226.74 923.341 181.28 94.7028 365.156 988.016 161.974 165.083 1095.08 212.816 2636.93 1453.93 1221.61 41.8074 822.933 676.902 805.892 1179.8 742.061 656.769 646.112 193.807 344.891 757.902 1154.23 106.821 1047.41 248.785 239.768 225.775 198.711 92.6191 78.532 485.611 17.0411 1183 650.477 532.52 433.392 283.191 126.868 31.2855
internal_count=3155864 3020322 2098113 1446280 135542 1018374 133048 651833 328547 427906 130168 326603 65066 27945 22855 889768 128606 97491 31115 39519 24509 323286 99624 44457 44391 259355 19951 23624 168551 17262 282212 107268 96489 6747 235731 37121 232346 89742 223662 219181 215099 5090 43040 208672 86326 21784 64542 24024 22740 20394 15647 21483 19451 33995 3385 174944 120583 54361 44950 38391 9463 2365
is_linear=0
shrinkage=0.05


Tree=35
num_leaves=63
num_cat=0
split_feature=9 3 18 15 3 0 6 4 21 1 3 0 21 5 3 4 3 15 19 6 1 17 15 3 15 5 21 0 6 7 6 6 19 15 4 5 17 3 6 19 6 6 5 17 6 19 15 6 1 1 6 17 21 21 18 4 21 21 1 17 6 15
split_gain=191.844 108.96 78.3666 53.6447 35.1913 33.7841 21.6612 21.6453 20.6716 17.1719 16.8911 17.8644 16.3299 15.8431 16.4765 15.698 21.0028 15.9175 16.4466 17.6295 15.6224 15.5513 18.3568 26.3941 15.4179 14.898 16.2075 19.652 16.831 19.7567 15.5981 17.3212 22.6334 15.0432 20.2027 14.7595 28.8733 17.1339 14.1007 13.937 13.4548 13.3056 25.1695 17.1312 26.4873 12.9903 17.9723 16.2332 29.3441 30.3818 16.8544 21.4872 21.1964 16.9798 15.7439 14.4241 12.8784 14.8026 21.2267 13.5313 12.6662 27.697
threshold=1.0000000180025095e-35 1.4978661537170412 1.0000000180025095e-35 0.36500000953674322 4.5900437831878671 3.3746581077575688 0.81769469380378734 0.00027673719159793114 -0.12494389340281485 4.1971738338470468 4.7749040126800546 0.099745940417051329 -0.59508430957794178 0.4479393362998963 6.0447778701782235 0.049588056281208999 5.533381700515748 6.7349998950958261 0.15192308276891711 0.83815103769302379 5.7153801918029794 0.19139194488525393 0.064999999478459372 4.0163424015045175 6.5050001144409189 0.80827856063842785 0.15179929882287982 2.2033913135528569 0.79046303033828746 1.0000000180025095e-35 0.76995083689689647 0.67234274744987499 0.36515152454376226 7.1649999618530282 0.090304773300886168 0.73939079046249401 0.17752101272344592 5.059420347213746 0.76036715507507335 0.19615384936332705 0.81189879775047313 0.68877100944519054 0.52119591832160961 0.12249999865889551 0.58073616027832042 0.48074074089527136 7.1849999427795419 0.8080076575279237 6.140960931777955 6.9683799743652353 0.79994022846221935 0.21980676054954532 -0.23544743657112119 -0.009909017011523245 0.23205128312110904 0.99672624468803417 0.76990297436714183 0.58352568745613109 2.0126758217811589 0.081666667014360442 0.67123734951019298 1.7050000429153445
decision_type=2 2 2 2 2 2 2 2 2 2 2 2 2 2 2 2 2 2 2 2 2 2 2 2 2 2 2 2 2 2 2 2 2 2 2 2 2 2 2 2 2 2 2 2 2 2 2 2 2 2 2 2 2 2 2 2 2 2 2 2 2 2
left_child=1 -1 4 35 21 7 10 -5 9 24 11 -4 -7 14 -12 16 17 18 -8 -20 -19 -3 23 38 -6 26 33 28 30 -30 31 39 -33 34 -13 36 37 -2 -23 -28 -27 42 43 44 -9 47 -47 50 -49 54 -15 52 -52 -54 -50 -51 57 -43 -59 -58 61 -44
right_child=3 2 6 5 8 12 15 41 -10 -11 13 25 -14 45 -16 -17 -18 20 19 -21 -22 22 -24 -25 -26 40 27 -29 29 -31 -32 32 -34 -35 -36 -37 -38 -39 -40 -41 -42 56 60 -45 -46 46 -48 48 49 55 51 -53 53 -55 -56 -57 59 58 -60 -61 -62 -63
leaf_value=-0.039790106980719983 0.029665585543657658 -0.021415766060759411 -0.045898154481175291 -0.042786262017498244 0.034269611824036469 -0.040805302222307695 0.014565377920562037 0.016535094968957244 -0.002882447118765626 -0.01408511379517341 -0.062241575519411868 -0.023028579101347754 0.032351122230887687 0.0015025965627230601 0.0222545562198832 0.015098443832864173 -0.069546568402122408 0.045260578040316725 -0.054954251626549926 -0.0038368534933584408 -0.05017255305046902 -0.062968735360353745 -0.014082225421372205 -0.083430467580137876 -0.078747911441502241 0.010028760281632496 0.029712513074850705 0.01325953397810014 0.0026683708828868038 -0.085146729472504942 0.019417040252189519 -0.030393577209914858 0.019213317146141669 0.021013369583506417 -0.0041412248453763251 0.037135347093676586 -0.11303870933382464 -0.055517506673714835 0.048567773326833936 -0.061376607300743125 -0.046417321263312911 0.0045317440386245722 -0.074416425296560756 0.034146106189639855 -0.09740003182613001 0.014839362665955216 -0.071311018716848348 -0.073185607866536717 -0.0277209901127583 -0.071592685929103658 -0.084856767505189806 0.039200435249031752 0.038226935096356551 -0.027260392514056698 0.057254249250067182 0.046706761414638559 -0.035782222139719974 0.032997901483605929 -0.075488429382270447 0.045117862398212222 0.038811196317835896 0.020707018990548141
leaf_weight=198.78581332800968 45.219810199341737 590.68275162369537 24.334191190020647 20.455751166649861 28.704689211212102 7.1201867032796136 54.984971606871113 8.4230555054091436 2019.2096258503152 733.39475938980468 17.363254376105036 276.01005276889191 190.69620406324975 2419.8180113427807 7.793932261876761 462.17530363745755 9.9603236566763353 29.150826736236922 24.597968293906888 49.942996205354575 4.1508611294411812 2.2398614883131804 102.50837188969308 3.9766835764748967 2.4102139938622704 236.23293185434886 33.005974961153697 189.99485559534514 11.411045869259397 13.42944499431178 54.49284282210283 103.45640651212307 28.737560301859048 32.835523667599773 290.69443103307276 302.72684415004915 3.4991011748206793 5.8321798756369381 33.069160712562734 3.8452115731488439 10.068390664673641 693.13654025504366 7.3980580989737055 7.8716539734741664 11.019865980750181 278.69243403000291 5.2114955092547453 19.102489867946133 6.8722969110822332 13.454598341835661 6.1140077961608759 66.227981256321073 21.0542376836529 17.018900519935414 18.466052690753713 2.4091595164500168 5.3478909494588143 6.107735674595463 12.33424018890946 32.269824098329991 91.206555582379224 87.436423095234204
leaf_count=921661 494 428635 18425 66292 1511 393 8992 1346 500687 272181 6271 143791 2992 293320 246 30374 847 1009 10191 9260 2493 1548 65408 790 256 59390 7122 27935 4052 4381 11022 45895 8844 12741 75125 1559 230 206 3573 2009 3623 47367 951 307 3139 24320 1213 1336 545 2877 1473 2262 625 1531 167 35 589 105 1774 652 2618 4572
internal_value=-0.000375749 -0.00329813 -0.00242569 0.0158761 -0.00810625 0.010723 0.00169934 0.00691303 -0.00553656 -0.0125336 0.000399449 -0.00431404 0.0295259 0.00252734 -0.0362139 0.0103 -0.0025478 0.00195008 -0.00602743 -0.0212094 0.0322495 -0.0178513 -0.00295658 0.0257026 0.0233356 -0.00349098 -0.00611412 0.00119279 -0.00805371 -0.0462647 -0.00362041 -0.0111172 -0.0195463 -0.0114499 -0.0133646 0.03283 0.00869937 0.0190546 0.039953 0.0188375 0.00754297 0.00801253 0.0190009 -0.0251458 -0.0496467 0.00287888 0.0130132 0.00176364 -0.0236612 0.000489872 0.00237871 0.0213935 -0.00557256 0.00900526 0.0340297 -0.0519228 0.0048621 0.00333101 -0.03971 0.032988 0.0255823 0.0125873
internal_weight=10096.2 8558.09 8359.31 1538.1 3516.2 1180.82 4843.11 983.008 2783.72 764.51 4208.15 1308.55 197.816 2899.6 25.1572 634.963 172.788 162.828 129.526 74.541 33.3017 732.477 141.794 39.2857 31.1149 1284.21 1037.91 438.373 248.378 24.8405 223.538 169.045 132.194 599.54 566.704 357.278 54.5511 51.052 35.309 36.8512 246.301 962.552 213.356 27.3146 19.4429 2874.44 283.904 2590.54 60.3046 41.2021 2530.23 110.415 44.1871 38.0731 25.3383 15.8638 749.196 711.579 18.442 37.6177 186.041 94.8345
internal_count=3155578 3019992 2098331 135586 1274589 133097 823742 129712 774635 273948 760576 424355 3385 336221 6517 63166 32792 31945 28443 19451 3502 499954 71319 5911 1767 405930 342917 111260 83325 8433 74892 63870 54739 231657 218916 2489 930 700 5121 9131 63013 63420 12933 4792 4485 329704 25533 304171 4960 3624 299211 5891 3629 2156 712 2912 50487 49246 1879 1241 8141 5523
is_linear=0
shrinkage=0.05


Tree=36
num_leaves=63
num_cat=0
split_feature=9 7 5 15 4 21 4 14 1 15 15 11 1 4 21 21 5 1 4 3 3 15 6 21 4 6 4 6 4 1 21 1 21 6 23 3 20 6 19 1 5 4 21 21 5 5 21 15 15 4 4 20 6 3 6 5 23 23 23 1 21 19
split_gain=192.686 108.446 56.4124 44.9737 39.197 25.3174 24.1585 22.8843 22.0402 30.4861 24.4147 21.4067 21.513 20.5441 19.1889 18.5186 19.6474 18.001 20.5202 26.3703 17.9466 20.9241 20.1057 17.7567 17.037 16.4193 15.532 20.2199 20.3458 20.1733 17.9078 16.6647 15.3764 16.1825 15.1848 14.7586 14.7003 13.8535 13.7717 13.4836 37.6363 17.3646 15.424 14.5205 13.451 21.565 19.8466 16.3064 16.9986 13.644 15.3349 19.8362 20.8175 13.3226 17.0324 13.2566 16.3768 15.8616 14.8829 16.3117 12.8689 18.0522
threshold=1.0000000180025095e-35 1.0000000180025095e-35 0.76344707608222973 0.35500000417232519 0.0028523580403998498 -0.22979346662759778 0.00027673719159793114 1.2424533367156985 7.5701854228973398 0.37500000000000006 2.7649999856948857 1.0000000180025095e-35 3.1984648704528813 0.047853767871856696 0.82743009924888622 0.3039564341306687 0.85238444805145275 10.970695495605471 0.75116822123527538 5.5154407024383554 5.427147865295411 0.10500000044703485 0.59530380368232738 0.87089255452156078 0.01007167808711529 0.64054930210113536 0.94281044602394115 0.75901898741722118 0.97272503376007091 10.222613811492922 0.32224409282207495 11.211678504943849 0.34209665656089788 0.7169635295867921 0.55012384057044994 4.424828529357911 1.0000000180025095e-35 0.73287451267242443 0.057189542800188072 6.8632805347442636 0.6060309410095216 0.0094191753305494803 0.48267115652561193 -0.71193596720695485 0.6060309410095216 0.59120419621467601 -1.2553316354751585 2.2849999666213994 1.2649999856948855 0.013127831742167475 0.014217835385352375 1.0000000180025095e-35 0.85290363430976879 3.9981586933135991 0.81052240729331981 0.59397619962692272 0.31303548812866216 0.097678307443857207 0.7313104271888734 8.2283105850219744 0.23698861151933673 0.46862745285034185
decision_type=2 2 2 2 2 2 2 2 2 2 2 2 2 2 2 2 2 2 2 2 2 2 2 2 2 2 2 2 2 2 2 2 2 2 2 2 2 2 2 2 2 2 2 2 2 2 2 2 2 2 2 2 2 2 2 2 2 2 2 2 2 2
left_child=1 4 8 36 -1 11 -5 24 9 -3 13 12 35 38 -15 53 23 18 19 -10 22 -22 -20 32 39 -19 29 28 -28 60 31 -30 33 -17 -18 -4 -2 -23 -11 41 43 42 -8 -41 45 -26 -47 48 -46 -50 -51 -52 -53 54 -7 -24 57 -57 59 -58 -6 -62
right_child=3 2 5 6 26 15 7 -9 17 10 -12 -13 -14 14 -16 16 34 25 20 -21 21 37 55 -25 44 -27 27 -29 30 -31 -32 -33 -34 -35 -36 -37 -38 -39 -40 40 -42 -43 -44 -45 47 46 -48 -49 49 50 51 52 -54 -55 -56 56 58 -59 -60 -61 61 -63
leaf_value=-0.038767667983368365 0.018032457327601722 0.0055267873389191965 -0.049192599669956011 -0.040297936758286003 -0.018136377596968154 -0.029417044359506508 0.012029226004340881 0.031645376764941009 -0.012253004879270729 -0.0087666794449846788 0.0011841875048085547 0.011941529885918871 -0.025494090856567255 -0.0040498117238079055 -0.061675778448022633 0.027784052439081337 -0.082275478741890534 0.019217625830346433 -0.070952928911790974 -0.0013528021373010674 -0.029207088018331696 -0.012138963904785711 0.022127461746287179 -0.066606436898526397 0.0051128438292654035 -0.058008331354527654 0.020194260917053411 0.014881424467694224 -0.063520477284208496 -0.030309259611803724 -0.05983471728219393 0.014556485135662068 0.0009072556800760888 -0.072757259252304807 0.02262311519691524 0.039437669314020145 0.039956505087439184 0.031601891584340347 -0.031116502464101626 0.037645693206845909 -0.064316044007599937 -0.068662725043763931 -0.079926300026954042 -0.019835959841609522 0.013303163498978733 0.049906126969093571 -0.095829594215117275 0.02258700468054968 -0.091452670458675486 0.044009623222758996 -0.00069103091590914901 -0.1157245164999306 0.015091809004033242 0.01886523694565867 0.013681091498104378 -0.00096717251713226505 -0.069955309931899023 -0.082058614535186425 -0.0024154331765135579 0.026798652688707483 0.0040310151655389686 -0.055149162596136447
leaf_weight=194.62062177396729 123.31484786118381 1280.5716324931709 4.9549111094675053 21.331427641780465 274.89225041255122 33.413256776577327 150.04315469163703 133.91861948382575 1441.6570383101352 123.12463987033698 959.70536508521764 103.24052010514424 132.54457662900677 654.47773230547318 13.780672386259537 4.919798593735325 2.6024889971595249 8.4060764061287028 6.9692600265843785 902.09156833897578 82.01473929034546 39.309082413441502 134.37436008220538 10.683136602980083 131.75531032541767 28.831633835332468 24.176603123138193 95.323813560273265 8.3848739937529881 207.80744990696257 30.619702461757697 24.246458928682841 196.1200222838379 13.449743141711222 104.56557205523131 22.688734581344761 212.59605608187849 31.95665286493022 158.69504450823297 21.37789989169687 27.9427543709171 6.4923398387618354 3.7129464545578221 20.687679630937055 212.56469270493835 2.3594444976188234 8.9939544484950584 395.5255310657667 4.5507544549182048 10.107381040696053 33.116475842951331 8.0954092303290945 4.2537798644043496 614.53594815294491 67.669504517543828 14.041805130720606 3.6305900270817792 9.6012601912952942 162.85166333895177 91.221174611244351 159.54007418497349 13.010714404881581
leaf_count=892009 1472 115694 1607 67206 204418 9759 16517 1739 603174 55115 165543 8638 36681 144563 6625 423 398 1640 3155 171300 20263 8313 13690 3106 7021 6038 7862 10597 3747 205057 11802 4271 21729 2846 4558 404 931 2589 85166 1964 11914 522 1276 8441 4698 37 1050 6982 810 242 1921 576 53 42189 7368 1694 784 2439 18107 5885 97296 11981
internal_value=-0.000471562 -0.00341724 -0.0013137 0.015839 -0.0185953 0.00809707 0.0112843 0.0122538 -0.00332227 -0.000439579 -0.00444102 -0.00574263 -0.0171434 -0.0101185 -0.00532854 0.0115782 0.00181689 -0.00643129 -0.00598269 -0.00805996 0.00246951 -0.0121366 0.00778227 -0.006571 0.0097326 -0.0405286 -0.0138698 -0.00097267 -0.0182315 -0.0174598 -0.0330047 -0.00679818 -0.00328559 -0.0457857 0.0193387 0.0223886 0.0319855 0.00764099 -0.0214176 -0.00226349 -0.0204095 0.00574145 0.00930654 0.00957228 0.0131357 -0.000772351 -0.0639548 0.0161111 0.00666977 -0.0166162 -0.00897984 -0.0214534 -0.0729088 0.0161025 -0.000713759 0.00926931 0.00307149 -0.0358913 0.00677106 0.0224041 -0.0114379 -0.00072336
internal_weight=10024.1 8491.32 7458.7 1532.74 1032.62 1311.39 1196.83 1175.5 6147.31 3190.36 1909.78 263.429 160.188 950.078 668.258 1047.96 332.341 2956.96 2919.72 2343.75 575.971 153.28 422.69 225.173 1041.58 37.2377 838.002 182.751 87.4276 655.25 63.251 32.6313 214.49 18.3695 107.168 27.6436 335.911 71.2657 281.82 230.257 70.0083 160.248 153.756 42.0656 811.323 143.109 11.3534 668.214 272.688 60.1238 55.573 45.4657 12.3492 715.619 101.083 415.721 281.346 23.6431 257.703 94.8518 447.443 172.551
internal_count=3155895 3020523 1571483 135372 1449040 139706 132969 65763 1431777 572706 457012 47330 38692 291469 151188 92376 33060 859071 851393 774474 76919 31165 45754 28104 64024 7678 557031 38279 27682 518752 19820 8018 24998 3269 4956 2011 2403 10902 140281 40634 22319 18315 17793 10405 23390 8108 1087 15282 8300 3602 2792 2550 629 59316 17127 42599 28909 4133 24776 6669 313695 109277
is_linear=0
shrinkage=0.05


Tree=37
num_leaves=63
num_cat=0
split_feature=9 1 15 15 11 2 13 1 15 2 6 11 0 15 2 0 2 21 21 6 21 6 6 6 21 2 8 15 0 21 23 23 23 2 2 21 0 14 0 23 21 17 21 21 19 17 21 19 2 21 1 1 1 21 17 20 2 23 19 19 6 1
split_gain=200.143 68.2279 46.3068 37.9424 33.3763 32.3365 37.5972 27.8714 27.5388 27.7651 25.5902 22.3309 20.8424 20.5737 20.0568 19.6859 18.2614 19.925 17.8511 22.1082 16.8604 18.0688 16.3041 15.056 14.7755 31.7606 28.2898 18.0749 16.6619 15.8944 16.5367 15.4355 17.1252 16.9523 15.4172 14.755 18.7462 14.5198 14.4325 14.4125 14.3422 22.8378 15.0451 20.2515 14.1658 14.3111 16.4047 14.0135 13.9195 13.7619 14.6612 13.4618 12.9223 13.4357 12.8769 12.7002 14.3499 15.385 16.8846 35.761 20.9206 14.91
threshold=1.0000000180025095e-35 8.2502284049987811 0.63499999046325695 0.24499999731779101 1.0000000180025095e-35 2.7403194904327397 1.0000000180025095e-35 10.153078079223635 0.37500000000000006 9.2467198371887225 0.74073660373687755 1.0000000180025095e-35 1.3008639216423037 4.3650000095367441 7.2082302570343026 2.8840651512146001 6.834646701812745 0.13018449395895007 -0.73843392729759205 0.84122383594512951 0.32864001393318182 0.78525999188423168 0.77422934770584118 0.6592007875442506 0.40714851021766668 6.3306114673614511 1.0000000180025095e-35 0.28499999642372137 2.1726541519165044 0.34209665656089788 0.90079322457313549 1.0553049445152285 0.20916203409433368 6.632660150527955 4.79990577697754 0.45586667954921728 1.4608725905418398 0.89587974548339855 1.3119280338287356 1.4422942996025088 -1.0072653889656065 0.16333333402872088 -0.30083906650543207 -0.11992974579334258 0.40824915468692785 1.0000000180025095e-35 -0.26394963264465326 0.13484849035739901 5.4531798362731942 0.57243141531944286 8.4791793823242205 7.7447862625122079 8.1835370063781756 0.15179929882287982 0.50925925374031078 1.0000000180025095e-35 4.79990577697754 0.96258276700973522 0.07275132462382318 0.21240601688623431 0.73486611247062694 6.3035337924957284
decision_type=2 2 2 2 2 2 2 2 2 2 2 2 2 2 2 2 2 2 2 2 2 2 2 2 2 2 2 2 2 2 2 2 2 2 2 2 2 2 2 2 2 2 2 2 2 2 2 2 2 2 2 2 2 2 2 2 2 2 2 2 2 2
left_child=1 8 5 -2 49 12 16 23 10 15 14 13 -3 38 24 -10 17 -7 19 -13 -19 22 35 -8 29 -26 -27 -28 -29 31 -31 32 34 39 -1 48 -37 -15 -5 52 41 -11 -42 -44 45 46 -16 -25 -22 -4 -51 -47 53 -33 55 56 -40 58 -58 -60 -61 -59
right_child=3 2 4 11 -6 6 7 -9 9 40 -12 18 -14 37 44 -17 -18 20 -20 -21 21 -23 -24 47 25 26 27 28 -30 30 -32 33 -34 -35 -36 36 -38 -39 54 -41 42 -43 43 -45 -46 51 -48 -49 -50 50 -52 -53 -54 -55 -56 -57 57 61 59 60 -62 -63
leaf_value=0.050615736802752435 0.035118886503395334 -0.035312423729507422 -0.018274808704530861 -0.062204456601792413 -0.050485854609673975 -0.018358637197257666 -0.068099297908027642 -0.00084031016038693934 -0.0060763306572392947 -0.050595956215452577 0.0092333123940846595 -0.074144495156255527 0.034777954328621144 0.0090835787618624864 0.065013908275480994 0.0084572832842832683 0.0032702387689686344 0.0042273478799172487 0.023884140967563427 0.042831889643133537 0.0046027765706132002 -0.050247697456080292 0.029367299969368821 0.031342951318097251 0.012039762191984011 0.019097883419690313 -0.059857144385115961 0.015605766024940824 -0.089266297766677022 0.0003421634696450308 -0.069150252204146861 -0.024494646714879709 -0.027543728234436848 0.013698339184861564 -0.010512263615660052 -0.015783348880416548 0.0054832854590129848 0.027636636792637777 0.026621480111150869 -0.034675818139366862 0.023336554298197927 0.028744296446040669 -0.041865515431938116 0.0078873346140285582 -0.058392519993619822 0.039961115266617969 -0.0094254985089794723 -0.00059578920049346298 -0.035573334076077705 -0.055333839630023224 0.015307505241739058 -0.046006913059297661 0.051357611062903034 0.01487306700347191 -0.065593815679913223 0.020898215453296592 0.0039900212687611859 0.022378364738321374 -0.079686155953808402 -0.075925289429003243 6.7492329234486003e-06 -0.024409931951676497
leaf_weight=13.332028437813277 233.86874903080752 121.18533543475496 611.22512229890708 8.1846015708724718 77.626186202738609 490.22013514052378 3.5924593641539095 398.61101860474446 2348.5544063881171 23.191557065132656 1302.535947076889 9.4214339813333918 10.823709145392057 314.33589735387068 7.638304976746439 257.77019852200465 302.34332319232635 284.36349402458291 450.03199751811917 5.7607237475458524 27.985415471717715 26.430944102728972 25.940866822493263 149.93532033875817 268.05410049081547 28.448624842218123 40.634992215549573 19.149657924659554 3.6665719787124536 14.028421500639523 20.925448114227038 47.336560922529316 136.17316149000544 124.44103112479206 35.951194952940568 225.8637778012926 190.02768871172157 158.99105102928297 36.592483328844537 44.639186179148965 156.60186946069007 13.688533108128466 21.149618344177725 267.21366929371288 5.120660809101536 67.62382228707429 50.694525856524706 44.413137040159199 89.887179081968497 7.4538462631753637 55.442114177218173 4.0603685984387985 9.6935295265284349 38.389304221462226 6.0688891073805271 73.847903666246566 66.464897757963627 65.149535009841202 24.430143053061329 9.5652934513782366 64.143463550761226 22.018231115420349
leaf_count=990 1435 431941 372126 8755 391546 194801 1449 90925 802420 10795 103968 738 8386 56222 161 34262 51581 81360 7829 97 10339 14241 6408 8423 37442 5846 5346 1831 361 3117 4442 11061 35489 8009 9594 97129 49467 8381 2156 10544 19361 1483 5521 27039 599 1632 4696 4289 32904 4071 17523 467 922 3803 1089 4363 16670 2893 9838 3202 8168 3771
internal_value=6.39744e-05 -0.00294411 -0.00879343 0.0165905 -0.0196103 -0.00538664 -0.00397447 0.00678629 0.000480389 -0.00259743 0.00464385 0.0132711 -0.0293473 0.00843381 -0.00145928 -0.00463624 -0.00783619 -0.0103046 0.0220701 -0.0298549 -0.00575306 -0.010594 -0.00863516 0.0220717 -0.00432456 0.00334526 -0.0218715 -0.0402517 -0.0042877 -0.0100131 -0.0420263 -0.00743858 -0.0184562 0.000326948 0.00670175 -0.0105335 -0.00607643 0.0153607 -0.000292943 -0.0115663 0.00841737 -0.0211664 0.0109113 0.00410621 0.0163543 0.0197214 0.00125332 0.0240785 -0.0260762 -0.0159854 0.00620077 0.0345257 -0.00050771 -0.00689699 0.00124769 0.00254513 -0.00221093 -0.00649018 -0.0154524 -0.0285273 -0.0107315 0.010417
internal_weight=10063 8514.08 3143.37 1548.88 751.747 2391.62 2259.61 596.552 5370.71 3088.17 2282.54 1315.01 132.009 849.792 980.001 2606.32 1663.06 1360.72 465.214 15.1822 870.499 586.136 559.705 197.941 844.864 359.954 91.8998 63.4512 22.8162 484.91 34.9539 449.956 185.456 264.5 49.2832 533.764 415.891 473.327 376.465 140.059 481.845 36.8801 444.965 288.363 135.138 130.017 58.3328 194.348 117.873 674.121 62.896 71.6842 95.4194 85.7259 368.281 362.212 288.364 251.772 164.604 98.1389 73.7088 87.1678
internal_count=3155717 3020110 1868909 135607 785266 1083643 643316 105086 1151201 900881 250320 134172 440327 125508 146352 836682 538230 486649 8664 835 291848 210488 196247 14161 138797 50826 13384 7538 2192 87971 7559 80412 46073 34339 10584 189839 146596 64603 60905 26330 64199 12278 51921 32560 7555 6956 4857 12712 43243 393720 21594 2099 15786 14864 52150 51061 46698 44542 37878 21208 11370 6664
is_linear=0
shrinkage=0.05


Tree=38
num_leaves=63
num_cat=0
split_feature=9 3 18 3 15 3 1 4 4 2 5 3 21 1 21 4 21 4 4 21 18 3 21 21 21 19 15 5 6 2 17 1 3 21 18 18 4 4 2 1 21 15 4 2 15 3 3 3 4 20 19 6 21 4 15 18 21 1 15 6 3 1
split_gain=197.01 90.2957 76.5279 44.6196 35.8574 22.6966 22.4344 24.375 23.7882 23.7456 28.0134 22.8656 21.293 20.7225 22.614 18.0595 26.3908 18.5897 17.8507 17.1195 17.0832 18.5802 30.279 17.6415 35.4279 23.2653 18.2866 17.1766 21.3619 28.5239 16.5616 20.7508 25.3509 17.9435 16.4741 23.9674 21.149 17.4627 16.4082 17.5032 16.0803 15.9623 15.8189 15.8078 15.586 15.5669 19.5452 20.3419 20.2122 17.757 20.5578 15.5512 20.9978 15.1539 14.9321 21.5057 14.7553 14.4236 15.8192 13.9523 17.8936 17.1044
threshold=1.0000000180025095e-35 2.0126758217811589 1.0000000180025095e-35 5.8930234909057626 0.36500000953674322 5.2337753772735605 8.4373917579650897 0.70028248429298412 0.37787806987762457 5.9467277526855478 0.62171700596809398 4.6200466156005868 0.1858530938625336 2.0126758217811589 -0.45481054484844202 0.59687429666519176 0.31013733148574835 0.56237450242042553 0.99365073442459118 -0.22979346662759778 0.35857143998146063 3.1567740440368657 0.19700689613819125 -0.67306572198867787 -0.49447669088840479 0.28869047760963445 4.2449998855590829 0.77195149660110485 0.76508089900016796 8.8794727325439471 1.0000000180025095e-35 8.2059011459350604 5.5234570503234872 0.20259315520524981 0.2709790319204331 0.31414473056793218 0.051079822704195983 0.043395679444074638 8.7316589355468768 9.080174922943117 -0.85839685797691334 4.3949999809265146 0.014217835385352375 5.9067223072052011 0.22500000149011615 4.8481087684631357 4.3757371902465829 4.1026091575622567 0.042102538049221046 1.0000000180025095e-35 0.983333319425583 0.85290363430976879 -0.48581443727016443 0.0064258505590260038 1.7549999952316286 0.13188406080007556 0.19700689613819125 6.140960931777955 0.31499999761581426 0.82257318496704113 1.4978661537170412 6.9683799743652353
decision_type=2 2 2 2 2 2 2 2 2 2 2 2 2 2 2 2 2 2 2 2 2 2 2 2 2 2 2 2 2 2 2 2 2 2 2 2 2 2 2 2 2 2 2 2 2 2 2 2 2 2 2 2 2 2 2 2 2 2 2 2 2 2
left_child=1 54 3 19 -2 20 7 11 -8 18 -11 12 -4 14 -13 17 -17 34 30 38 23 22 -22 -6 25 -25 -27 45 -29 -30 31 32 33 -9 51 36 41 -37 -3 53 -12 -36 -14 -39 56 46 47 59 -48 50 -47 -15 -53 -40 55 -1 -19 -45 -59 61 -61 -26
right_child=4 2 6 -5 5 -7 8 9 -10 10 40 13 42 15 -16 16 -18 44 -20 -21 21 -23 -24 24 27 26 -28 28 29 -31 -32 -33 -34 -35 35 37 -38 43 39 -41 -42 -43 -44 57 -46 49 48 -49 -50 -51 -52 52 -54 -55 -56 -57 -58 58 -60 60 -62 -63
leaf_value=-0.034756480648213038 0.030932167509517342 -0.021767128384153921 -0.0093907021837264099 0.0057785021234918214 0.021632067098646398 0.024443666595340363 -0.014242977129380203 -0.011652770378366362 0.00099247662880926459 0.014790428377622939 0.045534118345693708 -0.064593727578552848 -0.030319930248456934 0.0061765257502961624 0.039753255696477238 -0.0027977820632735404 -0.07201600977026977 -0.054746455281060695 -0.083264463878004055 -0.0076008430549399202 -0.06022708257756524 0.040599602118862183 0.039526493704132568 -0.084937623367115647 0.011267236915391094 -0.091291455423758924 0.015994439958802491 0.027815172853312878 0.0053960902266878925 -0.11052131910179093 0.026052027563095565 0.042014077578527646 0.028352329033156938 -0.099849928530886325 0.035028374125386036 -0.044535670838834668 -0.10154970944223317 -0.086337920332592508 -0.048369116924433929 -0.027228801739972344 -0.085041276088774889 -0.084545658314717262 0.0087208115987159589 0.021758153116352746 0.041332250086764506 -0.10218319327689968 0.033305864980985769 -0.067977274764763534 -0.050712468884940423 0.02676205218642776 0.043682179046511109 0.032257144052033913 -0.092404340762549844 0.0029876354779846529 -0.050695540070858282 0.0099498312278019831 0.0256156936995964 -0.074102216382780486 0.0040472010854036939 0.018126684528325193 -0.094340164838729187 -0.018141793673512655
leaf_weight=108.15475925502687 338.56501017487608 499.57506181439385 609.89258854396758 529.90529271721607 150.33451504650293 301.43715757946484 371.65889110608259 11.744164276402445 819.51141423426452 24.440301236812957 2.1227959401439902 4.7377933318493879 27.086748453351902 1859.6920500217238 65.93183258222416 57.839665874605998 17.109594170469791 8.688807751284914 3.1567799586337051 2119.6143341926363 13.060118265944768 75.085712028900161 15.594296703551661 17.11010575540422 130.9558017958625 4.076174073561563 17.357344429037767 145.88990819023456 161.02461589482846 4.4869496171304482 291.45264200953534 15.52220905292779 13.187390694394706 10.930104833678341 7.3673575660213846 19.895833412418142 11.727820736123247 3.492703507305122 14.351726657157995 80.164799694612157 14.800499122764448 3.1920169200748205 343.33772414707346 70.624111663200893 61.057826215052046 11.022805368760602 60.496372871100903 11.751851732726207 7.2023320783628142 5.5338914447929701 2.4174701459705821 4.7425642090383908 8.0373215207364392 222.21812452044105 83.082718549871061 35.194374348749989 12.967338287387973 8.2077731749741378 21.504666439082939 5.3929831071873178 7.937036257237196 78.065065449074609
leaf_count=437978 2498 260802 204300 57718 19631 3065 156359 1010 139873 1153 25 344 14817 182718 792 3835 2669 1001 448 784887 3367 624 643 8186 19013 983 1745 4038 7177 291 10820 593 460 1419 382 2212 1742 536 16447 61360 1539 400 58818 1722 1579 764 1055 868 363 58 4 209 921 60461 489433 55043 609 907 1865 2453 1497 57176
internal_value=0.000243236 -0.0027594 -0.00190458 -0.00756668 0.016541 0.0125455 0.00217964 0.00414058 -0.00376912 0.0159758 -0.0194796 0.00271547 -0.00365366 0.00549479 0.031954 0.00462125 -0.0193392 0.00548471 0.0202585 -0.0099765 0.00864513 0.02767 -0.006437 0.00621061 0.002727 -0.0431934 -0.00756885 0.00559055 0.0139361 0.00160874 0.0214511 -0.00464483 -0.0254324 -0.0565899 0.00452472 -0.0115987 -0.0581362 -0.00281682 -0.0161282 -0.00719366 -0.0670357 -0.00530495 0.00579207 0.00552596 0.0285776 -0.0025292 0.000299043 -0.00655747 0.0237592 -0.0452778 -0.0747386 0.00578752 -0.0471592 -0.000318454 -0.0338401 -0.0237875 -0.00762022 0.00954417 -0.0192507 -0.00302145 -0.0507493 0.000249476
internal_weight=10062.7 8497.92 8271.49 3465.83 1564.8 1226.23 4805.66 3614.49 1191.17 387.357 41.3636 3227.13 980.317 2246.82 70.6696 2176.15 74.9493 2101.2 345.993 2935.92 924.795 103.74 28.6544 821.055 670.721 38.5436 21.4335 632.177 311.401 165.512 342.837 51.3839 35.8617 22.6743 2018.48 146.012 22.2872 123.725 816.31 316.735 16.9233 10.5594 370.424 103.829 82.714 320.776 301.801 234.103 67.6987 18.9742 13.4403 1872.47 12.7799 236.57 226.432 143.349 21.6561 100.337 29.7124 222.351 13.33 209.021
internal_count=3155705 3020206 2037752 1241675 135499 133001 796077 499845 296232 17467 2717 482378 277935 204443 1136 203307 6504 196803 14750 1183957 129936 4634 4010 125302 105671 10914 2728 94757 11506 7468 14302 3482 2889 2429 193614 9766 2524 7242 399070 138268 1564 782 73635 5030 3189 83251 82425 81007 1418 826 768 183848 1130 76908 982454 493021 1610 4494 2772 80139 3950 76189
is_linear=0
shrinkage=0.05


Tree=39
num_leaves=63
num_cat=0
split_feature=9 4 0 3 6 15 15 1 3 5 3 3 14 21 21 6 6 21 3 6 6 3 6 4 0 23 21 21 15 6 0 21 19 5 0 21 21 6 15 1 21 15 4 23 3 2 4 6 5 21 2 1 15 5 1 4 3 5 6 3 4 21
split_gain=162.642 80.0142 44.1998 45.1969 39.2367 35.5128 32.794 36.8957 27.5143 26.8088 25.5268 32.9681 24.1913 19.8871 23.6651 17.1403 21.097 16.5374 17.9062 16.4875 16.1953 26.025 16.1237 16.0301 15.4801 15.2737 15.2401 15.2005 18.0381 15.0776 14.9762 14.7581 23.7431 21.6748 27.3734 17.6579 26.868 17.4034 17.1833 17.6647 17.1206 14.9381 14.6711 14.6181 14.5313 18.8076 14.2295 15.1256 15.6279 14.2911 18.3618 23.6714 15.0686 14.1708 25.6455 17.0686 16.1106 14.1648 14.1233 14.0193 20.1252 13.8284
threshold=1.0000000180025095e-35 0.0028523580403998498 3.1131258010864262 5.3351285457611093 0.79594290256500255 0.36500000953674322 0.21499999612569812 6.0318858623504648 0.89587974548339855 0.87110334634780895 4.5900437831878671 5.2831909656524667 1.2424533367156985 0.2200833931565285 0.20848988741636279 0.78525999188423168 0.79414069652557384 -0.76778408885002125 3.1984648704528813 0.60355255007743847 0.78863400220870983 5.6112999916076669 0.84457457065582286 0.58270600438117992 2.4093282222747807 -1.7112489342689512 0.20848988741636279 0.91864022612571727 4.555000066757203 0.64587956666946422 1.802176356315613 0.23139698803424838 0.057189542800188072 0.75478157401084911 2.4267071485519414 -0.074195850640535341 -0.11992974579334258 0.74400955438613903 0.19500000029802325 6.140960931777955 0.75228410959243786 0.18500000238418582 0.98164984583854686 1.4209734797477724 2.5249279737472539 7.2082302570343026 0.64901283383369457 0.78360220789909374 0.79071250557899486 -0.049344424158334725 8.9409565925598162 4.5053346157073983 2.7649999856948857 0.74792608618736278 6.252866506576539 0.044932121410965926 5.3351285457611093 0.62702566385269176 0.6913517713546754 3.7954261302948002 0.28618718683719641 -0.22979346662759778
decision_type=2 2 2 2 2 2 2 2 2 2 2 2 2 2 2 2 2 2 2 2 2 2 2 2 2 2 2 2 2 2 2 2 2 2 2 2 2 2 2 2 2 2 2 2 2 2 2 2 2 2 2 2 2 2 2 2 2 2 2 2 2 2
left_child=1 -1 3 6 13 53 22 10 25 17 -8 15 44 14 24 -12 -17 -9 -19 -15 27 -22 31 -16 61 -7 59 -21 30 -13 -29 32 33 34 -3 36 41 38 39 -33 42 58 -39 -40 45 -10 47 48 49 -26 51 52 -51 54 55 -2 -57 -18 -34 -24 -61 -5
right_child=5 2 -4 4 -6 8 7 9 12 -11 11 29 -14 19 23 16 57 18 -20 20 21 -23 26 -25 46 -27 -28 28 -30 -31 -32 37 35 -35 -36 -37 -38 40 43 -41 -42 -43 -44 -45 -46 -47 -48 -49 -50 50 -52 -53 -54 -55 -56 56 -58 -59 -60 60 -62 -63
leaf_value=-0.034901930420202426 0.044261741437414591 -0.011483592009407633 0.01918075973941552 -0.013224291688346752 0.017315222897012233 0.041684039154069812 -0.0080290452355105107 -0.026174204556998194 0.0034072213551420007 0.023764160133860755 0.016797988834884255 0.02805771589248407 0.032321264965491404 -0.017983225588640444 -0.080860511356236245 -0.059120357072192931 -0.064176847979113091 -0.038925229479383087 -0.010601313341896469 0.0071442342349696576 0.013694393284780724 -0.099310812082307118 0.024295301202320083 0.0040807373977179906 0.023029616058140197 -0.040258794585251612 0.040691880399529992 -0.047185819160697584 0.050438646496673005 -0.076371158645777593 0.0052974116055683786 -0.083411325265063091 -0.04777693793826663 0.012534884348033569 -0.097888070430952337 0.021165218570400629 -0.074050339227429693 -0.0076471750586440158 0.027180734364817324 -0.0034117626646695052 -0.056728649146225177 -0.044858955349703113 -0.050029466431686098 -0.037630892265517447 0.012660760557521168 -0.044131057505166535 0.044887188485281067 -0.052124070203038976 -0.052280007330779303 0.017513647048136662 0.038001273511575229 -0.0713905629666058 -0.084643528071434576 0.034527166735200551 0.025489774018124897 -0.13274910611639065 -0.0077662352843029196 0.0077547267214789738 0.013078868632075278 0.039750435046924042 -0.091626842969576044 -0.0018732994463146393
leaf_weight=185.6339839969005 2.829979970585554 197.63919231455657 242.73944787983783 376.35902369680116 368.77404317096807 5.8770736144797402 518.6949694432551 211.10736696998356 141.34604255988961 50.1637545422127 326.35344632773194 3.8368308813078356 137.4161588884308 78.781982061220333 15.513192087993959 14.816887843539005 6.3529788195155552 56.667278218170395 1893.1676117473107 1345.918549006863 10.51897176296916 8.5124131822958571 14.860116807656597 8.2303354440955427 103.89422547776485 36.094457992912794 45.602036575553939 35.018401076260488 7.6003911010920993 15.097549744998103 21.533456623670645 6.0560346809215835 9.1781819821626396 101.76102122923476 8.6452826294116658 232.44596885987266 10.342755876685258 186.99708639152232 75.842441632208647 320.4799224226299 23.396375145632192 12.731563351801013 22.013055130082648 8.9307004880101868 837.55029769043904 23.375163869233802 24.06441673298832 10.037454496137796 9.0775026510236767 25.316802468383688 15.341993739944881 15.589126998675054 3.1852107224985948 271.83153752464568 41.786049966933206 5.4556111994897929 4.5119306237902492 98.198700983193703 155.80815072280529 3.7814397971378622 7.3047190696233884 929.99993272341089
leaf_count=895425 14 59032 13938 103182 19640 6106 176764 126884 15236 19318 28842 276 1544 18059 3426 2096 1030 97992 803793 158007 857 1307 1769 1249 4227 71304 2748 14575 424 1964 2668 1086 6886 27445 1198 39676 4955 48952 14547 98436 18319 9036 3120 4074 26614 12261 322 733 455 649 212 1355 282 1504 504 344 109 6540 33827 55 900 136472
internal_value=0.00016573 -0.00252544 -0.0017967 -0.00243144 0.00193521 0.0152898 -0.00564455 -0.00847029 0.01124 -0.0120524 -0.000411627 0.00809066 0.0127114 6.71875e-05 -0.00393469 0.0108818 -0.00529816 -0.0128945 -0.011444 0.0041452 0.00537679 -0.0392854 0.000608971 -0.0524419 -0.00313925 -0.0280817 0.0235813 0.006007 -0.0175957 -0.0548639 -0.0274568 -0.000605074 0.00426625 -0.00626818 -0.0155595 0.0119799 0.000574801 -0.00611647 7.17095e-05 -0.00514559 -0.0170216 0.00530785 -0.0123279 0.0199938 0.00999329 -0.0035644 0.0095512 0.00467104 0.00825919 0.0119215 -0.00755609 -0.0238995 0.00361508 0.0298717 0.00648294 -0.052927 -0.0820406 0.00281727 0.00942602 -0.00688572 -0.0472334 -0.00515111
internal_weight=9987.99 8479.91 8294.28 8051.54 3413.27 1508.07 4638.27 3194.46 1181.66 2211.11 983.351 464.656 1139.69 3044.49 1536.61 445.722 119.369 2160.94 1949.83 1507.88 1429.1 19.0314 1443.82 23.7435 1512.87 41.9715 71.5483 1410.07 64.1522 18.9344 56.5519 1372.27 728.552 308.045 206.284 420.507 188.061 643.716 411.309 326.536 232.407 177.718 209.01 84.7731 1002.27 164.721 206.507 182.442 172.405 163.327 59.4331 44.0911 28.502 326.415 54.5836 12.7975 9.96754 104.552 164.986 25.9463 11.0862 1306.36
internal_count=3154564 3019024 2123599 2109661 468101 135540 1641560 1265499 133065 1047987 217512 40748 55655 448461 252564 38508 9666 1028669 901785 195897 177838 2164 376061 4675 247889 77410 5472 175674 17667 2240 17243 370589 182055 87675 60230 94380 54704 188534 118143 99522 70391 49749 52072 18621 54111 27497 8235 7913 7180 6725 2498 2286 931 2475 971 467 453 7570 40713 2724 955 239654
is_linear=0
shrinkage=0.05


Tree=40
num_leaves=63
num_cat=0
split_feature=9 3 18 3 20 3 13 5 3 0 3 21 18 17 5 19 23 21 5 21 3 21 23 1 3 1 3 2 0 23 19 21 1 14 3 21 5 3 3 2 1 5 2 1 2 3 5 5 18 1 23 19 21 3 0 2 17 23 17 17 2 2
split_gain=177.476 85.2837 75.1585 32.3953 27.0798 23.5778 22.7046 22.659 17.6436 16.3825 15.9688 19.1179 15.8595 15.847 15.7087 20.3547 19.0073 19.1503 27.6046 24.5906 18.7698 22.4325 26.3199 18.7975 17.9263 17.2291 22.3257 16.2195 15.6092 24.2604 19.5335 15.2341 14.9121 14.9011 14.6017 14.5502 22.4237 14.3867 16.7706 14.1518 17.9027 13.8404 13.7679 13.6535 16.3025 13.393 13.381 15.845 13.2172 15.546 13.0246 16.3654 16.6454 12.5722 21.842 12.5507 14.9664 14.2911 12.6667 17.4333 26.0156 16.5194
threshold=1.0000000180025095e-35 2.0126758217811589 1.0000000180025095e-35 5.3867835998535165 1.0000000180025095e-35 4.8402345180511483 1.0000000180025095e-35 0.84616094827651989 5.2958111763000497 1.3442020416259768 4.6200466156005868 -0.83763015270233143 0.13188406080007556 0.21240601688623431 0.73578414320945751 0.52277433872222911 1.02805632352829 -0.20087624341249463 0.77021124958992015 -0.67306572198867787 5.888874053955079 0.065863832831382765 1.6646640300750735 5.3107368946075448 6.6707012653350839 8.5613055229187029 6.5123665332794198 5.3205649852752694 2.1925401687622075 1.3423621058464053 0.10912698507308961 0.49181233346462255 7.3482656478881845 1.4978661537170412 1.0000000180025095e-35 -0.2815480232238769 0.84170120954513561 5.6920459270477304 4.9452011585235605 5.5314092636108407 7.2265725135803232 0.83573299646377575 5.7761018276214608 10.746293067932131 6.5868608951568612 3.5694335699081425 0.77882471680641185 0.79071250557899486 0.28869047760963445 6.140960931777955 -0.46301294863224024 0.23205128312110904 -0.46952493488788599 4.8713660240173349 2.0152058601379399 4.8402345180511483 0.040833333507180221 0.87261205911636364 0.31698563694953924 0.25462962687015539 6.4838714599609384 5.8507635593414316
decision_type=2 2 2 2 2 2 2 2 2 2 2 2 2 2 2 2 2 2 2 2 2 2 2 2 2 2 2 2 2 2 2 2 2 2 2 2 2 2 2 2 2 2 2 2 2 2 2 2 2 2 2 2 2 2 2 2 2 2 2 2 2 2
left_child=1 12 3 6 8 7 32 41 34 -5 11 -6 -1 45 24 16 17 18 -16 -20 27 -22 -23 -24 25 -7 42 -18 -29 30 46 37 39 50 -2 36 -12 38 -31 -3 -41 43 -27 44 -4 -8 -30 -48 49 -46 51 52 -13 -34 -55 56 57 -36 59 -57 -61 -60
right_child=4 2 5 9 10 14 13 -9 -10 -11 35 33 -14 -15 15 -17 20 -19 19 -21 21 22 23 -25 -26 26 -28 28 29 31 -32 -33 53 -35 55 -37 -38 -39 -40 40 -42 -43 -44 -45 48 -47 47 -49 -50 -51 -52 -53 -54 54 -56 58 -58 -59 61 60 -62 -63
leaf_value=-0.041548572275282136 -0.036449562465430019 0.012568319978538535 0.00099249502487546641 -0.011268567917066126 -0.069653089894527717 0.004521031540435488 -0.042210614618451707 0.011060705688046679 0.021983583527220959 0.0014421931846796913 -0.079612087434304979 0.030147164169924513 -0.010667847127843971 0.029157030317278052 0.021054760440279815 0.029256310986242595 -0.081846807203605293 0.02304131425135697 0.0061839329650627394 -0.086969748739931629 0.0051410559498300265 -0.090307459948430716 0.037400765489316645 -0.068414508527156623 0.027449753534134338 0.0078141967277481558 -0.081926881202717156 0.014791690633676975 -0.088359696818875288 0.040390846272006696 -0.092291003400524416 -0.067559405011270598 -0.022569253167346745 -0.097681090968801579 -0.10236972394776529 0.039512793858453854 0.024101573770431355 0.036619428220456489 -0.024992896203895873 -0.012717887878620014 0.016130666796486306 -0.038321314752923531 -0.0094901300114538165 -0.040933834416719508 0.00069794545713279922 0.0024359816015515792 0.054200632228725037 -0.043768797005451936 -0.034950179761850469 -0.016314113476903595 0.02309192707714134 0.015864812155109671 -0.10184408655524589 -0.013765673297876114 0.035633957466196263 0.0045644322888985338 0.032139558203413368 0.020790185966835562 -0.088410927929796337 0.012636372012506759 -0.098749276021415838 0.028859251802639558
leaf_weight=159.97339183294389 18.009476687911956 78.394684500817675 834.78708336679847 331.9573323847726 5.2292311289347699 1589.8308729694691 18.403582619182998 263.24701184150763 260.21780297014629 1061.5179413902224 5.7011317948345122 2.9334461042599305 57.205926289367198 48.833317766227992 35.56780134444125 125.2194632148603 4.2731570171890771 244.08926452416927 12.784379453049043 14.55044576700311 34.45839973364491 18.49361388804391 9.9821967130992544 5.7954759635031214 69.751830611960031 162.49195403198246 8.442920880392192 205.8278865320608 3.3746804218972164 12.775071387179194 12.137853821041061 5.5660422532819203 504.73957331817655 1.7391499182558607 3.3275412393850266 199.5533902120078 22.449385161395185 32.554799321689643 33.159286308684386 546.9910830767185 58.775339989806525 29.249350919999415 386.84764429880306 23.784186327131465 274.53408910500002 124.41019642574247 8.1839082306250912 6.5326159277465186 47.362635606608819 261.73367464871262 291.57081828119408 17.711018578644143 6.5957632946665399 636.51109473698307 22.253900610492565 534.36426789723919 79.828967924113385 4.5708031381946057 2.1742617368581696 10.302684504131323 9.2672232823097129 74.297235879726941
leaf_count=815402 60430 16176 168970 115393 816 142107 23698 33878 2779 156893 195 379 167477 8964 3873 5492 924 11851 1379 2560 1645 1456 112 499 2126 23750 1334 19253 341 271 1087 364 377091 101 520 941 166 487 1626 221394 20104 10075 103549 16497 76670 25161 59 317 21919 141124 9875 724 1898 273454 3253 49505 1062 68 327 586 2126 3050
internal_value=0.000213133 -0.00264714 -0.00182701 -0.0074695 0.0157577 0.00222811 -0.0114831 -0.00242305 0.0108137 -0.00159171 0.0246221 0.017432 -0.0335006 0.00487654 0.00487975 0.0107644 0.00742 0.016721 -0.00778138 -0.0447215 0.00013267 -0.0234088 -0.0514465 -0.00322849 0.00268555 0.00186883 -0.00568521 0.00517718 0.00659013 -0.0081812 -0.0458218 0.00573518 -0.0131817 0.0190649 0.00684086 0.0347878 0.00108664 0.0117174 -0.0063355 -0.00730808 -0.00989684 -0.0048412 -0.0043667 -0.00413611 -0.00349068 -0.00357087 -0.0114432 0.0106945 -0.00989384 -0.00761996 0.0200052 -0.0126824 -0.062208 -0.0166262 -0.0120454 0.00797568 0.0255909 -0.0367699 0.00548769 0.00283381 -0.0423461 0.0244268
internal_weight=9977.2 8427.36 8210.18 3432.79 1549.84 4777.39 2039.31 1734.7 996.36 1393.48 553.483 325.779 217.179 191.647 3042.69 825.326 700.107 306.992 62.9026 27.3348 393.115 68.7297 34.2713 15.7777 2217.37 2147.61 557.783 324.385 320.112 114.284 30.2291 84.0552 1847.67 320.55 736.142 227.704 28.1505 78.4892 45.9344 684.161 605.766 1471.45 549.34 1442.2 1418.42 142.814 18.0912 14.7165 583.63 536.268 318.811 27.2402 9.52921 1163.5 658.765 718.133 87.7273 7.89834 630.406 553.934 19.5699 76.4715
internal_count=3155603 3020055 2037176 1241581 135548 795595 969295 469133 120453 272286 15095 13793 982879 57823 326462 53596 48104 19663 7812 3939 28441 3712 2067 611 272866 270740 128633 24729 23805 4552 1804 2748 911472 12977 117674 1302 361 2384 1897 257674 241498 435255 127299 425180 408683 48859 717 376 239713 217794 12876 3001 2277 653798 276707 57244 1650 588 55594 52217 2712 3377
is_linear=0
shrinkage=0.05


Tree=41
num_leaves=63
num_cat=0
split_feature=0 18 3 4 14 4 5 3 0 4 4 0 2 3 4 15 19 4 0 2 15 1 1 6 1 23 19 1 6 21 15 6 2 3 4 5 15 0 2 1 6 21 2 21 3 0 21 3 3 5 5 23 21 19 18 0 6 4 15 21 19 4
split_gain=154.675 72.4406 53.1995 33.4445 36.8856 40.6834 31.3928 31.1592 23.3153 22.8831 22.5628 32.2219 25.9333 22.0498 17.8771 17.6481 17.843 17.6134 17.1422 16.9515 16.5936 17.548 17.4737 16.2369 16.0983 15.7241 15.7095 15.6249 15.2678 14.5723 14.5514 17.5269 13.9383 22.8856 13.9204 13.6636 17.9692 13.4291 22.2606 21.583 26.2018 16.5295 16.3592 14.643 13.4982 14.4898 13.3514 14.1032 14.5186 16.8003 13.2682 17.8494 15.2316 26.9474 22.7912 16.6799 16.1205 15.8466 18.2053 23.0247 14.9307 14.3329
threshold=2.6723568439483647 1.0000000180025095e-35 2.9700856208801274 0.0013219422544352712 1.0000000180025095e-35 0.19347286969423297 0.82160615921020519 4.7916412353515634 3.1131258010864262 0.42030042409896856 0.34142872691154486 2.0225849151611333 9.7668800354003924 4.424828529357911 0.25037313997745519 7.1250000000000009 0.30602006614208227 0.0051452198531478652 1.3541276454925539 5.5314092636108407 0.064999999478459372 8.2502284049987811 10.708656787872316 0.84457457065582286 2.7403194904327397 2.2044274806976323 0.62202382087707531 2.7403194904327397 0.82638147473335277 0.43116039037704473 0.55500000715255748 0.82096663117408764 3.6762205362319951 3.8815106153488164 0.0018394656945019963 0.58690601587295543 0.095000002533197417 1.7456974387168886 5.0271592140197763 10.153078079223635 0.74922534823417675 0.22592447698116305 5.2284276485443124 0.13575922697782519 5.3636341094970712 1.6838923692703249 -0.53686708211898793 6.2143199443817148 5.1503930091857919 0.79256916046142589 0.5076354742050172 -1.2657056450843809 0.050609314814209945 0.64852941036224376 0.13484849035739901 2.8840651512146001 0.87281480431556713 0.11779467016458513 1.575000047683716 0.42256183922290808 0.36754386126995092 0.054515434429049499
decision_type=2 2 2 2 2 2 2 2 2 2 2 2 2 2 2 2 2 2 2 2 2 2 2 2 2 2 2 2 2 2 2 2 2 2 2 2 2 2 2 2 2 2 2 2 2 2 2 2 2 2 2 2 2 2 2 2 2 2 2 2 2 2
left_child=1 2 -1 30 7 27 8 20 9 14 12 28 -4 19 17 16 -14 -2 -17 -8 22 29 32 24 -16 -10 37 -6 -12 -22 31 -3 -5 -34 -18 36 -7 38 39 -9 41 -41 -40 44 -44 -46 -28 48 49 -48 -19 -52 55 54 57 -53 -56 58 -54 60 -60 -57
right_child=6 3 10 4 5 35 13 26 25 -11 11 -13 15 -15 23 18 34 50 -20 -21 21 -23 -24 -25 -26 -27 46 -29 -30 -31 -32 -33 33 -35 -36 -37 -38 -39 42 40 -42 -43 43 -45 45 -47 47 -49 -50 -51 51 52 53 -55 56 61 -58 -59 59 -61 -62 -63
leaf_value=-0.036189390878091969 -0.05707674234137327 -0.023205949683155803 -0.012419459173431416 0.0225813526055984 -0.092308293040475969 0.037966213745300487 0.031941275679519848 0.041521241664348708 0.021599237431970536 0.028495068642962709 -0.0070432246358838064 0.013014791752969726 -0.0022653242427270993 0.033833164634336256 0.002697793440939727 -0.019219825954566422 0.071083519416962032 0.036829012924565245 0.020437080047333078 0.0074084409056802249 -0.0094154396488980597 -0.021370489876430317 -0.045921036708136208 0.029791173060964189 -0.080924613691260847 -0.083313319265464703 -0.043263769243768999 0.004702675358365529 0.033576860961630116 0.0060396985777705602 -0.044724035217172081 0.063062125022087454 -0.08249208307027997 0.0041317469187687498 -0.083443702068054154 0.031451273452193854 -0.10713213663106114 0.0043113751003024271 -0.062154390716799013 0.033767371524952232 -0.09957602608974514 -0.081279084064983215 -0.024727713614304047 0.00093598571193477401 -0.00057626454665715785 -0.042856040650045446 -0.055283076447967608 -0.045465201947571525 0.039132066791865157 0.035212839362698471 -0.083520094114668264 0.017886932371688334 0.03375228816501024 0.037521522730364985 -0.077206044460272488 -0.035204026947163763 0.026937791091359492 -0.066259966133680223 0.013314575178815831 -0.094109393001905337 -0.079137203493743091 0.01421106824631002
leaf_weight=164.43049073694419 11.944768984525579 21.955995009295297 1806.8664942724863 104.50022398744477 3.1854324380401513 3.5019848449155679 100.00944212425384 50.429970210185274 257.21380018649506 66.738024056947324 998.57463713386096 279.80350537033519 37.373124188510701 281.67994011018891 8.2290425630053523 32.76476770703448 0.87731611743220028 24.810435550985858 143.1464540718589 235.45700607210165 677.98515128385043 233.25171386057627 13.688582432558176 6.4066561069339505 17.670861896011047 2.6596007800981161 6.7029992575990027 523.39551794453291 22.704847255372442 195.94897643732838 55.984853404370369 6.9189158280787515 7.5653293684590599 68.757247424218804 12.060680827504255 219.66909982377547 3.2678295425139368 1783.8636733722524 11.429062897339461 16.80783751979471 5.7399790264898902 2.8071677115513003 132.83144641428953 528.24156506045256 207.39560777181759 21.462547343573533 9.0492462336551416 5.7427750064525744 79.597966841596644 9.51741046074312 5.3328125750995232 153.51094771514181 24.30334014625987 20.921859817317454 23.288198183203352 32.157162934658118 3.8709976898971936 9.314110615232492 27.487585567287173 7.3828958302910896 4.1578672032919703 25.559869014454307
leaf_count=675255 9125 88702 759051 10795 554 18 4950 1187 13827 1634 315284 24822 9009 3042 199 19057 452 1314 17819 23567 246618 151603 12335 117 1854 371 1583 33789 2838 41055 286102 12351 597 3647 4479 1522 207 142066 3051 363 573 419 52208 87840 38612 3867 2074 396 3203 376 2275 17683 2247 807 3818 5878 149 1159 2061 1510 701 1392
internal_value=-0.000493398 -0.00298829 -0.00850828 0.000866458 0.00140538 0.0115829 0.0152226 -0.000433354 0.00820925 0.00158819 -0.00713269 -0.00198889 -0.0104219 0.0235253 -0.00289005 0.00551736 -0.0203331 0.000234961 0.0129838 0.0147954 -0.00684736 -0.00921281 0.00659537 -0.037992 -0.0552431 0.0202103 0.00247547 0.00394198 -0.00610821 -0.00594723 -0.0300714 -0.00111572 0.0108016 -0.00541048 -0.0686171 0.0292563 -0.0368475 0.0017314 -0.00297816 0.0228714 -0.0143904 0.0141587 -0.00517449 -0.00437377 -0.0121098 -0.0047105 0.0208667 0.0253766 0.0299377 -0.00946536 0.00227753 -0.000365391 0.00121731 -0.0128862 -0.0237204 0.00930087 -0.0619329 -0.0087874 0.000563599 -0.0204302 -0.000884628 -0.0134513
internal_weight=9859.91 8509.8 3498.6 5011.2 4926.34 753.02 1350.11 4173.32 732.961 473.087 3334.17 1301.08 2033.09 617.146 406.349 226.222 50.3111 374.043 175.911 335.466 1301.7 1107.19 194.511 32.3066 25.8999 259.873 2871.62 526.581 1021.28 873.934 84.8598 28.8749 180.823 76.3226 12.938 226.439 6.76981 2761.01 977.145 75.785 25.355 19.615 901.36 889.931 361.69 228.858 110.61 103.907 98.1646 18.5667 362.098 337.288 331.955 120.727 99.805 211.228 27.1592 72.6458 63.3317 39.0283 31.6455 57.717
internal_count=3155459 3055779 1828066 1227713 840558 36090 99680 804468 68121 53923 1152811 342944 809867 31559 52289 50816 13940 50119 36876 28517 466650 439276 27374 2170 2053 14198 337818 34343 318122 287673 387155 101053 15039 4244 4931 1747 225 330186 188120 2542 1355 782 185578 182527 94687 42479 7632 6049 5653 2450 40994 39680 37405 12452 11645 24953 3967 7678 6519 4272 2762 7270
is_linear=0
shrinkage=0.05


Tree=42
num_leaves=63
num_cat=0
split_feature=0 3 18 9 3 3 21 9 3 5 4 4 21 23 4 5 5 17 3 23 1 1 18 3 23 4 21 3 1 1 17 18 1 1 19 4 21 3 5 4 21 3 3 23 21 23 11 5 5 5 5 1 21 1 4 18 0 0 1 18 3 4
split_gain=136.267 71.0647 60.2779 39.6917 34.4346 29.0999 26.6047 40.2019 25.4147 22.1284 21.5924 16.7911 16.5288 16.2826 19.2689 18.1357 17.347 17.0403 26.936 14.4232 16.1416 14.297 18.1634 23.4616 15.2996 14.1714 13.7737 15.458 13.6887 13.5471 20.7557 21.5396 18.1998 20.3283 16.8479 14.2737 13.0603 12.9039 17.5727 14.055 18.0126 13.3759 13.0634 16.3379 15.4502 13.7326 12.809 13.2891 12.715 14.4071 16.2477 13.1138 12.3886 13.9763 12.0994 20.7594 14.8346 12.0245 18.2366 12.0128 11.9821 11.9477
threshold=2.3626756668090825 1.2424533367156985 1.0000000180025095e-35 1.0000000180025095e-35 5.8930234909057626 4.0163424015045175 -0.025139176286756989 1.0000000180025095e-35 3.2769666910171513 0.46437355875968939 0.90023696422576915 0.87610331177711498 0.51095661520957958 -1.9440209865570066 0.26516537368297582 0.60206317901611339 0.84616094827651989 0.1863425895571709 5.7990880012512216 1.4598551392555239 10.153078079223635 7.255944252014161 0.040833333507180221 4.1666352748870858 1.9784656763076784 0.16027336567640307 0.66541701555252086 5.6240110397338876 2.0126758217811589 3.9981586933135991 0.12249999865889551 0.46410256624221807 5.4049246311187753 4.5053346157073983 0.23669467866420749 0.12864215672016147 -0.46952493488788599 4.7833075523376474 0.52591764926910411 0.023302901536226276 -0.80037558078765858 4.9089648723602304 4.8322978019714364 0.49709025025367742 -0.45481054484844202 0.37618094682693487 1.0000000180025095e-35 0.61394307017326366 0.77882471680641185 0.76850682497024547 0.73939079046249401 6.0318858623504648 -0.12494389340281485 10.106407642364504 0.020846700295805935 0.064583335071802153 1.395423471927643 2.2823361158370976 7.1651070117950448 0.12249999865889551 3.5972183942794804 0.52433103322982799
decision_type=2 2 2 2 2 2 2 2 2 2 2 2 2 2 2 2 2 2 2 2 2 2 2 2 2 2 2 2 2 2 2 2 2 2 2 2 2 2 2 2 2 2 2 2 2 2 2 2 2 2 2 2 2 2 2 2 2 2 2 2 2 2
left_child=1 -1 4 5 8 10 13 -8 -3 -7 12 -10 -2 -4 17 19 46 18 37 20 -16 22 23 -9 54 29 27 -13 36 35 -31 32 33 34 -32 -5 -11 -15 -39 40 41 -40 44 45 -41 -44 47 -17 49 50 -6 -50 -18 -54 55 -23 -57 58 -19 -58 -59 -30
right_child=3 2 6 25 48 9 7 21 11 28 -12 26 -14 14 15 16 52 57 -20 -21 -22 24 -24 -25 -26 -27 -28 -29 61 30 31 -33 -34 -35 -36 -37 -38 38 39 42 -42 -43 43 -45 -46 -47 -48 -49 51 -51 -52 -53 53 -55 -56 56 59 60 -60 -61 -62 -63
leaf_value=-0.034166000405516615 -0.013095714123992314 -0.03838069048840731 0.024031810241978514 0.019240499787360671 0.0053641519062744029 -0.087093507752753915 0.0016927315290936962 -0.0034539533004198189 -0.011083520932748529 -0.031964999762722539 0.037518814942911718 0.01077744439863049 0.01477127880162229 -0.020197520488124177 0.026766318018592195 -0.059380578583144827 0.033512103480482017 0.022692739481190296 -0.059162351254078829 -0.024335295991003369 -0.062240106902217041 -0.074374624747586937 0.016458380613052791 -0.12090428628292052 -0.082194405440374596 0.030202252879498449 -0.025790248495619245 -0.022880904915866654 0.0058258726554752437 0.016192381135897591 0.0064480193612304147 0.045392476385504983 0.010350983007101106 -0.10164229724087714 -0.10152211419030872 -0.055386515496178672 0.032881835916058547 -0.049229435337576059 0.036766413941261421 -0.040519794237447594 0.023966063990967443 -0.047376206174703797 -0.013877857556134687 -0.028703286423327243 0.051326072886772767 0.038958891865196882 -0.064450787513584767 -0.004471138942934382 0.031462362745415882 0.049685809232242611 -0.055163504963394151 -0.087055235890134752 -0.09952159955649495 0.031160621907312992 0.037080985467355991 -0.078398350016882265 0.041568363174421724 0.026097914236906085 -0.01397420886482752 -0.066377327384500043 -0.068278168382922097 0.020464058165167977
leaf_weight=187.01363701200899 347.5471632098488 78.228888813246158 46.360560478366097 535.16873111252789 421.86273300676839 4.9778762147761872 2375.18389317939 16.6274292760063 2250.6182337199862 7.7127812260878263 25.755515437573195 222.35227981465869 61.938367917260621 267.92098501545843 116.45535736705642 10.406928100739604 42.276474161160877 84.510733305753092 31.655671591870487 17.669613370322622 4.3974334695376447 5.8073722225381053 91.864972305367701 4.7417575761210164 2.1075074797845437 192.58595346158836 39.152906814706512 39.300166816799901 996.77299887582194 85.151451091485796 14.150160163379047 8.6949191569583473 13.844328095321542 13.517736886802593 3.8042956161661996 5.5469279987737528 88.717491945717484 19.710807939525694 5.5824344662250978 5.5628984407521811 80.50633445486892 16.910801500896923 30.678808924159966 90.111722759669647 15.000493312603792 19.143861778080463 8.7535042752861028 334.73598274789401 2.8057360553648305 16.813950325595215 10.389888014527967 6.3127706050872803 3.1246985739562652 3.3451157405797858 152.67721087986138 2.4085238195839365 27.040986173728019 4.2979085771366945 55.332100641913712 1.9440125931287173 9.5289210452465323 161.42514345236123
leaf_count=934564 140260 148681 7005 17427 51229 1166 381165 1030 952330 792 353 38026 13245 130232 13203 2710 1651 11743 7561 3076 1287 1508 3108 279 352 1487 14287 13580 79552 5418 1134 380 1666 2746 545 188 1608 6642 850 2939 10109 6380 8986 26945 2028 3273 1918 59780 60 464 1980 1268 428 160 1633 633 1092 1231 22319 703 2594 4545
internal_value=-0.000331633 -0.00382486 -0.00302009 0.00957052 -0.00826816 0.00510468 0.00102782 0.00389174 -0.0104716 0.00895419 -0.00603097 -0.00960121 -0.00885486 -0.00476876 -0.00583182 0.00133109 -0.00404295 -0.01109 -0.0149901 0.0168688 0.0230435 0.0209428 0.0067696 -0.0337557 0.0292238 0.0182301 0.0014894 0.0056541 0.00940433 0.0147994 0.000877957 -0.0231214 -0.0369634 -0.0574544 -0.0205785 0.0183741 0.0274203 -0.0123504 -0.00488188 -0.0013909 0.0129506 -0.0258174 -0.0106177 -0.0161072 0.0257527 0.00679123 -0.00790961 -0.00629356 0.00437344 0.00561049 0.00378531 -0.0510824 0.0236236 -0.0368282 0.0308846 0.00514867 0.0217012 0.00370238 0.00818839 0.0323563 -0.0391608 0.00788198
internal_weight=9846.55 7279.24 7092.22 2567.31 3087.84 1694.85 4004.38 2680.4 2629.65 1259.61 435.241 2551.42 409.486 1323.98 1277.62 541.165 402.643 736.454 582.785 138.522 120.853 305.22 113.234 21.3692 191.986 872.465 300.805 261.652 1254.63 679.879 139.163 54.0114 45.3165 31.4722 17.9545 540.716 96.4303 551.129 283.208 263.497 103 22.4932 160.498 139.934 20.5634 49.8227 353.896 345.143 458.185 449.067 432.253 9.11851 48.7463 6.46981 189.878 37.2009 31.3935 153.67 139.843 28.985 13.8268 1158.2
internal_count=3155534 2883022 1948458 272512 1221905 241521 726553 391503 1166904 87663 153858 1018223 153505 335050 328045 84213 66647 243832 205945 17566 14490 10338 4417 1309 5921 30991 65893 51606 86497 29504 11889 6471 6091 4425 1679 17615 2400 198384 68152 61510 17339 7230 44171 39204 4967 12259 64408 62490 55001 53673 53209 1328 2239 588 5569 3936 2428 37887 34062 1795 3825 84097
is_linear=0
shrinkage=0.05


Tree=43
num_leaves=63
num_cat=0
split_feature=9 3 18 15 15 0 5 3 0 17 0 14 17 3 5 23 3 5 17 2 18 0 19 0 23 6 5 17 2 5 3 6 19 6 0 23 17 3 0 5 6 0 6 5 0 0 15 18 23 5 14 2 3 3 6 18 19 6 6 17 15 0
split_gain=194.773 71.4903 62.4832 33.0414 24.219 28.2842 24.5268 24.2153 30.4222 21.0154 22.2131 20.3143 23.1265 20.5062 19.4602 18.4385 16.9596 19.2001 17.7061 19.4657 18.0573 22.0824 15.7452 19.6049 28.6298 16.9558 17.6931 15.6222 15.5773 18.2986 15.6221 15.0744 15.0326 14.9675 20.6322 16.7223 23.9913 14.653 14.4297 13.9208 13.7925 13.7502 13.6801 32.2689 13.5689 13.4806 13.4211 13.3992 14.0959 23.1672 13.02 12.9457 15.9596 13.6763 19.022 17.7445 14.2399 12.9093 12.7951 12.5661 19.4977 13.9025
threshold=1.0000000180025095e-35 1.7005987167358401 1.0000000180025095e-35 0.36500000953674322 0.12499999627470972 2.1338784694671635 0.64007961750030529 4.5900437831878671 2.0225849151611333 1.0000000180025095e-35 1.1815497279167178 1.2424533367156985 1.0000000180025095e-35 1.2424533367156985 0.74622750282287609 -0.35047024488449091 3.9415346384048466 0.74446338415145885 0.35857143998146063 7.0409741401672372 0.49137930572032934 2.3476073741912846 0.24068965017795566 2.1153473854064946 1.3758859038352969 0.68516403436660778 0.6033778488636018 0.56038647890090953 5.3683068752288827 0.54653093218803417 5.3302974700927743 0.8576369881629945 0.53452381491661083 0.76105555891990673 1.920303523540497 -0.80156436562538136 0.36515152454376226 5.2958111763000497 2.030211448669434 0.52119591832160961 0.79994022846221935 2.1338784694671635 0.73875883221626293 0.70338451862335216 1.8156263232231142 2.392680406570435 0.15500000119209292 0.32738095521926885 0.65585830807685863 0.81427809596061718 0.89587974548339855 6.140960931777955 4.7492611408233651 6.2775719165802011 0.75190412998199474 0.081666667014360442 0.3964285701513291 0.73223343491554271 0.70018535852432262 0.19615384936332705 0.33500000834465032 2.4820864200592045
decision_type=2 2 2 2 2 2 2 2 2 2 2 2 2 2 2 2 2 2 2 2 2 2 2 2 2 2 2 2 2 2 2 2 2 2 2 2 2 2 2 2 2 2 2 2 2 2 2 2 2 2 2 2 2 2 2 2 2 2 2 2 2 2
left_child=1 -1 7 14 27 6 37 -3 28 38 -11 13 -13 15 -2 40 32 18 -18 -20 21 -21 41 -24 25 26 -25 31 29 -9 -30 -4 58 -15 -35 36 -36 39 -8 -6 -5 -10 43 44 -12 -29 -27 -37 49 -49 -17 52 -44 56 -55 -56 -53 -45 -7 60 -48 -62
right_child=3 2 4 11 5 16 9 8 22 10 42 12 -14 33 -16 50 17 -19 19 20 -22 -23 23 24 -26 46 -28 45 30 -31 -32 -33 -34 34 35 47 -38 -39 -40 -41 -42 -43 51 57 -46 -47 59 48 -50 -51 -52 53 -54 54 55 -57 -58 -59 -60 -61 61 -63
leaf_value=-0.03459632789526422 0.00049510525317184798 -0.016006325777486501 0.0088701541197730195 -0.02334904017273438 -0.028176005614271568 -0.040215691723970083 -0.020967498637619986 -0.040034568646308638 -0.0067764613542387209 -0.031031193641031709 -0.021126705945979415 -0.096312992734521097 0.03333359780669503 0.017353089387142164 0.035126114137422913 -0.066456919902208395 0.0032198022772231567 0.013031586599780008 -0.070365689618693425 0.019721047891760827 0.05213481036892581 -0.090245047095123862 0.015305942552465108 -0.073215739852457676 -0.05973453364152629 -0.067994832220936122 -0.0018059526884343638 -0.083374173799988655 -0.015924289206622918 0.012105880509036654 -0.0062378306157929893 0.04493911510434212 -0.046261017098379376 -0.040515655158584046 -0.093685371678911708 0.0048273599573510203 0.023136833934381928 0.0062856239962883215 -0.069266111041255615 -0.0022216120390278512 0.049167214510920716 0.01314728468223629 -0.0066890414588237045 0.0065348297207185645 -0.061435469877621607 0.0067961409688103635 0.0259288004999037 -0.10086686822209652 0.038195461588675796 0.01656469940838819 0.0071036013625541631 -0.017122970015963749 0.022821805744090956 0.04851360112463389 -0.057870093897869401 0.011159422352240773 0.0059809206879165569 -0.040748180740221858 -0.00076136150968192308 0.031874013644119299 -0.032383776606433629 0.0083237223819681971
leaf_weight=175.85470070039446 47.332195270166267 695.57202004789724 730.58439615124371 12.740751507626557 59.78262852365151 20.911098601209233 145.84724590805126 18.108443742152303 112.8423720219871 84.321553683403181 52.222828015015693 2.5847357478050972 136.80424547108123 533.38917187781772 283.96143148228293 20.807050874143897 942.27403178322129 617.77835645293817 16.413075754768215 9.2130190894240567 8.9571399042615649 7.5216192052466786 77.738997628679499 16.786374223884195 28.377693525282666 5.9143407687079153 17.032562227686867 7.3936817765934375 727.77223286073422 140.8522737796884 975.89382517861668 29.250450550927781 20.532794308877783 22.522943351999857 8.5984098079788982 348.83912065636832 7.5125352805480352 576.10010867391247 16.653763207257725 345.82465988164768 11.636483772599602 363.99368257669266 77.442834363639122 118.28468473843532 35.80366723111365 7.9141555960522965 37.400921472464688 4.1156086893752244 66.778028065455146 22.510200237156823 8.0582420338905667 215.1579934637557 109.89311626960989 24.814389778068289 10.857695631566456 42.385733064380474 95.842239072662778 15.423362983216064 331.30891295929905 29.671499647316523 53.480462254723534 33.549412415362895
leaf_count=945614 966 486706 74799 29666 27771 10038 51611 6980 22752 45508 17557 519 2357 26061 1528 44938 84510 32460 1929 816 302 1122 13245 4120 3137 705 2480 1462 361233 28418 272992 419 6926 4021 2090 13726 247 65989 6435 121542 2799 37454 28058 28344 12461 156 2265 664 615 271 5212 60628 9938 404 1076 1138 22078 5242 92243 2342 13172 2823
internal_value=-0.000113869 -0.00314715 -0.00246118 0.0162205 0.00120563 -0.000362092 -0.00451063 -0.00771196 -0.00552089 -0.00983825 -0.00677854 0.0123627 0.0302606 0.00999956 0.0301947 -0.019992 0.00389528 0.0061298 0.00178953 -0.029551 -0.00181737 -0.0320064 0.00278894 -0.00617382 -0.0137232 -0.00671509 -0.0383357 0.00928883 -0.00898604 0.00595301 -0.0103826 0.0103159 -0.00569977 0.0115921 0.00517919 0.00750789 -0.0410426 0.00116445 -0.0263107 -0.00610693 0.01184 0.00842805 -0.00418065 -0.0147045 -0.0380277 -0.039198 0.000164398 0.00936519 0.0260822 -0.00458108 -0.046371 -0.00011376 0.0106516 -0.00531141 0.0132852 -0.00372481 -0.0100066 0.000818681 -0.00321097 0.00320182 -0.00383489 -0.016775
internal_weight=9825.74 8287.55 8111.7 1538.19 4776.71 4001.57 2026.66 3334.99 2639.42 1044.95 882.45 1206.9 139.389 1067.51 331.294 53.2425 1974.91 1602.16 984.379 42.1049 25.6918 16.7346 776.788 299.952 222.213 193.836 33.8189 775.143 1862.63 158.961 1703.67 759.835 372.753 1014.27 480.877 458.354 16.1109 981.707 162.501 405.607 24.3772 476.836 798.129 221.735 88.0265 15.3078 160.017 442.243 93.4038 26.6258 28.8653 576.394 187.336 389.058 78.0578 53.2434 311 133.708 352.22 154.102 124.431 87.0299
internal_count=3155080 3019400 2073786 135680 812962 736126 505780 1260824 774118 290478 232432 133186 2876 130310 2494 82615 230346 121139 88679 4169 2240 1938 104495 44289 31044 27907 6600 76836 669623 35398 634225 75218 109207 47695 21634 17613 2337 215302 58046 149313 32465 60206 186924 63604 30018 1618 21307 15276 1550 935 50150 123320 37996 85324 2618 2214 82706 33586 102281 20602 18260 15995
is_linear=0
shrinkage=0.05


Tree=44
num_leaves=63
num_cat=0
split_feature=14 0 3 4 4 6 4 0 4 3 0 18 23 6 3 17 0 2 23 18 21 4 3 0 21 4 23 23 23 6 23 3 0 14 7 17 4 21 6 2 4 4 21 4 6 0 21 21 2 2 18 0 17 21 4 3 18 21 21 6 6 17
split_gain=155.842 62.3141 62.9846 46.2614 43.8625 35.8727 26.281 20.651 23.0358 20.1062 22.8167 17.7611 16.0077 15.8702 15.2687 17.8431 16.4692 14.991 14.8574 14.1768 24.1062 14.0644 26.776 25.2468 24.5119 26.7173 16.7748 14.9686 15.0245 14.6443 13.9663 13.8195 24.057 15.5918 22.8415 15.4983 13.723 13.5851 13.8848 16.3385 19.4797 24.8369 13.4828 15.1618 30.4273 26.7838 19.7617 13.9854 21.9513 22.9316 13.2296 13.0041 12.8582 23.3759 14.1872 12.7244 13.6575 12.6756 12.2616 12.239 13.2587 35.5523
threshold=1.0000000180025095e-35 2.3209801912307744 2.8029010295867924 0.2464374974370003 0.01007167808711529 0.74529936909675609 0.37416692078113561 2.814919233322144 0.19347286969423297 4.5163240432739267 2.8840651512146001 0.035098522901535041 -0.05654552020132541 0.63874301314353954 4.9732735157012948 0.20344828069210055 1.8986398577690127 9.8751802444458026 -0.015491093974560497 0.30602006614208227 0.37725751101970678 0.016861618496477607 2.5249279737472539 1.1815497279167178 1.1466268301010134 0.013881129678338768 1.2317661046981814 0.8805140256881715 0.41818495094776159 0.85290363430976879 1.0777355432510378 3.2769666910171513 1.3008639216423037 1.2424533367156985 1.0000000180025095e-35 0.26794873178005224 0.055481048300862319 0.84739193320274364 0.83062571287155162 7.1887903213500985 0.43324421346187597 0.40232691168785101 -0.67306572198867787 0.056537605822086341 0.75254809856414806 1.7050692439079287 -0.51948115229606617 0.17490820586681369 8.8485808372497576 7.1061961650848398 0.25462962687015539 2.2944656610488896 0.23205128312110904 0.10361779481172563 0.99672624468803417 1.2424533367156985 0.13188406080007556 0.44755390286445623 0.51095661520957958 0.74985533952713024 0.78525999188423168 0.060661764815449722
decision_type=2 2 2 2 2 2 2 2 2 2 2 2 2 2 2 2 2 2 2 2 2 2 2 2 2 2 2 2 2 2 2 2 2 2 2 2 2 2 2 2 2 2 2 2 2 2 2 2 2 2 2 2 2 2 2 2 2 2 2 2 2 2
left_child=1 2 -1 14 31 11 9 8 17 10 50 -5 -13 -8 15 -4 -16 18 -6 -11 -21 24 23 -23 25 26 27 28 -20 -25 -17 33 -33 34 35 55 57 38 39 40 41 -7 -24 46 -45 -46 -44 -48 49 -49 58 -42 -14 -54 -55 -2 -57 -12 -3 -41 61 -61
right_child=4 6 3 5 7 37 13 -9 -10 19 36 12 52 -15 16 30 -18 -19 21 20 -22 22 42 29 -26 -27 -28 -29 -30 -31 -32 32 -34 -35 -36 -37 -38 -39 -40 59 51 -43 43 44 45 -47 47 48 -50 -51 -52 -53 53 54 -56 56 -58 -59 -60 60 -62 -63
leaf_value=-0.029008933824358527 -0.033575083959643141 -0.013032039324537253 -0.015470781280580888 -0.0077219174624676605 0.019418735430052386 -0.0030953046034159094 -0.065833186435338448 0.027455802970165241 0.027137207275213116 0.0047704509695193362 -0.011340814683122466 -0.048082147136689873 0.0044532461444068651 0.018070924410260984 -0.01044388290352697 0.012681626238189431 0.00076152403224525743 0.031902057494116849 0.00076492102131187165 0.029349265733583509 -0.078011092647127842 0.039359783506999035 0.033079968789211184 -0.1027385959316848 0.059851626468974253 -0.097556424171300948 -0.099255224406808173 0.03185516872982691 -0.096154045053484682 0.033820590462635552 -0.01708924701324465 -0.093642459251672874 0.013726955890100541 0.020839777480144366 -0.077951022849355289 -0.070628826724258242 0.022004595764138574 -0.02917803590381329 0.021786574861997757 0.04599707058753167 0.0072554815193580039 -0.049146793349907521 -0.094803605712881989 0.0069646756693703422 0.031394006274745472 -0.10395072628621722 0.022550899941802125 -0.072491167207695578 -0.10822534160137154 0.019208513381116704 -0.037384425857109466 -0.062610147703534708 0.020333106436737428 -0.079607470913047318 0.042466057525557793 -0.012119028766324811 0.030693966296355069 0.02966020179936478 0.011771354966077929 0.029463593832590895 0.031451958335651974 -0.035395797654054879
leaf_weight=258.01356129923806 29.800303299001826 278.05060831414448 1047.8255407521938 1372.8108134724607 133.09521690238034 280.12953500740696 4.7600661149481303 460.07999044889584 232.3782183129224 838.93119655619375 94.588178678968688 14.674560130632015 687.25188855663873 389.06622841063654 708.77460299734958 108.82258609461132 609.25644368468784 58.735436921706423 11.298339334316553 101.9529090927681 4.563577097724191 5.0179577777162221 44.98196742834989 12.293229096103458 6.8648776020854703 11.905805976013651 3.9640320972539476 16.629730436950922 5.1760248132050029 1.8094104564515863 60.441676518588793 4.4478754956508046 126.47543732059421 27.960222150606569 13.984609814127905 9.3410128464165592 97.726202385878423 26.294818562309956 132.95610894099809 33.409325129585341 830.3553374428302 31.719012266345089 3.3363138246349981 36.780166129698046 4.3654486472951275 13.5026411593426 118.18257086217636 7.3934672039467833 4.041874820017255 35.329642082797363 44.536885812151013 5.7234038267051792 13.969440937275069 15.890091413981283 2.1275906506925812 47.395670337806223 29.312031268957071 22.490603560945601 59.836811411965755 45.295954762492329 54.295315034338273 37.865218049031682
leaf_count=1041016 74687 132900 597712 399808 6280 58244 749 4708 1938 52682 26763 5417 89056 12718 262473 35237 87212 389 820 2744 430 150 1059 1233 22 1599 411 529 773 19 25441 739 3573 1947 1892 8803 4840 10306 8606 637 101771 9799 412 873 60 790 2672 596 218 858 25065 456 1593 3953 44 12609 4707 2631 14734 1431 1280 2191
internal_value=0.000216252 -0.00247233 -0.00485738 -0.00383458 0.0149547 -0.000178357 0.00538134 0.0190772 0.0140227 0.00243361 -0.00474353 -0.00436706 0.0019103 0.0168926 -0.00900253 -0.0130396 -0.00526756 0.00828316 0.00530777 0.00696755 0.0240667 -0.000210311 0.0042757 -0.0513825 -0.0229398 -0.0355104 -0.0135428 -0.000669845 -0.0334457 -0.0841384 0.00201297 -0.00257303 0.00939711 -0.0125014 -0.019786 -0.0121576 0.00827191 0.0057909 0.00644393 0.0048818 0.00272664 -0.00792146 0.00842423 0.00332383 -0.0193356 -0.0709726 0.010753 0.0134464 -0.00955245 0.00204437 -0.0120567 0.00670299 0.00299563 -0.0275073 -0.0637176 -0.00642031 0.0044254 -0.00328011 -0.00861781 0.0192607 0.012477 -0.000138071
internal_weight=9830.29 8314.41 6377.9 6119.89 1515.88 3584.77 1936.5 1227.16 767.082 1542.68 597.229 2106.72 733.914 393.826 2535.12 1217.09 1318.03 534.704 475.969 945.448 106.516 342.873 287.035 19.1206 55.8388 48.9739 37.0681 33.1041 16.4744 14.1026 169.264 288.717 130.923 157.794 129.834 115.849 214.805 1478.04 1451.75 1318.79 1147.93 311.849 267.914 222.932 54.6483 17.8681 168.284 164.948 46.765 42.7231 382.424 836.079 719.239 31.9871 18.0177 106.508 76.7077 117.079 337.887 170.866 137.456 83.1612
internal_count=3155305 3019939 2743683 1702667 135366 694592 276256 26409 21701 262789 206933 499871 100063 13467 1008075 658390 349685 19763 19374 55856 3174 13094 8940 1402 4154 4132 2533 2122 1593 1252 60678 108957 4312 104645 102698 100806 34234 194721 184415 175809 170270 68043 7538 6479 1723 850 4756 4344 1672 1454 172699 102227 94646 5590 3997 92003 17316 29394 147634 5539 4902 3622
is_linear=0
shrinkage=0.05


Tree=45
num_leaves=63
num_cat=0
split_feature=14 18 4 5 8 4 0 4 1 2 4 2 2 6 18 21 21 4 1 23 1 5 19 5 5 21 2 6 2 4 5 19 19 21 5 1 2 23 1 11 21 2 19 21 1 21 0 21 17 5 6 21 21 19 21 2 17 4 6 17 4 21
split_gain=180.565 64.0889 37.3839 26.8998 24.9263 23.7795 23.5611 20.4824 20.4757 19.7347 19.8129 20.75 28.9642 20.0561 20.2861 19.625 21.1606 18.3562 17.0265 16.5312 16.3071 16.1365 16.0352 15.8481 15.9783 15.4449 15.2484 22.5802 21.5568 17.8362 15.0199 22.3321 15.8722 17.5934 15.0091 14.959 15.4497 14.9026 14.5977 14.4637 16.43 14.4636 15.3447 14.4108 30.0431 23.6437 14.3657 16.2936 14.0529 15.9492 13.9594 13.9301 13.8985 13.79 17.8909 17.4324 16.7242 13.7405 14.9657 13.6439 14.4045 13.6168
threshold=1.0000000180025095e-35 1.0000000180025095e-35 0.00075169149204157304 0.7972625494003297 1.0000000180025095e-35 0.013528511859476568 2.8840651512146001 0.0032229989301413302 7.6711277961730966 9.2467198371887225 0.26223997771739965 7.1887903213500985 7.0711486339569101 0.68146097660064708 0.15894736349582675 -0.95444282889366139 0.69192925095558178 0.50141242146492015 3.7726949453353886 0.33969773352146154 8.4373917579650897 0.86656334996223461 0.13484849035739901 0.6190304458141328 0.59535306692123424 0.48267115652561193 4.610145330429078 0.75835186243057262 4.8865754604339608 0.57203909754753124 0.85389685630798351 0.26794873178005224 1.0000000180025095e-35 0.65246710181236278 0.61001813411712658 8.8064990043640154 9.2293581962585467 0.78775012493133556 7.9625897407531747 1.0000000180025095e-35 1.0933404564857485 7.4630761146545419 0.46862745285034185 0.16918125003576281 9.5092220306396502 0.10909869894385339 2.1338784694671635 -0.41171333193778986 0.067816093564033522 0.76344707608222973 0.67234274744987499 -0.75303810834884632 -0.12494389340281485 0.37268517911434179 -0.57541704177856434 6.5154528617858896 0.033908046782016761 0.33387978374958044 0.60696911811828624 1.0000000180025095e-35 0.63755404949188244 0.76990297436714183
decision_type=2 2 2 2 2 2 2 2 2 2 2 2 2 2 2 2 2 2 2 2 2 2 2 2 2 2 2 2 2 2 2 2 2 2 2 2 2 2 2 2 2 2 2 2 2 2 2 2 2 2 2 2 2 2 2 2 2 2 2 2 2 2
left_child=1 2 -1 7 57 21 9 -2 17 10 35 12 13 14 15 -12 25 18 19 -6 26 34 -23 24 -22 -17 27 29 38 -15 32 37 48 43 46 36 53 -32 -28 -9 -41 42 -20 44 -34 59 -3 -48 -25 61 -16 -8 -14 54 -7 56 -55 58 -4 -46 -61 -50
right_child=3 5 4 -5 8 6 51 39 -10 -11 11 -13 52 20 50 16 -18 -19 41 -21 23 22 -24 30 -26 -27 28 -29 -30 -31 31 -33 33 -35 -36 -37 -38 -39 -40 40 -42 -43 -44 -45 45 -47 47 -49 49 -51 -52 -53 -54 55 -56 -57 -58 -59 -60 60 -62 -63
leaf_value=-0.044160707432401046 -0.020887195093583368 -0.022296603975055226 0.0020836079637822835 0.023354195500744076 0.012643940546519237 -0.023950000736386388 -0.050679369823702025 0.012473112800920453 -0.0077708965441086898 0.015946891805645989 0.069299806995360133 0.016179357633953458 0.012075129421730665 0.020251490442258709 0.025830850145243167 -0.024253575740374494 0.0053181358002239339 0.017594845396281859 -0.0072806062901594974 -0.087004362792135387 -0.0010702129706241265 0.039445366098972354 -0.020556791556507369 -0.049131658141211391 0.026466122757320194 -0.068936467540734417 -0.061713345557568113 0.031800681551399132 0.0063287427034552758 -0.082187823703279039 -0.078692901849147845 -0.054869410295203619 -0.043695210680575365 -0.046585675766626387 -0.024838600001556493 -0.023996858051790283 -0.069233543487937754 0.042337126740976616 0.0197444924256319 -0.12535334121505798 0.042356759017460027 0.0058505195036293138 -0.062954577757868335 0.0074866649390280815 -0.04523673888696883 -0.072598610162502117 0.033158258349218143 -0.030310430647493787 -0.043880265091356854 0.011734349067800798 -0.071654931431447744 0.016231802563839933 -0.087570143528566499 0.01848716396638651 -0.0033713025864975719 0.0089131130577449601 -0.051749721425201803 -0.0050141655280076421 -0.01707285710544235 -0.032587145181020342 0.024506178898090241 0.039590606367900745
leaf_weight=69.351068901858525 49.737170867912937 39.970158976502717 113.78200596371607 677.96068856790953 6.3239011038094786 117.72801466577221 7.0202548575471146 786.22009601068567 1017.2098487949697 203.51864975236822 5.1127266372495788 259.23598507232964 4.4326337352395084 7.8987913104356249 41.96246787061682 109.03055539206252 50.609260972967604 169.0166303612059 154.82914469507523 10.018027305952272 147.53618887194898 26.642819547814725 17.828146127940272 40.226945369620807 80.877039714483544 23.243928557843901 18.526587994419973 107.84657526918454 1019.1347093625227 7.4653934350353666 1.8165621016232751 7.4252255967003284 51.638152674306184 22.235400032164762 185.90645639317518 90.525642941312981 7.7949765366502097 37.534970541775692 7.0973513780627391 2.9691523095825678 1.6803502691909669 374.48486612713896 12.496796877006998 192.57401462052076 9.0850704021431721 8.5147915376292058 38.748184914031299 12.692502402176613 36.561475389316911 35.502463587967213 3.054468108166474 322.74400328061893 12.430295346537603 12.410446382855296 961.65240616905794 343.33346041420009 23.158443439926486 501.09875408903463 963.13255440169451 12.053080662750288 74.448907949932618 4.8247363741102154
leaf_count=478399 83936 47462 62191 13165 292 49916 1017 37885 346596 16377 718 7954 269 1115 4092 27882 7852 9377 19463 1054 22464 29796 40962 15213 8331 6355 3313 4693 72178 1582 384 1510 14435 13140 362925 54340 1830 2731 1106 225 2 40818 2969 34169 4427 2980 4307 5744 10529 8525 970 13176 1919 3213 216058 49058 8447 224161 631778 8300 8502 868
internal_value=0.000108873 -0.00281028 -0.00808199 0.0159466 -0.00731583 0.000876056 0.00181002 0.00995157 -0.00319382 0.000797983 2.27478e-05 0.00283428 0.00124116 0.00176379 -0.0120618 -0.0192694 -0.0221089 0.00321075 -0.00116864 -0.0499376 0.00343765 -0.0122362 0.0154678 -0.00224638 0.00875278 -0.0325638 0.00714891 0.0237166 0.00517423 -0.0315041 -0.00695484 0.0198324 -0.0095596 -0.00445869 -0.0167185 -0.00438324 -0.00315663 0.0349384 -0.0392569 0.0119149 -0.0679733 0.000391602 -0.0117879 -0.00164375 -0.0129093 0.00263198 -0.000114061 0.0172186 -0.0255243 -0.0127011 0.0178029 0.0146584 -0.0621675 -0.00275623 -0.00563591 0.00544038 -0.0274078 -0.0118675 -0.0150488 0.0100157 0.0162694 -0.0334449
internal_weight=9761.92 8243.35 3391.74 1518.57 3322.39 4851.61 4529.82 840.607 1744.38 4200.06 3996.54 2439.94 2180.7 2163.84 233.013 187.996 182.884 727.169 558.153 16.3419 1930.82 321.788 44.471 762.855 228.413 132.274 1167.97 123.211 1044.76 15.3642 534.442 46.7768 487.665 370.549 277.317 1556.6 1466.08 39.3515 25.6239 790.87 4.6495 541.811 167.326 348.314 155.74 104.102 91.4108 51.4407 117.116 76.8887 45.0169 329.764 16.8629 1458.28 1079.38 378.902 35.5689 1578.01 1076.91 95.5871 86.502 41.3862
internal_count=3155445 3020232 1817098 135213 1338699 1203134 711938 122048 420569 697745 681368 298506 290552 288364 47869 42807 42089 73973 64596 1346 240495 491196 70758 156508 30795 34237 83987 7390 76597 2697 125713 4625 121088 85953 420438 382862 328522 3115 4419 38112 227 63250 22432 72813 38644 24209 57513 10051 35135 19922 5062 14193 2188 326692 265974 60718 11660 918130 693969 21229 16802 11397
is_linear=0
shrinkage=0.05


Tree=46
num_leaves=63
num_cat=0
split_feature=18 14 3 4 15 3 15 3 14 4 4 1 3 4 11 1 20 0 0 2 6 3 23 23 17 4 23 15 1 3 6 19 23 0 6 0 2 17 17 6 1 2 0 1 4 15 0 0 4 0 3 18 17 4 18 23 4 4 4 4 6 6
split_gain=117.036 62.8488 40.0907 32.2344 31.6155 27.2276 25.2415 25.8246 23.749 21.7707 15.819 20.4747 21.1135 21.8894 20.3209 19.2483 19.894 23.8068 19.8433 17.9445 15.8104 20.4603 15.5325 14.8825 16.2755 14.497 15.781 15.2612 21.2634 15.6035 13.9349 13.9215 13.8201 14.081 14.6529 13.4957 13.4955 15.2154 13.32 17.0218 13.2841 13.1373 12.9159 12.835 12.8196 15.6296 12.7872 12.7387 12.4699 12.3742 21.0311 12.3255 13.4394 12.4314 12.1436 11.9499 14.2062 11.6246 21.5154 13.1202 11.5085 11.3166
threshold=1.0000000180025095e-35 1.0000000180025095e-35 5.5664324760437021 0.044932121410965926 0.36500000953674322 0.89587974548339855 5.8750000000000009 3.1984648704528813 1.2424533367156985 0.00090702966554090392 0.87157815694808971 6.8238298892974862 5.5012497901916513 0.8019607961177827 1.0000000180025095e-35 7.255944252014161 1.0000000180025095e-35 2.1153473854064946 1.9561370611190798 7.0044279098510751 0.49697791039943701 5.0401887893676767 1.7288873195648196 1.7288873195648196 0.26794873178005224 0.84952831268310558 1.02805632352829 4.7449998855590829 8.2706527709960955 4.5900437831878671 0.83292543888092052 0.56904762983322155 1.5819688439369204 2.5747989416122441 0.87281480431556713 0.95941460132598888 3.9415346384048466 0.30602006614208227 0.19615384936332705 0.69213515520095836 7.5951359272003183 5.3683068752288827 2.1338784694671635 10.708656787872316 0.38918128609657293 4.1449999809265146 -0.78690087795257557 1.9561370611190798 0.53217735886573803 1.9487996697425845 4.9015574455261239 0.23431372642517093 0.44222222268581396 0.0034825457260012631 0.56904762983322155 1.3423621058464053 0.54721674323081981 0.015435053966939451 0.011072859168052675 0.014217835385352375 0.82638147473335277 0.73547640442848217
decision_type=2 2 2 2 2 2 2 2 2 2 2 2 2 2 2 2 2 2 2 2 2 2 2 2 2 2 2 2 2 2 2 2 2 2 2 2 2 2 2 2 2 2 2 2 2 2 2 2 2 2 2 2 2 2 2 2 2 2 2 2 2 2
left_child=2 3 5 6 -3 -1 -2 -8 9 -6 11 22 13 14 23 16 17 18 -14 -18 21 -7 31 49 47 27 36 29 57 -22 51 32 -5 42 -35 43 38 -38 39 -27 -28 -31 -34 -4 45 -17 -45 48 -25 55 -51 -9 53 -53 -12 -13 -57 58 -29 -60 -37 -11
right_child=1 4 35 10 8 20 7 30 -10 61 54 12 15 -15 -16 44 19 -19 -20 -21 25 -23 -24 24 -26 26 40 28 -30 41 -32 -33 33 34 -36 60 37 -39 -40 -41 -42 -43 -44 46 -46 -47 -48 -49 -50 50 -52 52 -54 -55 -56 56 -58 -59 59 -61 -62 -63
leaf_value=-0.040541231956945582 -0.012329694191363712 0.027120274239049304 -0.033344841218720382 0.0041077086703059668 -0.048810840090137163 -0.051238392697886048 -0.044835549884390466 0.0052887061738096548 0.029327427944602982 0.015004300058655535 0.011312106391524723 -0.0096163507184995611 -0.0075936895825806918 -0.049671488886158431 0.018500416004266038 -0.0061909460577499629 -0.080810106025773515 0.010533783234332336 -0.085137963417762849 0.048921516999597153 -0.02209651992519699 0.041441161422671902 0.021576095537842566 0.031122779596933083 -0.048765080008213967 0.040271820626272797 0.029276109890842901 0.008158142138676272 -0.016267120489770734 0.012058333754002828 0.032455828400808726 0.021363855537120703 -0.080077161098191768 -0.10459799414411003 0.017760577432057011 0.0014284654788969192 0.0026009111030273601 -0.07823431119482091 0.047046839406827683 -0.048382933352002701 -0.029300603702932256 -0.012588236857279424 0.0012050380620085609 -0.037592646530257554 0.01327713090352658 0.031467221910694627 0.014421373496091598 -0.05107652065020505 -0.057621775134475806 -0.017162709704000339 0.016258629030750926 0.046485110004931392 0.02435120794411734 -0.073411110895248863 -0.082159903932047765 -0.040341234487558005 -0.0040475514635105667 0.016141237056167171 -0.058320293824523528 0.0016116854667991569 0.036495919767336245 0.0032617324611282951
leaf_weight=76.296573646868637 686.29935561917227 313.62821701739449 53.746651830850169 1129.7877127537504 16.629503745156399 6.5919131770933737 25.426507929514628 341.62480983429123 125.90372410873533 312.30485669765039 590.87603833156754 487.40414603795216 13.02157128928229 27.631150464876555 81.173907087562839 213.80953974381555 2.2940301594790098 19.197669926215895 22.55682507448364 14.201384822605176 487.12237576689222 27.93343556241598 147.34358759433962 65.503533165174304 8.6478312248364073 9.8359398330212588 10.673277455964124 90.162466693225724 203.76151606406347 56.348168205702677 43.887832279433496 110.72196094109677 4.5416560774901873 7.4703636824851838 3.0763094697613269 920.66207652521553 141.57522445957875 5.0692070717923334 33.774328144092578 9.829987766715929 59.89757019712124 1012.2359923294862 41.157341388985515 15.178821056615559 383.06172721425537 30.609013135137502 42.820549499010667 4.8718168307095757 3.3054215054144143 83.114755962160416 105.89515865617432 1.8399116857908691 6.6560046356171361 13.535054205858613 2.5087148044840424 74.819999234663555 42.218012646451825 125.43497234571259 23.68705964498804 14.409606376779264 23.010519412113354 596.77115359157324
leaf_count=517717 457445 2481 22923 90146 48873 4487 142651 63853 2121 15882 48743 181926 785 9053 19006 28351 243 1093 3336 254 404111 4814 6534 12519 3621 1837 657 34157 149237 14795 2394 5492 658 788 82 145076 24990 957 2445 7940 30121 419002 2615 6000 27872 3328 9917 1977 1967 30464 12286 1184 452 3153 446 29703 10284 33174 9926 4700 763 31594
internal_value=-0.000367268 0.00373726 -0.00774868 0.0010638 0.0132076 -0.0113257 -0.00637232 0.00307735 0.00903653 0.00624813 0.00330178 0.00188003 -0.00186681 -0.0065814 -0.00528666 0.00477626 -0.0196732 -0.0340522 -0.0577405 0.0272919 -0.0103471 0.0228017 0.00624586 -0.00751001 0.0126163 -0.010858 6.76045e-06 -0.012318 -0.00427799 -0.0146779 0.00616905 0.00448868 0.00289663 -0.0210766 -0.0704606 0.000370192 0.00718316 -0.000704359 0.0284425 -0.00423903 -0.0201561 -0.0112785 -0.00841472 -0.0159808 0.00758021 -0.00136594 0.00040251 0.0203771 0.0260953 -0.00961157 0.00154903 0.00291632 -0.0325035 -0.0571006 0.0107794 -0.0130983 -0.0273946 0.00537748 -0.00519271 -0.0361903 0.00232128 0.00730784
internal_weight=9655.39 6205.33 3450.06 4840.09 1365.24 2394.64 1119.27 432.97 1051.61 925.706 3720.82 3127.44 1683.34 984.586 956.955 698.752 71.2715 54.7761 35.5784 16.4954 2318.34 34.5253 1444.1 875.781 82.3286 2283.82 270.656 2013.16 457.456 1555.71 407.544 1296.76 1186.03 56.2457 10.5467 1055.42 200.085 146.644 53.4403 19.6659 70.5708 1068.58 45.699 111.746 627.48 244.419 57.9994 73.6808 68.809 793.452 189.01 363.656 22.031 15.375 593.385 604.442 117.038 253.694 128.259 38.0967 943.673 909.076
internal_count=3155401 1305655 1849746 1204704 100951 1665067 671132 213687 98470 96349 533572 484383 378068 312806 303753 65262 5711 5214 4121 497 1147350 9301 106315 284747 20084 1138049 68947 1069102 231194 837908 71036 99781 94289 4143 870 184679 38169 25947 12222 9777 30778 433797 3273 38840 59551 31679 15917 16463 14486 264663 42750 68642 4789 4337 49189 221913 39987 81957 48783 14626 145839 47476
is_linear=0
shrinkage=0.05


Tree=47
num_leaves=63
num_cat=0
split_feature=9 4 18 20 0 4 23 0 2 4 23 10 21 4 2 4 5 5 4 21 2 2 20 17 2 23 0 0 4 23 19 23 21 23 17 17 5 17 5 18 2 4 21 17 23 17 5 5 2 5 0 0 4 2 0 5 4 21 21 19 21 4
split_gain=114.573 61.8854 52.241 31.4622 23.7608 28.8838 22.5868 22.2221 21.6468 20.7241 24.3105 21.3784 19.1599 18.7277 32.2085 24.19 18.5345 35.2556 28.8463 17.3387 25.8309 39.8276 15.8401 22.8308 16.1249 21.0774 17.9795 16.8879 14.3589 14.6965 14.2931 18.5797 19.9172 24.3922 22.0955 19.5431 14.2283 17.155 14.602 14.1847 16.7919 19.3573 14.0982 13.7748 13.4746 17.5699 15.1519 14.1675 13.4169 13.6334 16.2896 13.3832 12.9771 18.8426 13.2987 12.8935 12.6641 17.1401 12.557 12.4916 12.3714 16.1876
threshold=1.0000000180025095e-35 0.0034825457260012631 0.10172414034605028 1.0000000180025095e-35 1.9632342457771303 0.31516140699386602 1.0777355432510378 1.9561370611190798 7.9382672309875497 0.91776639223098766 1.0076861977577212 1.0000000180025095e-35 0.82743009924888622 0.021230231039226059 8.1319718360900897 0.020046507939696315 0.76850682497024547 0.73578414320945751 0.11114996299147607 -0.71193596720695485 7.2488596439361581 7.0233135223388681 1.0000000180025095e-35 0.12249999865889551 5.9175479412078866 1.4327917098999026 2.2823361158370976 2.7140035629272465 0.011537731625139715 -0.92280662059783924 0.57417583465576183 0.42868220806121832 -0.26394963264465326 0.82507774233818065 0.19615384936332705 0.23669467866420749 0.66800343990325939 0.13484849035739901 0.82160615921020519 0.057189542800188072 7.3597857952117929 0.83483532071113598 -1.2553316354751585 0.83771929144859325 0.89435166120529186 0.097619049251079573 0.5711963176727296 0.53888797760009777 3.2769666910171513 0.75136971473693859 -0.70537954568862904 3.1131258010864262 0.0094191753305494803 10.079672813415529 0.099745940417051329 0.75478157401084911 0.054515434429049499 0.45586667954921728 -0.21848080307245252 0.051315790042281158 0.48267115652561193 0.44887532293796545
decision_type=2 2 2 2 2 2 2 2 2 2 2 2 2 2 2 2 2 2 2 2 2 2 2 2 2 2 2 2 2 2 2 2 2 2 2 2 2 2 2 2 2 2 2 2 2 2 2 2 2 2 2 2 2 2 2 2 2 2 2 2 2 2
left_child=1 -1 4 6 7 8 12 9 16 11 48 39 13 14 19 30 17 18 -6 42 21 -21 23 -7 25 26 -25 43 29 -5 31 35 33 34 -33 36 37 51 -38 -3 41 60 -2 -26 46 47 -15 -46 -11 -50 -51 -16 53 -4 55 -54 -42 -58 -30 -31 61 -41
right_child=3 2 52 28 5 22 -8 -9 -10 10 -12 -13 -14 44 15 -17 -18 -19 -20 20 -22 -23 -24 24 27 -27 -28 -29 58 59 -32 32 -34 -35 -36 -37 38 -39 -40 40 56 -43 -44 -45 45 -47 -48 -49 49 50 -52 -53 54 -55 -56 -57 57 -59 -60 -61 -62 -63
leaf_value=-0.032894841006684265 -0.076242393836337796 -0.0094323565375513604 -0.035615307508163212 -0.087576786942039797 -0.024182607784775916 0.0074219913031484319 0.017975689136256828 -0.058330023062129088 0.00125550118834215 -0.055303395852216414 -0.015140104704257501 -0.024023998386126257 -0.083597015266345484 -0.022155429684165534 -0.0037700426868794244 -0.097537900713996664 0.0038512455141027826 -0.052748230672864542 -0.0024056025045089192 -0.051068700127507471 -0.083055677791857171 0.030898679928300594 0.024468772292274298 -0.0035713409981519549 -0.078654962774511089 0.034743922520929199 -0.084597766331280855 0.036658376074662734 0.0076538151138191074 -0.073978663005297887 0.033110118433723738 -0.10628694906185816 -0.098111114510206265 0.034013179240507584 0.01497670261990802 -0.080352604753419488 0.040949360962014049 -0.084795505356745252 -0.068466490168597807 -0.0010563680599317124 -0.0081998396521351293 -0.048960553085534542 0.018946508163686156 0.045415800340283446 0.01521975912451776 0.0050671732540347354 0.01827204864714908 -0.11673368848948054 0.0045345483731988323 -0.074776604068538435 0.030563786320650058 0.05127216550552656 -0.005746567696811939 0.042090058371628145 0.0054838575042747443 -0.070426878335460186 -0.071678707491917848 0.02112853392368727 0.029345805579190254 0.012217673404669165 -0.01241000121656576 0.021022563317254887
leaf_weight=168.38427585548197 3.5443939143006018 2109.8276103103926 39.665645351036801 3.3545174015598596 242.4612807687663 581.30344736753614 301.33474185364321 20.41851895772561 796.77221157203894 6.8473474913625969 140.60269930318464 213.56735825285432 5.5661750052677226 24.686975497752428 56.554638991772663 4.5573555944720274 187.6333213421749 52.77923799410928 405.75547915912466 39.49086820382945 22.847318215608539 22.540464461664669 109.66229983733501 21.101203212281693 21.492192794219598 19.917181271797745 9.2022306838189234 3.9809996536932877 82.554934690124355 3.4852563782187636 44.121173436898971 7.7868898263550381 7.3173005629796526 14.732980645523638 6.1786436444963329 4.7136489085823987 47.835993493747083 4.4997413043747647 2.3638751840917385 158.28962204948766 84.829712555627339 15.398147276020607 26.161543647627695 1.8388115167617787 2.6218553790822643 19.91201618895866 250.48670901701553 5.684761771815829 242.28929568739841 2.8865284000057718 93.806693837977946 12.689459633431396 27.213557773444336 8.7632115022279304 2046.0818403578451 9.8626490158349025 18.418247711262669 6.1718304554233319 366.6550862173317 67.530177512249793 70.627562981302617 173.36258940742118
leaf_count=912263 2613 881991 29347 1432 132347 47300 13843 9203 155378 4670 39024 213589 3087 1826 4653 221 52981 22564 78561 41562 21445 6870 5698 3105 2902 1111 1259 64 1461 2535 836 1464 1654 432 296 630 2075 691 194 47663 35970 3151 9634 1 80 496 5444 420 32862 704 6177 61 4637 328 247910 7230 6925 982 3034 6601 16509 16160
internal_value=-0.000666696 -0.00298918 -0.00235113 0.0122134 -0.00480682 -0.00106642 0.00672164 -0.00753956 -0.00472883 -0.00721139 0.00232314 -0.00883869 0.00137717 0.00225737 -0.00601764 0.00547483 -0.0100899 -0.0138217 -0.0105759 -0.0272784 -0.038672 -0.0212664 0.00696135 0.0040146 -0.0213016 -0.00420284 -0.0300931 -0.0514835 0.0220229 0.0016467 0.00817749 0.00133772 -0.0299145 -0.00980826 -0.0552215 0.0102496 0.0143108 0.0002482 0.0345604 -0.00760017 -0.00026248 0.00431243 0.00547584 -0.0674118 0.0111922 -0.0211936 0.014578 -0.0779245 0.00944628 0.010913 0.0266859 0.00690314 0.00434278 -0.0209874 0.00494144 -0.0243499 -0.0176068 -0.0484697 0.0253851 0.00701886 0.00646792 0.0105133
internal_weight=9573.02 8111.21 7942.83 1461.81 5811.24 2453.9 938.23 3357.34 1685.4 3336.93 486.433 2850.49 636.895 631.329 327.936 213.352 888.629 700.996 648.217 114.585 84.8787 62.0313 768.498 658.836 77.5326 50.2206 30.3034 27.312 523.58 74.37 208.794 164.673 36.0158 28.6985 13.9655 128.657 123.944 73.7438 50.1999 2636.93 527.098 417.678 29.7059 23.331 303.392 28.2186 275.174 8.30662 345.83 338.983 96.6932 69.2441 2131.59 48.4289 2083.16 37.0762 109.42 24.5901 449.21 71.0154 402.28 331.652
internal_count=3156156 3020566 2108303 135590 1818851 503271 120527 1315580 441831 1306377 83437 1222940 106684 103597 95331 13207 286453 233472 210908 82124 69877 48432 61440 55742 8442 5475 4364 2967 15063 10568 12986 12150 3846 2192 1760 8304 7674 5405 2269 1009351 127360 83483 12247 2903 8266 996 7270 500 44413 39743 6881 4714 289452 29675 259777 11867 43877 7907 4495 9136 80332 63823
is_linear=0
shrinkage=0.05


Tree=48
num_leaves=63
num_cat=0
split_feature=14 4 1 3 6 15 1 1 21 21 5 5 15 3 15 5 15 5 1 5 17 3 4 15 15 17 6 5 15 6 1 5 1 6 18 17 1 21 21 5 21 1 6 6 1 1 14 23 3 1 18 21 21 6 6 5 23 23 4 5 6 3
split_gain=147.535 59.8768 51.0375 48.3596 40.3975 31.051 19.9512 19.7143 19.7365 19.3699 18.715 18.4696 22.5672 17.3173 17.2352 16.484 15.8015 21.2521 20.5703 16.7755 15.6558 15.516 25.7553 21.8758 14.9322 15.0447 14.726 14.671 20.7041 14.4764 14.3117 13.7962 13.5492 20.4006 16.0224 13.5409 13.179 13.0529 16.4885 24.0467 23.7471 14.9173 15.2139 13.4514 13.3534 13.1096 12.9718 13.2424 12.8653 41.9125 17.3771 14.7304 12.6728 17.2709 12.8882 17.0104 12.3101 12.555 12.0538 12.002 11.9068 11.8666
threshold=1.0000000180025095e-35 0.21786879748106006 6.140960931777955 4.2972624301910409 0.73942363262176525 0.36500000953674322 3.1984648704528813 7.2872183322906503 0.11938588693737985 -0.76778408885002125 0.87110334634780895 0.57567074894905101 0.10500000044703485 2.8029010295867924 4.4949998855590829 0.55016303062438976 7.1150000095367441 0.85076484084129345 5.0139575004577646 0.67240881919860851 0.4463601559400559 4.49422311782837 0.0083849639631807821 0.41499999165534979 6.5750000476837167 0.48913043737411505 0.81466323137283336 0.65517181158065807 0.13499999791383746 0.83062571287155162 9.7944259643554705 0.58690601587295543 8.8275413513183612 0.65500557422637951 0.033908046782016761 0.20761494338512423 8.8885498046875018 -0.22979346662759778 0.015058754011988642 0.55864441394805919 0.030435893684625629 4.1971738338470468 0.79790228605270397 0.79414069652557384 3.9981586933135991 6.3035337924957284 1.4978661537170412 -2.3668380975723262 6.1580102443695077 5.64367699623108 0.46862745285034185 0.3039564341306687 0.51095661520957958 0.65356281399726879 0.68695130944252025 0.65791112184524547 1.0138690471649172 1.1840482354164126 0.24272290617227557 0.64279609918594371 0.65356281399726879 5.9148526191711435
decision_type=2 2 2 2 2 2 2 2 2 2 2 2 2 2 2 2 2 2 2 2 2 2 2 2 2 2 2 2 2 2 2 2 2 2 2 2 2 2 2 2 2 2 2 2 2 2 2 2 2 2 2 2 2 2 2 2 2 2 2 2 2 2
left_child=1 2 16 10 7 27 -6 -3 61 -5 -4 15 32 -8 35 -10 17 24 -19 59 -21 23 -23 -7 48 -26 -16 28 -2 37 -25 -14 -13 -34 -35 -11 -17 41 39 43 45 -15 -43 -39 -41 -40 47 -24 50 -50 52 -51 -1 -54 55 -55 -44 -58 -31 -18 -30 -9
right_child=5 4 3 9 6 21 13 8 11 14 -12 12 31 29 26 36 19 18 -20 20 -22 22 46 30 25 -27 -28 -29 60 58 -32 -33 33 34 -36 -37 -38 38 40 44 -42 42 56 -45 -46 -47 -48 -49 49 51 -52 -53 53 54 -56 -57 57 -59 -60 -61 -62 -63
leaf_value=-0.004121448889988345 0.040250932968026662 0.0044805647459907781 -0.028590153005401617 -0.022684971021571076 0.032636452394245105 -0.085890109224372402 -0.022305377175963918 -0.017972844599634986 -0.0019525902634663862 -0.012545207698024821 0.0073109949822464208 0.027262265998933541 -0.042471331348499189 0.038661528837679981 0.0013589277745682943 0.030134799007765768 0.0036616681832574056 0.020153063265195326 -0.029754055831290829 0.033622313337901229 -0.057244096021614191 -0.095887593527574311 -0.06137140584361328 0.0080840541063446694 -0.068199102535082531 0.039145516790052681 -0.066341126856769836 0.031484641890979263 0.024003898042468028 -0.052932667798569644 -0.039668566542691082 -0.010590769111326656 -0.056875372791705986 0.015448955248980057 -0.027380917673117268 0.0054603569326706868 0.0013594886619066604 -0.079149504034518092 0.0010992991366967585 -0.067363163107144575 0.0040813673126919824 -0.0033303235633822684 -0.066182321500964467 0.018086656251809274 0.01802263427212077 -0.0878881650363703 0.045357622267288067 0.01737233116314087 -0.095230649424810201 0.038127052154548452 -0.045996505349647429 -0.081035405329503943 -0.071343546580774783 0.05270082496597317 0.006770016874921592 -0.068453956576864775 0.029297203846947891 -0.04226504333282266 0.019625828006873364 -0.065084481815579506 -0.080109812602166153 0.0021701928245878841
leaf_weight=834.46442290666891 10.200811635237189 587.33346403058385 454.97422022519459 199.60851267346879 67.782202690257691 5.3956056896131477 54.509775165934116 414.38544476026436 275.03241084422916 843.89413145859726 39.046923249370593 57.608936488715699 35.632588720764033 16.564661699347198 596.66084678948391 94.067265213176142 80.674126029363833 160.71524052791938 22.769274093334388 87.00180219169124 4.1224086131405775 3.9433008673368013 4.4534913003444663 701.59678695510229 15.276796855905561 3.3816825673129634 7.1418959863367482 291.4441373742884 3.271608759649097 4.9365895455121054 15.071541215700561 491.47649400860246 13.845025286005692 90.631142823782284 27.693646236264613 118.56965048698476 68.603327790740877 9.4265053967246768 6.5986207344103631 3.6728490877430877 1182.1750387159118 200.72222322714515 18.074284503032686 4.915899599553085 398.36636883491883 9.9931223391322401 42.105050001526251 411.61324934905861 14.171304873190822 14.397214099764826 21.699212827865267 2.1531814883928737 5.0214916236000127 30.363642227719538 108.1363921349257 2.3361403586604856 9.9850602729711699 12.986134028178638 224.07107135394472 5.8847162499732795 8.867964194621889 88.491575714666396
leaf_count=209945 65 53507 1073503 106490 925 345 68690 180022 78350 359286 87781 6446 12504 319 171659 12683 6781 19650 14973 6369 1598 383 180 91544 2463 195 2908 1961 47 734 34519 152159 7186 30492 7997 29221 19053 2089 277 210 141874 45469 4145 242 39238 2708 129 5992 1158 284 8496 186 2040 1837 15755 759 1093 3315 11241 1171 439 12886
internal_value=0.000113056 -0.00254056 -0.00726993 -0.0119284 0.00134613 0.0145286 0.00611964 -0.00338543 -0.00617381 -0.00805107 -0.0257435 -0.00256805 -0.00750549 0.00527163 -0.00617281 0.00551735 0.000186043 -0.00182346 0.0138322 0.014084 0.0289348 0.0108064 0.0179534 0.0062138 -0.00456614 -0.0477422 0.000449792 0.0284968 -0.0101602 0.00599686 0.00702594 -0.0128222 0.00725156 -0.00160974 0.00527926 -0.0103237 0.0180818 0.00454065 0.00620968 0.0147697 0.00322659 -0.00587816 -0.00907647 -0.0468149 0.0170774 -0.0544467 0.0191399 0.0163843 -0.00374065 -0.035094 -0.00274534 0.0188902 -0.00174208 0.0118058 0.0152526 0.0422708 -0.036429 -0.011234 0.0178384 -0.00170199 -0.0523598 -0.014431
internal_weight=9640.01 8142.05 3672.47 2259.9 4469.58 1497.96 2224.78 2244.8 1657.47 1765.88 494.021 1154.59 716.888 2157 1566.27 437.703 1412.57 1234.89 183.485 177.683 91.1242 1184.18 462.115 722.064 1051.4 18.6585 603.803 313.785 22.3404 2102.49 716.668 527.109 189.779 132.17 118.325 962.464 162.671 1873.48 1615.15 416.382 1198.77 258.332 241.768 14.3424 402.039 16.5917 458.172 416.067 1032.74 30.7217 1002.02 16.5504 980.322 145.858 140.836 32.6998 41.0455 22.9712 229.008 86.5588 12.1396 502.877
internal_count=3155966 3020362 2124508 1830848 895854 135604 322569 573285 519778 669564 1161284 326870 216784 321644 563074 110086 293660 277741 34623 15919 7967 133092 6684 126408 243118 2658 174567 2512 551 252954 126063 164663 52121 45675 38489 388507 31736 240979 186638 41779 144859 54341 54022 2331 39448 2985 6301 6172 240460 1628 238832 470 230336 20391 18351 2596 8553 4408 11975 7952 486 192908
is_linear=0
shrinkage=0.05


Tree=49
num_leaves=63
num_cat=0
split_feature=18 0 3 3 5 0 0 4 15 5 3 2 15 19 17 15 21 21 3 2 6 19 4 5 5 17 3 21 6 17 15 18 17 21 21 18 15 6 5 1 15 3 6 17 15 6 6 0 17 19 6 3 23 15 3 5 23 21 15 2 23 1
split_gain=100.223 50.9236 37.1341 24.9651 24.4472 21.8596 20.1579 19.3581 18.6851 18.1625 17.9975 18.1045 23.0014 35.6942 20.3814 24.8174 21.0361 17.797 17.6563 17.7687 17.3231 20.9993 17.0454 16.1588 20.6557 25.8865 16.65 15.4514 16.6216 19.7974 18.4499 17.0188 50.6419 18.912 16.4979 18.5126 15.2757 31.6597 17.1961 14.9737 14.4225 14.4221 16.5259 15.7035 13.9603 16.5491 13.801 13.581 16.6037 23.0407 13.5194 14.7469 13.1741 13.5472 12.7266 12.6816 28.2729 12.6247 14.6172 12.5468 12.4963 12.4679
threshold=1.0000000180025095e-35 2.6723568439483647 3.2769666910171513 5.3542222976684579 0.69528639316558849 1.7456974387168886 2.4444293975830083 0.0013219422544352712 0.15500000119209292 0.74959373474121105 4.8789997100830087 6.9627168178558358 1.9049999713897707 0.10172414034605028 0.57738095521926891 0.9350000023841859 -0.95444282889366139 -0.14567188173532483 5.5664324760437021 5.5314092636108407 0.83815103769302379 0.6348484754562379 0.8019607961177827 0.64825397729873668 0.66210022568702709 0.26794873178005224 6.5123665332794198 -0.85839685797691334 0.64238628745079052 0.075498577207326903 0.11499999836087228 0.20942982286214831 0.2981481552124024 0.78749999403953563 0.43932217359542852 0.03637566231191159 6.7349998950958261 0.80214920639991771 0.7049730420112611 8.2059011459350604 0.36500000953674322 5.5928492546081552 0.72505405545234691 0.40370370447635656 0.16499999910593036 0.64416089653968822 0.65206134319305431 2.3209801912307744 1.0000000180025095e-35 0.46547618508338934 0.49697791039943701 5.0401887893676767 0.3868196457624436 4.8849999904632577 5.3867835998535165 0.63352352380752575 0.94991567730903637 -0.054286764934658997 0.22500000149011615 7.0711486339569101 1.5969837903976443 2.7403194904327397
decision_type=2 2 2 2 2 2 2 2 2 2 2 2 2 2 2 2 2 2 2 2 2 2 2 2 2 2 2 2 2 2 2 2 2 2 2 2 2 2 2 2 2 2 2 2 2 2 2 2 2 2 2 2 2 2 2 2 2 2 2 2 2 2
left_child=2 3 -1 7 23 17 18 8 9 -2 11 14 13 -13 16 22 -3 -6 19 -4 -9 52 -16 26 25 44 27 54 29 34 -30 33 -33 -32 35 -29 61 38 -38 -19 47 60 -43 55 -25 -46 -26 48 -28 -50 51 -21 -22 -54 -5 56 -44 58 -8 -14 -20 -7
right_child=1 10 6 4 5 36 57 20 -10 -11 -12 12 59 -15 15 -17 -18 39 41 50 21 -23 -24 24 46 -27 40 28 30 -31 31 32 -34 -35 -36 -37 37 -39 -40 -41 -42 42 43 -45 45 -47 -48 -49 49 -51 -52 -53 53 -55 -56 -57 -58 -59 -60 -61 -62 -63
leaf_value=-0.028402864543289316 -0.033485235749277899 -0.077459488049913233 -6.3234091201105626e-05 0.030506015646969684 -0.049332328493831547 -0.085120298304628028 -0.069222211703250824 -0.0012460245129534337 -0.044195589172371319 0.04886087021053831 0.021573726063447877 0.009696068919511195 -0.07769084479598766 -0.072761351637384369 -0.10351998501453148 0.014753593714224576 0.01840708459073526 -0.075050243970432542 0.031651245105181657 -0.054299062818628285 -0.035794351581907025 -0.054952533916628798 0.019681834301851348 -0.0091600894486958788 0.047220139484707629 0.03412643721361331 0.040253051379800314 0.013564913884627636 -0.029075979082111337 0.056398316814628938 0.0061960778571850906 -0.088077047001285658 0.026369162532828477 -0.051773764610319732 0.033757502210682459 -0.072705540123842824 0.020043824386293461 0.041924891781703381 -0.10849753891129804 0.0062085009380314464 0.035085923536969703 -0.0077029247465307746 -0.065228411261550531 -0.077342820342263183 0.035285818362206275 -0.076768297586140427 -0.0049425434591159204 0.03807103182965587 -0.10376316698434424 0.031390575881706663 -0.012245636747580137 0.034320937676436451 0.026975289451670943 -0.054456775159297602 -0.077553462827946715 0.014287656986217543 0.0058408240443501179 -0.0028279165163541224 0.02188045285370116 0.0070468631552637016 -0.019493088681782077 0.020290627459752845
leaf_weight=183.79244508033298 12.181702626578046 4.8288424484780981 422.89705343544483 3.0769244771217918 16.811557936598547 1.8551727940794069 3.6056943845469496 2833.3350642356818 47.972035872131528 12.654850694190825 425.99815430457238 25.990973643492907 3.4595801083778488 25.091771047591465 9.9659971109940688 17.701031010015868 450.30568178418616 4.8820972852408877 54.855564552592114 4.695727745012845 8.962465967415481 8.9405182022019272 3.3921351688913992 15.739954185904933 12.674320323741993 10.647650230559519 4.8865223741158905 13.784988475730644 46.611255615833215 29.912380389519967 649.22453940252308 17.760024645132944 19.216937772464007 13.388071249239145 23.581150931247976 9.9577741363318619 3.1909955583978471 9.7620629086159152 8.5865057054907066 156.97034625557717 74.492374273715541 574.8496811807272 16.401941339136101 4.4927144144894546 3.0840017134323707 32.061229499173351 173.53601112391334 9.7316031146328879 8.6910713544348237 4.1079737094696602 1569.9268436031125 27.403763489681296 136.11081940417353 4.3985726636601603 9.4036051299190131 223.19607410836034 70.799865147448145 136.88427981029963 126.75800295791123 222.72692935785017 14.458125499659216 545.5026265521301
leaf_count=712209 61225 1297 127653 450 5537 112 776 671561 289241 36856 7134 5576 1202 7495 1484 2966 27500 626 7696 3452 3647 2439 43 1821 585 402 158 1761 8006 698 55501 2232 630 2510 1635 2292 98 206 865 14297 1608 125501 4766 1230 192 6198 18391 104 1049 107 777607 4585 12044 1592 2441 27072 9850 20150 21616 22755 5141 19764
internal_value=0.000250625 0.00405266 -0.00659679 0.00183855 0.00628642 0.013361 -0.00535573 -0.000968322 -0.0262646 0.00873938 0.0133462 0.00873321 -0.0014614 -0.0314263 0.0145381 -0.0241069 0.0172224 -0.00188897 -0.00653429 -0.00918013 -0.000344129 0.0156936 -0.0730425 0.00181802 -0.0095148 -0.0343786 0.00481873 0.00247928 0.00334461 0.0252705 0.00104436 0.00308982 -0.0294711 0.00494855 0.00483538 -0.0240933 0.0181453 -0.0224011 -0.0748275 0.00331162 0.0237976 -0.000944188 -0.00266412 0.00652974 -0.0490947 -0.0662313 -0.00115885 -0.00702816 -0.0325537 -0.0612531 -0.0115852 0.0201082 0.0202564 0.0240593 -0.050626 0.00798819 -0.00811469 0.00777885 0.0188529 0.00541451 0.0208576 0.0197788
internal_weight=9622.17 6187.15 3435.02 4997.69 1933.13 747.561 3251.23 3064.56 72.8086 24.8366 1189.46 763.463 277.269 51.0827 486.194 31.0592 455.135 178.664 2983.98 2024.92 2991.75 158.412 13.3581 1185.57 247.743 61.5328 937.827 835.918 823.437 77.2363 746.201 699.59 36.977 662.613 47.3239 23.7428 568.897 21.5396 11.7775 161.852 101.91 959.054 889.74 314.891 50.8852 35.1452 186.21 27.4172 17.6856 12.799 1602.03 32.0995 149.472 140.509 12.4805 310.398 87.2018 267.248 130.364 226.187 69.3137 547.358
internal_count=3155637 1306333 1849304 1228881 150276 41505 1137095 1078605 387322 98081 77452 70318 37028 13071 33290 4493 28797 20460 1094553 913297 691283 19722 1527 108771 27589 8613 81182 78156 75265 6386 68879 60873 2862 58011 5688 4053 21045 1169 963 14923 3026 181256 168419 42918 8211 6390 18976 1418 1314 1156 785644 8037 17283 13636 2891 41688 14616 42542 22392 23957 12837 19876
is_linear=0
shrinkage=0.05


Tree=50
num_leaves=63
num_cat=0
split_feature=9 1 4 8 6 15 7 15 15 1 0 6 0 14 0 23 5 5 4 6 23 6 15 0 23 23 18 6 18 0 15 18 0 15 15 6 18 5 5 1 0 6 4 4 6 1 21 0 21 21 6 4 5 1 23 15 21 1 1 18 15 15
split_gain=125.75 66.9275 36.4847 30.3594 29.8612 27.1175 22.9416 20.3102 21.9519 20.0931 17.0753 14.8538 14.7552 14.307 14.2743 13.9866 13.3761 13.2122 15.9861 19.2465 12.7178 12.3726 13.369 13.0022 14.2616 12.149 31.4691 16.5809 15.3407 25.4964 11.1328 15.0276 12.4311 14.4426 10.939 13.6431 11.6757 15.9052 18.0807 23.7467 23.1383 18.5224 14.0084 12.9423 12.5903 19.5146 12.7998 12.7791 11.9827 16.5596 12.1106 11.2488 10.9274 10.9205 15.9764 15.1253 14.7121 10.8037 16.6342 10.7111 14.2501 13.0664
threshold=1.0000000180025095e-35 8.2502284049987811 0.91776639223098766 1.0000000180025095e-35 0.79594290256500255 0.36500000953674322 1.0000000180025095e-35 0.44499999284744268 6.4949998855590829 10.421179294586183 2.1338784694671635 0.68339741230010997 2.0080702304840092 1.7005987167358401 1.6767171621322634 1.8483777046203616 0.87351205945014965 0.87620034813880932 0.027567207813262943 0.78525999188423168 1.8018037080764773 0.67861670255661022 4.6749999523162851 1.4145705699920657 1.4422942996025088 1.045460104942322 0.24568965286016467 0.61614477634429943 0.25462962687015539 0.24847602844238284 0.27500000596046453 0.064583335071802153 1.3119280338287356 0.095000002533197417 0.13499999791383746 0.62154048681259166 0.10172414034605028 0.66649246215820324 0.73054367303848278 3.9981586933135991 2.4444293975830083 0.76105555891990673 0.013528511859476568 0.28618718683719641 0.77069538831710827 2.7403194904327397 -1.0361412167549131 2.5498392581939702 0.092591349035501494 0.56187203526496898 0.77354341745376598 0.030795574188232425 0.87351205945014965 8.8064990043640154 1.1690285801887514 0.22500000149011615 -0.49447669088840479 7.8661470413208017 5.9121499061584482 0.067816093564033522 0.53499999642372142 0.62500000000000011
decision_type=2 2 2 2 2 2 2 2 2 2 2 2 2 2 2 2 2 2 2 2 2 2 2 2 2 2 2 2 2 2 2 2 2 2 2 2 2 2 2 2 2 2 2 2 2 2 2 2 2 2 2 2 2 2 2 2 2 2 2 2 2 2
left_child=1 3 6 7 34 -2 11 12 10 21 14 20 15 -7 -9 -1 25 18 19 -10 -3 23 -23 -8 53 27 -27 -4 -29 -30 31 -13 -33 -34 35 -5 44 -38 40 42 41 57 -40 51 46 -46 -36 59 50 -50 -45 -41 -48 56 -55 -56 -25 58 -39 -47 -61 -62
right_child=5 2 16 4 -6 13 9 8 17 -11 -12 30 -14 -15 -16 -17 -18 -19 -20 -21 -22 22 -24 24 -26 26 -28 28 29 -31 -32 32 33 -35 36 -37 37 38 39 43 -42 -43 -44 48 45 47 52 -49 49 -51 -52 -53 -54 54 55 -57 -58 -59 -60 60 61 -63
leaf_value=-0.0094569394937790222 0.026933357470726657 -0.003323762654469336 -0.065821954198248933 -0.069885798868095747 0.017758318710732992 0.0091083551124822495 -0.024850801591581526 0.041449215150691283 0.0072458140621751632 0.015720326338656176 -0.0040607770743020565 -0.028840286675734284 0.0063753295619063954 0.041053125447196033 -0.016562846818861637 0.024897962958849624 0.042943166348103884 0.046096837936440156 0.048443449747909539 -0.04216530521994661 -0.046038625222630254 -0.0047177414566413195 -0.024189355804466933 0.014380823099743954 -0.033004776135481993 -0.019496340222301112 0.039189482806487853 0.0090860325470745653 0.025643529245085381 -0.10378851427158059 -0.035785940643447527 -0.014172769151396687 0.067643463401287268 -0.0045700588419974996 -0.051675845544337289 0.0147916917076013 0.017035303888409025 0.006626354461727939 0.037854133591696072 -0.031917839506301164 0.015454952457619879 -0.09909354142483251 -0.10798824740571096 0.031169938401434245 0.036883867559122693 -0.011234032792399477 0.0014145699976891837 -0.091329271005391455 -0.088107858159788915 0.019904376945914813 -0.061150995021396641 0.035463910238213291 -0.09052198739223398 -0.0051725306733849093 0.062960784124112351 -0.0085491091123709676 -0.020046843688898194 0.023226120033129273 -0.081469242300186068 -0.098311030368287255 0.050155481134073698 -0.059807218840142985
leaf_weight=303.72279040700232 300.9523223771248 167.46325577890093 6.9242839938960961 3.8845302170375353 391.63605515961535 1134.8112867595919 224.185845049622 9.8996546830676362 125.43495907462056 82.343428808730096 908.99896649830043 151.94090542132471 787.33349173612078 35.272696589163388 514.45364437055105 31.855719082552241 18.907226781302597 21.315537938717171 17.839746485231444 22.347354230347264 18.477561702857201 1011.2749024936929 95.692159336002078 39.836848034814466 51.136956536909565 140.74063911856501 26.273818598943762 392.77597649433301 6.6690779546042886 6.9707770633976907 149.38305115148978 86.347355157507991 10.348177456093255 17.461637772794347 10.552867181133477 223.3180246623233 242.4465703247115 9.3910721610300296 1.6474934101570387 6.1196663359878576 22.973593032453209 11.055912261945194 5.3854052773676813 17.958057560725141 14.321050159865989 82.939688682788983 1298.7236520061269 5.6119018706958732 7.6069770890753698 5.5121083036065102 3.4065391893964252 59.882900832104497 2.2402917712461194 64.526033903704956 19.960397336981263 11.09054829541128 130.33891254785703 8.0438456721603853 11.059884295100344 8.0431645323988068 4.1783358009997738 4.6693991647334769
leaf_count=102040 2457 167125 2774 866 15475 132762 98853 4591 44402 11229 326443 372414 98581 311 340963 5657 606 4434 1818 13050 58240 295772 44780 17196 21952 38712 876 44792 422 866 485217 108138 2888 8288 4555 12244 11259 331 13 588 718 1541 353 480 235 10792 142021 749 701 147 293 1901 211 27342 1408 4377 55556 565 1846 939 53 990
internal_value=0.000116153 -0.00231645 -0.00835837 0.00108634 0.00511529 0.0135643 -0.0111854 -0.00253105 -0.00611111 -0.0082532 -0.00821339 -0.0195939 0.0026356 0.0101056 -0.0153908 -0.00613142 0.00264211 0.00996615 0.00506739 -0.000459222 -0.00779205 -0.00945983 -0.00642129 -0.015653 -0.00908821 0.00125755 -0.0100859 0.00585426 0.00723401 -0.0430751 -0.0248442 -0.0185908 -0.00481685 0.0237162 0.00271698 0.013044 0.00143803 0.00883876 -0.00287908 0.0095403 -0.0240499 -0.0468121 -0.0733646 0.0160084 -0.000699518 -0.0161484 0.00072245 -0.02363 -0.00865935 -0.04453 0.0143735 0.0288332 0.00118685 -0.00437963 0.00908482 0.0379496 -0.0119507 -0.0238551 -0.0425927 -0.0189563 -0.0541276 -0.0080576
internal_weight=9607.92 8136.88 2931.07 5205.81 2462.61 1471.04 2331.81 2743.2 1620.29 1730.39 1433.35 601.422 1122.91 1170.08 524.353 335.579 599.262 186.938 165.622 147.782 185.941 1648.04 1106.97 541.076 316.89 580.355 167.014 413.34 406.416 13.6399 415.481 266.098 114.157 27.8098 2070.97 227.203 1843.77 412.49 170.043 107.519 62.5243 39.5507 7.0329 100.486 1431.28 119.764 1311.52 105.442 34.4837 13.1191 21.3646 66.0026 1300.96 265.753 95.577 31.0509 170.176 28.4948 20.451 99.8306 16.8909 8.84773
internal_count=3157198 3021668 1869823 1151845 209866 135530 1780775 941979 735701 578465 671997 1202310 206278 133073 345554 107697 89048 63704 59270 57452 225365 567236 340552 226684 127831 88442 39588 48854 46080 1288 976945 491728 119314 11176 194391 13110 181281 20736 9477 4476 5001 4283 366 4110 160545 13758 146787 13523 1621 848 773 2489 142232 105879 33127 5785 72752 2742 2177 12774 1982 1043
is_linear=0
shrinkage=0.05


Tree=51
num_leaves=63
num_cat=0
split_feature=9 3 1 4 3 4 2 23 5 5 23 5 23 1 2 3 3 21 4 4 2 0 2 6 23 6 21 21 1 5 5 2 4 21 23 23 1 10 6 2 21 5 5 21 4 3 4 5 6 21 3 2 21 21 4 1 5 0 5 2 6 0
split_gain=103.48 58.1914 42.7385 53.8971 28.1803 26.3746 23.797 28.2228 22.9117 21.8648 21.1524 24.7683 21.212 25.1391 20.4077 27.0099 29.7331 20.224 25.1091 19.3098 19.0124 18.9721 17.503 19.091 15.1538 23.5275 20.2282 14.6895 14.2144 13.4847 22.0962 19.8999 12.8308 12.6436 18.0072 22.2806 17.5603 21.0042 19.0481 16.8038 18.9107 16.2921 14.2319 13.6447 16.541 13.9724 13.8155 14.0593 13.579 13.5163 12.9592 13.0224 16.0307 12.6743 12.8252 15.8087 13.5354 12.5502 13.8066 12.4142 24.7977 12.7242
threshold=1.0000000180025095e-35 2.6020033359527592 6.7827587127685556 0.22737026959657672 3.9607677459716801 0.035967789590358741 9.2793998718261737 1.6908204555511477 0.83289259672164928 0.73578414320945751 0.61303123831748974 0.5426987111568452 0.37618094682693487 6.1974613666534433 6.2980291843414316 5.7557370662689218 5.2755572795867929 0.33565925061702734 0.56237450242042553 0.0064258505590260038 7.2082302570343026 2.7140035629272465 7.4292240142822275 0.69049060344696056 0.41818495094776159 0.78445744514465343 -0.56556966900825489 -0.80037558078765858 3.7726949453353886 0.74095723032951366 0.8825645148754121 7.2082302570343026 0.0077531647402793178 -0.025139176286756989 0.89435166120529186 0.56670257449150097 8.9926195144653338 1.0000000180025095e-35 0.8080076575279237 5.5314092636108407 0.64059561491012584 0.75648838281631481 0.78225356340408336 -0.068855520337820039 0.92899158596992504 6.0447778701782235 0.30532830953598028 0.81279408931732189 0.66897651553154003 0.3039564341306687 3.4175922870635991 4.8402345180511483 0.14116969704627993 0.025019031949341301 0.99506801366806041 10.651229381561281 0.60734370350837719 1.9931784272193911 0.61394307017326366 6.7351858615875253 0.66544634103775036 2.5747989416122441
decision_type=2 2 2 2 2 2 2 2 2 2 2 2 2 2 2 2 2 2 2 2 2 2 2 2 2 2 2 2 2 2 2 2 2 2 2 2 2 2 2 2 2 2 2 2 2 2 2 2 2 2 2 2 2 2 2 2 2 2 2 2 2 2
left_child=1 28 4 -4 17 6 10 -8 20 14 12 -12 19 -14 -7 16 22 18 -3 59 33 57 23 -16 25 26 -23 -13 -1 -29 31 -31 -21 43 35 50 37 42 39 40 -38 -39 -36 44 45 -5 -45 -48 -37 -43 -35 52 -52 -53 55 -55 -56 58 -6 61 -61 -2
right_child=5 2 3 8 21 9 7 -9 -10 -11 11 27 13 -15 15 -17 -18 -19 -20 32 -22 24 -24 -25 -26 -27 -28 29 -30 30 -32 -33 -34 34 36 48 38 41 -40 -41 -42 49 -44 46 -46 -47 47 -49 -50 -51 51 53 -54 54 56 -57 -58 -59 -60 60 -62 -63
leaf_value=0.0067304729670090175 -0.040153911727435695 -0.01923862103299627 -0.011200394123141463 -0.013853593470486345 -0.041599137204911055 0.018698720520514314 0.022576821364349273 -0.10144035741006528 0.018160359308892867 0.025195773085107689 -0.053974031522038807 -0.054095590708501055 -0.073341635695399532 0.0039344085157277855 0.016851063802228571 0.022700825403749181 -0.1232267284339796 0.0091924510819454477 0.024962486108120768 0.034938011836636612 0.011741090018023648 -0.088805936638454236 0.016383465078183612 -0.083297635783808832 0.019585122426950582 -0.055059135452678633 0.022411956619648742 0.026512128599656098 -0.028696807628396145 -0.088992961828486858 0.02497419389376301 -0.0063122136492117856 -0.00037358142846760395 -0.054173245724588273 0.0096609869092061859 -0.048298842629213808 0.013493886745879084 -0.078189163089048275 -0.057444691736092096 -0.0093325940670092415 -0.034051937911856817 -0.043711310049278584 -0.057379352988766577 0.013972907107700076 0.0080631092785121237 0.016797549864316107 -0.048677346390039379 0.038037310191272516 -0.014916910573897447 0.010899739144836725 -0.044211606696689061 0.031818543264867029 0.027863961314065669 -0.0071421386446923543 -0.048948540517641803 -0.050786449379410216 0.02468646282306013 0.0032093010817869729 0.048343657455078237 0.023099290935591835 -0.065840058864590101 0.030519650805698031
leaf_weight=31.65503920345509 9.7822091315101733 292.94450057161157 1719.3310954993649 393.55467899565701 4.259793346864174 106.36714171234053 219.68628570236615 3.7120997741585589 160.24293982528616 490.34100448503159 12.797149911071754 6.5360816736356346 23.755938394810073 18.138334095259779 6.7126262285746661 28.011001704959199 7.5695828148163846 124.1631142894912 35.206481880275533 29.086326170305256 258.75141119537875 3.5345215554116285 17.789043976808898 13.216398489195852 344.04429215501295 17.250032387673855 41.759751465171576 145.96647357987968 242.50517240674526 8.0958245903020707 50.254237436165567 37.319644293253077 177.32914796978002 10.163533467974046 814.94877885602182 36.87743447732646 191.83066442530253 9.6332150735543092 15.326723124977432 354.47919136134442 22.496119569725124 16.958745951065794 7.0124648951459667 13.940840040449983 153.74707791561377 40.204988867859356 49.19470776381786 4.4220183669240205 165.72274442701018 29.909191216167528 7.8403899505501604 22.360638960963115 64.361989142082166 236.83306975034066 6.2073710242984808 21.807249685341958 48.0845017520478 2073.0872565884492 26.408689492789563 9.9589000826308602 29.614267577730061 14.562426503282039
leaf_count=12328 29113 135708 819059 153678 1387 2538 3250 332 18032 4162 4510 1381 3398 9135 205 353 454 24251 766 1891 16946 605 464 1078 12041 1938 2248 18039 1058060 2218 811 2666 11043 9810 122808 16825 38764 3041 4677 113623 15168 3427 1899 3938 21178 4134 15832 476 48037 4659 1631 3897 7005 71317 1548 7820 2902 236518 1993 4552 31721 2487
internal_value=0.00021361 -0.00199627 -0.00120279 -0.00408021 0.00353294 0.0124314 0.00626988 0.0200732 -0.000200073 0.0197368 0.000864559 0.0113476 -0.00790575 -0.0405729 0.00478122 -0.015395 -0.0389391 -0.00794312 -0.014435 -0.00271236 -0.0011876 0.00560303 -0.0192777 -0.0503715 0.0154777 -0.00706899 0.0120023 0.014919 -0.0245967 0.0170011 0.00236565 -0.0226508 0.00474669 -0.00241329 -0.000506444 -0.00763851 0.00252128 0.00698565 -0.00419303 -0.00265985 0.00836843 -0.0222517 0.00902001 -0.00846633 -0.00599163 -0.0109805 -0.0295859 -0.0409601 -0.0212005 -0.00936113 -0.00102487 0.000430101 0.0195403 -0.00373098 -0.00636444 -0.0110034 0.0155345 0.00368813 0.0349317 -0.0265026 -0.0434401 0.00165763
internal_weight=9579.66 8113.06 7838.9 4876.24 2962.66 1466.6 796.595 223.398 3156.91 670.007 573.197 260.969 312.228 41.8943 179.666 73.2987 45.2877 452.314 328.151 270.333 2996.67 2510.34 37.7181 19.929 406.589 62.5443 45.2943 248.172 274.16 241.636 95.6697 45.4155 206.415 2737.92 2082.85 620.259 1462.6 878.462 584.133 568.806 214.327 56.5012 821.961 655.064 587.507 433.76 67.5576 53.6167 202.6 46.8679 417.659 407.495 72.2024 335.293 312.932 258.64 54.2919 2103.76 30.6685 63.9178 39.5732 24.3446
internal_count=3155775 3019974 1949586 1532131 417455 135801 126547 3582 713072 9254 122965 29625 93340 12533 5092 2554 2201 160725 136474 80807 695040 256730 1747 1283 16832 4791 2853 25115 1070388 23734 5695 4884 12934 678094 478858 170792 308066 135834 172232 167555 53932 11127 124707 199236 178990 157812 20246 16308 64862 8086 105930 96120 8636 87484 83587 79137 4450 239898 3380 67873 36273 31600
is_linear=0
shrinkage=0.05


Tree=52
num_leaves=63
num_cat=0
split_feature=18 9 4 3 3 4 5 3 17 1 9 3 1 21 1 1 3 17 21 3 18 20 4 5 4 17 2 14 5 18 21 5 6 5 6 4 5 6 13 1 1 17 1 4 2 3 19 18 17 5 1 21 1 4 17 4 17 21 1 19 18 2
split_gain=130.445 50.5041 32.3691 32.4372 26.1202 25.7215 22.0862 18.86 16.5385 23.3817 16.3434 16.9501 17.8871 15.8704 26.3463 17.3159 15.5579 14.8205 13.7422 17.1884 13.8247 14.326 13.7465 13.4451 29.57 14.1218 13.3804 13.2487 17.108 13.22 13.1921 12.1512 16.436 15.8072 11.8198 19.5915 13.5992 11.6051 12.599 17.8922 16.7166 11.5237 25.6914 15.4902 11.6558 11.502 13.2296 11.3792 21.8235 21.7637 11.8795 11.3307 11.2831 11.2105 18.2738 17.7237 20.2074 19.5775 16.8261 12.335 10.8868 10.7673
threshold=1.0000000180025095e-35 1.0000000180025095e-35 0.035967789590358741 5.3867835998535165 0.89587974548339855 0.0079813776537776011 0.8491039276123048 4.7749040126800546 0.039230769500136382 4.3630783557891855 1.0000000180025095e-35 4.5900437831878671 7.4908084869384775 -1.171320855617523 9.1235289573669451 9.2128872871398944 4.7664294242858896 0.097619049251079573 0.80727526545524608 3.2769666910171513 0.3390804678201676 1.0000000180025095e-35 0.017603697255253795 0.64552369713783275 0.0022483490174636249 0.32738095521926885 5.4531798362731942 1.7005987167358401 0.53476160764694225 0.097619049251079573 -0.61573588848114003 0.6033778488636018 0.76167270541191112 0.59397619962692272 0.75835186243057262 0.13826822489500049 0.67823776602745067 0.78863400220870983 1.0000000180025095e-35 4.6491756439208993 10.570175647735597 0.31698563694953924 5.2176458835601816 0.3939062505960465 8.4376087188720721 4.2835628986358651 0.26491229236125952 0.36181819438934332 0.25462962687015539 0.82445898652076732 3.5114340782165532 -0.21848080307245252 8.2502284049987811 0.4107243567705155 0.13484849035739901 0.35749568045139318 1.0000000180025095e-35 0.40714851021766668 7.255944252014161 0.80384615063667308 0.3964285701513291 5.6039605140686044
decision_type=2 2 2 2 2 2 2 2 2 2 2 2 2 2 2 2 2 2 2 2 2 2 2 2 2 2 2 2 2 2 2 2 2 2 2 2 2 2 2 2 2 2 2 2 2 2 2 2 2 2 2 2 2 2 2 2 2 2 2 2 2 2
left_child=4 5 3 8 -1 -2 7 16 9 -3 11 37 53 -11 -15 -16 17 31 19 20 21 27 -22 -12 -25 -26 -9 28 29 -10 -19 32 33 -7 -33 -36 -37 -6 39 -39 -40 -8 44 -44 -43 46 -38 48 -21 50 -50 -47 -53 55 -55 59 -57 -58 -56 -13 -45 -28
right_child=1 2 -4 -5 10 6 41 26 18 13 23 12 -14 14 15 -17 -18 30 -20 47 22 -23 -24 24 25 -27 61 -29 -30 -31 -32 34 -34 -35 35 36 45 38 40 -41 -42 42 43 60 -46 51 -48 -49 49 -51 -52 52 -54 54 58 56 57 -59 -60 -61 -62 -63
leaf_value=-0.038554887067032376 -0.018324137867364851 0.021689024365221125 0.021048828040789728 0.02749140992930902 -0.01778258864098126 -0.0011114047736637742 0.019509565004575975 0.014884816938649082 -0.061295904741445265 0.016388315681106363 0.022991205093690667 -0.0012205232453118334 -0.0090645121331094924 -0.0925035480222762 0.058124330122552005 -0.059758651826416667 -0.075109013301209185 -0.024815650437845411 0.039259813216797321 0.010113063664425579 -0.085706764503782173 0.010116112947919399 0.0071564725443367316 0.052429865137938174 -0.086172645401322717 0.032418885873552086 -0.014117233641141425 0.047781456240853185 -0.0326865801659574 0.035479017861052911 0.0027226330527894012 -0.023469040740643852 -0.056892972027346389 0.042931675661446171 -0.0272867435908173 0.036411102521627901 -0.049933133168093141 0.02560321529151743 0.040919117595076424 -0.025146250772576508 -0.051994350687957575 0.020601489646135313 -0.077773372447679567 -0.039075827594449108 -0.0469688422900158 -0.049248393168977077 0.004912120348197639 0.033710752083315289 0.0069936185106520901 -0.12907605566586997 -0.087645680192264291 0.044078983471005612 -0.044324264512829468 0.012650557527090982 -0.075154535313200821 -0.078907070877410057 -0.071114441668560513 0.042806285549104567 0.025082568726908908 -0.074806938334767578 0.02910568512025017 0.0033892585339323662
leaf_weight=66.724485171194829 149.34662495799421 17.765399896627059 646.2907765978016 133.78863277146593 560.65613244839915 96.083922381571028 278.05482969649893 249.49207164382096 3.4153746472147786 7.7163719192467388 74.897305642371066 642.74663946928922 1620.8513741316856 21.121254896839677 5.6693974396621325 4.8481383392863791 6.5232200709870076 45.12183475724305 23.947915988683235 211.19501610950101 10.134789988442209 79.891605740784144 5.9814636318478724 7.8583211466902894 11.266826122940982 2.5902103743283069 89.883658853708766 6.3058798155398099 79.929391586185375 17.382941153788124 761.36033703958674 184.17631229643303 9.533669423311947 24.837769158708397 60.862357931313454 29.367264798405813 18.960108585306443 23.429666392985382 27.449775038810913 59.608042135922005 4.9410461272927924 80.724423853447661 12.288956601114476 12.045553673786346 5.9837331795133641 4.1982170634437379 24.122741697749007 39.85851167421788 14.836578929098328 4.388409372419118 3.2255147988907984 23.464519961853515 3.4057150844600974 225.73389734723605 10.735911403549837 15.293602233985441 4.8706862259423351 9.5487524876371008 5.8849320790031916 4.7463785654399535 9.6737726335995813 2637.3619106716942
leaf_count=517639 437128 1100 8398 1069 475265 32977 27118 17881 3603 1161 6363 115330 636515 10045 375 8593 2492 21054 1391 5651 3904 8180 127 773 2214 106 13111 66 42308 3486 179524 89785 4330 3991 31733 2544 8923 6094 5078 55009 7767 3201 4912 1328 327 1748 6210 405 339 222 551 1558 1644 14621 1615 2725 1373 599 446 1303 340 309678
internal_value=8.69972e-05 0.00442079 0.0130119 0.00547977 -0.00780367 0.00203275 0.0026879 0.00163505 0.000158746 -0.0250904 -0.00717291 -0.00778262 -0.00590596 -0.0462214 -0.0615255 0.00331472 -0.00340778 -0.00298583 0.00308468 0.00118836 -0.00980541 -0.00583395 -0.0528366 0.0129977 -0.0209653 -0.0633151 0.00382424 -0.0177228 -0.0222529 0.0175043 0.00115307 -0.00994211 0.00305859 0.00821313 -0.0148027 -0.00500961 0.00822369 -0.0148151 -0.000372316 -0.0106927 0.025613 0.0139261 0.00101056 -0.0352095 0.0154561 -0.00327576 -0.0198096 0.0093558 0.00507503 -0.0407287 -0.0136183 0.0195546 0.0316858 -0.000334796 0.0088718 -0.00363782 -0.040752 0.00220905 -0.0402543 -0.00187446 -0.00876339 0.00280732
internal_weight=9534.4 6154.57 1337.69 691.403 3379.83 4816.87 4667.53 4268.76 557.614 57.1206 3313.11 3216.5 2540.41 39.3552 31.6388 10.5175 1292.02 1285.49 500.493 476.545 203.041 186.925 16.1163 96.6127 21.7154 13.857 2976.74 107.034 100.728 20.7983 806.482 479.013 130.455 120.922 348.557 164.381 103.519 676.085 115.429 83.0377 32.3908 398.771 120.716 34.0083 86.7082 74.1513 43.0829 273.504 233.646 22.4505 18.0621 31.0685 26.8702 919.561 242.355 677.206 29.713 14.4194 16.6208 647.493 21.7193 2727.25
internal_count=3155346 1304511 100974 92576 1850835 1203537 766409 729183 91507 21274 1333196 1323740 774527 20174 19013 8968 388513 386021 70233 68842 61674 57643 4031 9456 3093 2320 340670 49463 49397 7089 200578 185443 41298 36968 144145 54360 22627 549213 73948 61103 12845 37226 10108 6580 3528 20083 15133 7168 6763 1112 890 4950 3202 138012 16682 121330 4697 1972 2061 116633 1668 322789
is_linear=0
shrinkage=0.05


Tree=53
num_leaves=63
num_cat=0
split_feature=9 18 4 3 4 1 4 1 4 23 21 6 3 5 6 5 19 17 3 4 4 5 4 18 18 5 23 6 4 5 1 1 4 1 21 18 3 5 6 1 19 21 4 21 5 18 3 6 3 19 18 21 21 6 8 23 6 3 6 5 23 6
split_gain=82.9891 51.5122 29.3921 28.1317 35.4919 30.0893 21.2705 19.5874 19.2433 17.8909 14.6949 13.9765 18.4715 23.6996 23.3089 19.0438 17.5899 24.3593 19.6209 21.8188 17.0301 18.8005 16.998 15.769 21.8228 23.8582 27.7115 17.2589 25.5292 15.6901 22.257 15.2089 15.1536 16.3592 15.0945 15.0241 22.2672 18.5186 18.4105 17.4361 23.1949 14.7213 14.6722 20.7368 13.8355 19.7633 13.6524 13.4606 13.343 13.1319 16.6502 12.7425 12.6986 14.0182 18.1416 12.6671 12.3591 12.3486 15.1468 19.3199 17.2049 14.5642
threshold=1.0000000180025095e-35 1.0000000180025095e-35 0.16027336567640307 4.8322978019714364 0.97272503376007091 7.2872183322906503 0.14269424974918368 7.5430085659027108 0.0077531647402793178 0.90079322457313549 0.82743009924888622 0.83062571287155162 5.1029059886932382 0.84616094827651989 0.82257318496704113 0.71008440852165233 1.0000000180025095e-35 0.064583335071802153 4.8402345180511483 0.26977089047431951 0.70028248429298412 0.83430954813957225 0.42320513725280767 0.15192308276891711 0.22474747896194461 0.52119591832160961 2.0644315481185918 0.6701585352420808 0.027567207813262943 0.62956747412681591 6.7062506675720224 10.335724830627443 0.97272503376007091 10.129666328430178 0.34209665656089788 0.17316342145204547 5.8579168319702157 0.65934970974922191 0.72774380445480358 6.3035337924957284 0.15587044507265094 0.23139698803424838 0.033147340640425689 -0.44028824567794794 0.78225356340408336 0.064583335071802153 5.0005793571472177 0.85290363430976879 5.0401887893676767 0.53708791732788097 0.054093567654490478 0.78749999403953563 -0.30703456699848169 0.79320600628852855 1.0000000180025095e-35 -0.55059838294982899 0.88694322109222423 5.3867835998535165 0.7544783651828767 0.77195149660110485 1.3321330547332766 0.75970444083213817
decision_type=2 2 2 2 2 2 2 2 2 2 2 2 2 2 2 2 2 2 2 2 2 2 2 2 2 2 2 2 2 2 2 2 2 2 2 2 2 2 2 2 2 2 2 2 2 2 2 2 2 2 2 2 2 2 2 2 2 2 2 2 2 2
left_child=1 3 6 4 5 -1 -2 10 -3 -6 51 12 13 20 15 23 18 -18 19 -13 21 22 -10 -14 34 -26 27 -27 -29 30 -19 42 33 -22 35 36 39 38 -37 40 -25 -35 43 -15 45 -31 -24 -21 -45 52 -51 55 53 54 -17 -5 -8 58 -54 -60 61 -61
right_child=2 8 -4 7 9 -7 56 -9 11 -11 -12 16 14 31 -16 49 17 29 -20 47 32 -23 46 24 25 26 -28 28 -30 44 -32 -33 -34 41 -36 37 -38 -39 -40 -41 -42 -43 -44 48 -46 -47 -48 -49 -50 50 -52 -53 57 -55 -56 -57 -58 -59 59 60 -62 -63
leaf_value=-0.0065625934973656489 0.0072960691181521431 -0.01737676385422763 0.024176361007305653 -0.045067684222282134 0.026446072431014201 -0.024747389645806639 -0.12479644166452003 -0.0078950821853113456 -0.0049979501638970514 -0.029854635711913047 0.027371698474646024 -0.053207294094998719 -0.0018320720764299658 0.033669232653491969 -0.049416914246855626 0.028900762099321339 -0.048514555733315895 -0.091448255625774466 -0.096426211948389795 0.037090267153260283 0.017521830187486136 -0.0565791303914846 -0.015762902539277861 0.034886418708468654 0.040267306640125351 0.0079616111059412562 0.038066404843283025 0.022346257551410315 -0.071872118302760357 -0.076671931140075436 0.018278003256198889 -0.068171759759011172 -0.012069417073429102 0.0050788852760604471 0.035160556427486604 -0.018986691253037549 0.017180548156653732 -0.035894561828031225 0.041119353657697227 -0.063394346812458244 -0.09181311980988055 -0.04657909801141541 0.021864265906975142 -0.054654445899688188 0.0091161509184768223 0.032061847869844409 -0.055754037381502079 -0.077704483357651788 0.047038178904262089 -0.040633622348766017 0.037045360020930548 -0.079036088283388664 -0.025485877525711794 0.016911772832819496 -0.04995862943082291 0.0014072685903524802 0.030627030777119726 0.014404547479029712 0.026983042764040732 0.019735284096850207 0.011522444573054123 -0.10007711243954227
leaf_weight=393.48439430760482 1056.6768812064838 140.58933586424246 313.73943868943024 13.939549465430899 72.628925591590814 541.27063759112207 3.7702023410238317 1389.8484846493811 1164.3047933741618 16.574743313714862 51.395899740280584 13.594791286217513 1222.9925916356151 14.326906341477295 19.658701966749504 8.8596663251519185 14.258197778195607 7.0806037600268636 6.0614394139265633 20.875494983105458 203.0198190693045 18.44586680077191 119.80148923156958 13.501703700749205 17.321247715735808 14.778972893138414 13.890718939714132 8.4359163214103301 35.759423653362319 3.370421557017834 10.172344923834315 4.6492152146820436 99.865985952084884 41.861834402632667 81.590754338307306 14.876710947602986 46.027967447880656 11.077823728206566 70.612601457629353 20.981122780242004 3.8118589950026935 19.446040599286789 159.039643778553 20.760672535674534 186.17207524497644 154.58441587534617 25.410935716587119 1.9470472258981306 2.9982157098129383 6.8021835354156783 71.540977291064337 4.0619969198014578 46.876523178303614 23.401344573823735 29.452267871471122 787.28015056159347 1.2876851605251429 454.66876240109559 53.600127259269357 3.0972126105334636 14.325467537855728 8.2309345784597081
leaf_count=222133 132360 433005 2862 3069 4467 950681 264 525255 365737 5364 5525 2716 156672 2717 1921 1064 2929 1254 583 719 17024 10176 44132 367 858 1212 368 658 5887 1040 627 3042 9254 9476 3457 1896 1520 1459 2057 4700 414 11334 13639 9730 15154 7892 7622 312 38 919 2153 1034 8000 1702 7210 99009 3 22244 3823 124 1027 1377
internal_value=-0.000591709 -0.00253377 0.0107528 -0.00736573 -0.0142309 -0.0171077 0.00676711 -0.00423165 0.000780862 0.01577 0.00171407 0.00133606 0.000469113 -0.00319246 0.00346326 0.00393724 0.0100436 0.0134998 -0.0201268 -0.00518958 -0.00512553 -0.0077512 -0.00702077 0.000855531 0.0101545 -0.0109765 -0.0235383 -0.0384414 -0.0537914 0.0160737 -0.0292966 0.0129643 0.0044435 0.0107042 0.0174291 0.00928198 -0.00611083 0.0226479 0.0305612 -0.0338305 0.00350127 -0.0117909 0.0152123 -0.0124138 0.0184266 0.0292739 -0.0230945 0.0244461 -0.04044 0.0106628 0.0298737 4.45881e-05 0.00827756 -0.0131349 -0.0314511 0.000543531 -0.0867034 0.0105714 -0.00325065 0.0100546 -0.0250007 -0.0683757
internal_weight=9414.77 8039.3 1375.47 3270.48 1023.96 934.755 1061.73 2246.53 4768.81 89.2037 856.678 4628.22 4210.11 1893.93 2316.17 2296.51 418.117 375.638 42.4788 36.4173 1692.16 1327.96 1309.52 1575.66 352.667 90.1863 72.865 58.9743 44.1953 361.38 17.2529 201.775 364.194 264.328 262.481 180.89 84.3227 96.5671 85.4893 38.2947 17.3136 61.3079 197.125 38.0858 344.127 157.955 145.212 22.8225 23.7589 720.855 78.3432 805.282 642.512 61.7133 38.3119 801.22 5.05789 580.799 126.13 79.2537 25.6536 11.3281
internal_count=3155267 3019778 135489 1816537 1182645 1172814 132627 633892 1203241 9831 108637 770236 737010 503921 233089 231168 33226 28896 4330 3747 474755 427667 417491 181525 24853 8983 8125 7757 6545 25967 1881 29166 47088 37834 15870 12413 7001 5412 3953 5481 781 20810 26124 12485 24086 8932 51754 1031 9768 49643 3072 103112 46571 9976 8274 102078 267 36595 14351 6351 2528 1501
is_linear=0
shrinkage=0.05


Tree=54
num_leaves=63
num_cat=0
split_feature=18 5 3 9 3 3 3 15 2 4 0 15 21 5 19 23 5 3 0 23 23 18 5 9 21 23 23 23 4 5 23 21 23 5 15 19 3 15 4 4 23 23 18 0 21 15 4 23 0 19 17 15 23 5 19 5 2 23 2 5 5 23
split_gain=97.0118 50.1279 36.02 28.6394 26.9779 25.9768 22.1475 19.7357 21.9217 15.6575 18.6091 15.2156 17.2464 14.7661 14.5641 14.9301 15.0165 14.7254 15.5678 24.063 15.323 14.2873 14.3399 18.5579 14.1864 18.2183 19.0651 17.6586 16.6324 18.78 14.2821 14.0191 21.6094 14.0008 13.8875 15.6019 27.9146 16.4246 13.8171 17.3545 31.7794 13.6888 13.623 16.4502 13.1511 18.2666 12.9675 17.9285 15.731 15.2641 12.6403 12.5426 12.268 12.2549 14.7589 12.2185 21.9368 19.3005 18.5261 14.8273 13.5082 17.6231
threshold=1.0000000180025095e-35 0.73759180307388317 5.7698712348937997 1.0000000180025095e-35 4.6774799823760995 3.9415346384048466 0.89587974548339855 0.064999999478459372 3.6762205362319951 0.91776639223098766 0.74072229862213146 0.35500000417232519 0.84739193320274364 0.79884988069534313 0.72474747896194469 0.89435166120529186 0.60734370350837719 4.610145330429078 2.0976394414901738 0.11337145417928697 2.2044274806976323 0.40454545617103582 0.53476160764694225 1.0000000180025095e-35 0.54026412963867199 -0.15126845240592954 1.8707840442657473 -0.35047024488449091 0.014463642146438362 0.71690514683723461 -1.7112489342689512 0.070867896080017104 1.5602153539657595 0.5426987111568452 1.7749999761581423 0.25462962687015539 3.8815106153488164 1.3849999904632571 0.015971773304045204 0.01007167808711529 -0.11310647800564765 1.4985337853431704 0.32738095521926885 1.4697426557540896 0.050609314814209945 0.37500000000000006 0.015046761371195318 1.9238548278808596 2.9702482223510747 0.49137930572032934 0.057189542800188072 0.15500000119209292 -0.17070282250642774 0.66210022568702709 0.17752101272344592 0.51609879732131969 8.7754716873168963 0.29088154435157781 6.5687797069549569 0.65791112184524547 0.57709115743637096 2.1778662204742436
decision_type=2 2 2 2 2 2 2 2 2 2 2 2 2 2 2 2 2 2 2 2 2 2 2 2 2 2 2 2 2 2 2 2 2 2 2 2 2 2 2 2 2 2 2 2 2 2 2 2 2 2 2 2 2 2 2 2 2 2 2 2 2 2
left_child=2 9 6 5 11 7 -1 8 13 14 31 -5 34 -3 17 -16 -17 24 20 44 21 22 23 42 27 -26 -27 28 29 30 -2 32 -11 -24 35 36 -13 -38 39 -36 -41 -8 43 -19 -20 -46 48 49 -37 -48 -29 -45 -4 54 -47 58 57 59 -52 -57 61 -59
right_child=1 3 52 4 -6 -7 41 -9 -10 10 -12 12 -14 -15 15 16 -18 18 19 -21 -22 -23 33 -25 25 26 -28 50 -30 -31 -32 -33 -34 -35 38 46 37 -39 -40 40 -42 -43 -44 51 45 53 47 -49 -50 -51 55 -53 -54 -55 -56 56 -58 60 -60 -61 -62 -63
leaf_value=-0.039435315658343635 0.0068202672546413962 -0.0078482643938837023 -0.0498351576812672 0.024732452932596561 0.028306810303706222 0.0085365575796242498 -0.0081638494918151294 -0.011158538895749194 -0.086829063336267484 -0.085379346517546695 0.019016556158875514 0.0089836966377843941 -0.10317731954597936 0.031689010412296797 0.036471527094567878 0.028468318395294415 -0.07247286275561636 -0.043675411621135155 0.027882252018855015 0.00084666869784577831 -0.038549664256723459 -0.078331300327780767 0.025404834508800975 -0.10677009890695127 -0.07541514750599014 0.018528160905697779 -0.051661281436454556 -0.027127476138662565 0.017748444869590589 0.046855543169689463 -0.048047947489303598 0.00079924011188269625 0.038405591119119863 -0.0017019938354089375 0.0099093429864622676 0.027963460887507209 -0.1316405170035306 0.02963704882454947 0.025017080928113857 0.020556642615367913 -0.10286517432011129 -0.018461344794673162 0.051444319262975186 -0.071942586934633374 -0.078802444365755731 0.01403853457682196 -0.11968174430773892 0.040880390563210321 -0.09084595080293674 -0.024468853992852813 -0.046943704625048654 -0.0027936250538415294 0.0031135571664265994 0.033683419289248555 -0.095150479314586686 -0.059025830392178014 -0.056059257161783116 -0.045971400870208817 0.032317576070023231 -0.012944755285547494 0.00010036587725122241 0.043016503957227059
leaf_weight=63.308023114128446 18.334958496910982 35.46348211998702 10.115834779746363 115.58400672359858 293.01856752519961 1227.5930914317723 2178.0972596315987 350.16226785126491 4.2388369336258611 11.037323688273316 194.43973130011 105.09202509711031 2.7209435812837901 67.730916669155704 44.522571823734324 6.5356676026567566 6.398536842505564 39.333981751580723 142.66214065998793 812.7474525681464 29.800764426589012 5.2466979762539259 48.719471326563507 4.4694370386423534 5.2463817452517096 106.3190307296536 9.6699248296208662 146.44916095938243 93.044806435354985 9.0630812536619469 31.46196067604615 73.001102701062337 4.3047385015524915 1136.0999165488756 79.775581200294255 11.524343503289854 4.8014731893781564 1.7321385708637533 113.41220404696651 9.8824972480069864 9.4267284938832727 379.06301729941333 6.8924225830705828 5.9595006502931929 5.9386087304446837 7.4408695007441583 9.3426239058608243 3.1033120132051399 2.5834783971076822 8.1752918082056549 8.473176671061081 115.51328540674876 696.55332278634887 19.96718327794224 4.0510921550448984 29.955466285136936 26.40496353618073 32.083968162696692 33.005662043840857 41.750046717919759 260.90271327683149 5.8654087747272561
leaf_count=517459 9964 30819 3962 840 2151 118148 1042791 393624 731 2571 9265 3810 320 27677 3231 516 1588 15654 4963 47958 5642 1681 6093 374 3918 17937 3237 91479 17667 3477 36321 7967 266 211903 12135 773 242 11 1455 189 656 188140 254 1881 561 425 473 9 374 221 4764 22024 97893 549 428 17156 18190 17961 6373 14805 100639 911
internal_value=-0.00087509 0.0029022 -0.00772937 0.00840388 0.0163861 0.00474826 -0.0104301 -0.00541109 0.013252 -0.000869176 0.0104014 0.00902173 0.00394511 0.0181568 -0.00183773 0.0228992 -0.0230846 -0.00228294 -0.000260989 0.00451994 -0.00367157 -0.00288085 -0.00253165 -0.0159713 -0.00789598 0.00790386 0.0122849 -0.0105029 0.00466172 -0.0159764 -0.0281092 -0.00856095 -0.0504225 -0.000566884 0.00504182 -0.00678326 0.00240054 -0.0906254 0.0131798 -0.000483657 -0.0417958 -0.00969693 -0.0129329 -0.015993 0.021004 -0.00527763 -0.0355427 -0.0598757 0.00163356 -0.0789685 -0.0144427 -0.00674582 0.00228626 0.0106019 -0.028988 -0.0101536 -0.0128559 -0.00963475 0.0154024 -0.0327425 -0.00399965 -0.0314662
internal_weight=9365.61 6038.48 3327.14 2455.36 770.175 1685.19 2620.47 457.596 107.433 3583.11 282.783 477.157 361.573 103.194 3300.33 57.4568 12.9342 3242.87 2384.84 992.807 1392.04 1362.23 1356.99 172.169 858.031 121.235 115.989 736.795 151.905 58.86 49.7969 88.3432 15.3421 1184.82 358.852 146.355 111.626 6.53361 212.497 99.0848 19.3092 2557.16 167.699 160.807 180.06 37.3978 34.729 20.6212 14.1078 17.5179 584.891 121.473 706.669 31.4591 11.492 438.441 396.963 370.558 41.4788 71.7055 298.852 37.9494
internal_count=3155496 1305251 1850245 594658 23659 570999 1748390 452851 59227 710593 20069 21508 20668 58496 690524 5335 2104 685189 320390 54884 265506 259864 258183 40187 364799 25092 21174 339707 67429 49762 46285 10804 2837 217996 20348 5913 4063 253 14435 12980 845 1230931 39813 39559 6926 1963 1850 703 1147 694 272278 23905 101855 1402 853 180799 169662 151472 11137 31961 119511 18872
is_linear=0
shrinkage=0.05


Tree=55
num_leaves=63
num_cat=0
split_feature=9 3 3 0 15 5 15 0 6 14 6 13 0 15 15 6 6 2 0 5 3 23 3 0 2 15 6 15 15 17 23 5 6 6 5 3 3 23 6 5 0 3 2 3 2 3 15 0 17 6 2 0 23 5 23 2 0 3 15 3 23 17
split_gain=124.56 43.9992 33.7625 35.935 37.3594 24.614 23.983 19.3755 19.2368 18.878 21.1719 18.7082 21.9234 18.6448 16.9993 16.2258 16.4705 17.9378 19.8534 15.8417 15.6601 15.479 14.2403 14.2007 14.0087 13.7875 21.8181 13.7387 21.4267 13.218 12.8324 12.3295 14.2869 12.1728 12.0438 12.0284 11.9218 14.4631 13.7751 17.0821 35.7514 18.069 16.6904 15.6674 18.8014 30.28 15.2325 12.7859 19.5769 13.5499 17.2177 13.1321 12.3305 11.7008 11.5799 18.5951 13.5923 14.6989 16.9003 12.2435 11.504 11.2867
threshold=1.0000000180025095e-35 2.0126758217811589 5.8930234909057626 2.124262928962708 0.2950000017881394 0.6710471808910371 0.2650000005960465 1.7319090366363528 0.65206134319305431 1.2424533367156985 0.68049299716949474 1.0000000180025095e-35 -0.66672351956367482 0.095000002533197417 6.0750000476837167 0.6878679394721986 0.58622652292251598 9.4541878700256365 1.8430218100547793 0.82010149955749523 3.4175922870635991 0.96258276700973522 5.8156206607818612 2.4093282222747807 7.6125838756561288 1.7549999952316286 0.81466323137283336 2.8349999189376835 2.7150000333786015 0.23205128312110904 -2.8498268127441402 0.65517181158065807 0.70837819576263439 0.66302230954170238 0.5013861656188966 5.3589394092559823 3.9981586933135991 0.69752860069274913 0.81466323137283336 0.79418399930000316 2.3336738348007207 4.9732735157012948 6.4838714599609384 5.633000612258912 5.3683068752288827 4.4601275920867929 2.2649999856948857 2.5747989416122441 1.0000000180025095e-35 0.72641000151634227 5.9067223072052011 2.2700499296188359 1.1607641577720644 0.81129223108291637 0.66302767395973217 7.5134363174438485 2.1823079586029057 3.6242519617080693 0.2950000017881394 3.8606742620468144 0.62643295526504528 0.15587044507265094
decision_type=2 2 2 2 2 2 2 2 2 2 2 2 2 2 2 2 2 2 2 2 2 2 2 2 2 2 2 2 2 2 2 2 2 2 2 2 2 2 2 2 2 2 2 2 2 2 2 2 2 2 2 2 2 2 2 2 2 2 2 2 2 2
left_child=1 25 3 4 7 -5 -2 11 -7 19 -11 21 -13 -9 22 16 24 23 -19 27 29 -3 35 -18 -4 26 -1 28 -8 -14 -29 -16 -33 -20 -35 -6 54 60 43 -40 -41 53 -43 44 45 52 -44 48 51 -50 -51 -45 -39 -42 55 -10 59 -58 -59 -56 -38 -46
right_child=6 2 15 5 14 8 9 13 36 10 -12 12 20 -15 31 -17 17 18 33 -21 -22 -23 -24 -25 -26 -27 -28 30 -30 -31 -32 32 -34 34 -36 -37 37 38 39 40 41 42 46 47 61 -47 -48 -49 49 50 -52 -53 -54 -55 56 -57 57 58 -60 -61 -62 -63
leaf_value=-0.028133551898923498 0.029137870104357838 -0.017694441337078686 0.038168320141232691 -0.004358435244252344 -0.014716434200006177 0.042794009217556883 -0.0020316497460001657 0.021822453788867976 0.012213121048947879 -0.097096377815568471 0.031785148375448928 -0.027622300033794536 -0.039460678123751987 0.0015744243206025311 0.0020117805801658359 0.0088869182848334803 -0.013852573314674162 -0.06574986292300504 0.051867324984773006 0.016878311311508271 0.0099510985562672773 -0.0039259601346724841 -0.03554983975744009 -0.076587641746140578 -0.048644055573514935 -0.046803496829496451 0.02602905498717048 -0.069983360666473621 -0.079368925353490605 0.007858107259790614 0.010528225464128474 -0.047164494200064411 -0.0064854525754119187 0.044395224886355444 -0.083914559731854133 -0.0045001758279783208 0.0011048382853621537 -0.037350073686464362 0.032413539027084361 -0.088988742483345096 -0.072821156510480267 -0.093196280148642327 0.019671115874200763 0.035578990532970985 0.018503053513328815 -0.10482986876277525 -0.06389759296187883 0.013863896822066938 -0.0013637920768284799 0.03781662504206397 -0.081845051983111039 -0.039119771879737322 0.041119891754094057 0.030362418517861672 -0.033446608334105281 -0.027578214145403013 -0.0068217361019536644 -0.09737156876947782 -0.023930892768575737 0.061221451491821594 -0.038386259188825933 0.00063751223681719098
leaf_weight=85.060013639362296 218.2370883745607 307.23227351388778 30.407883011852391 959.23416699655354 1100.3241366137518 33.503014508984052 242.78546425746754 145.95078953687334 159.95480552696972 2.3172343997284761 131.60153660608921 50.93214642960811 30.8219153797545 503.15084680478321 375.44157676724717 1006.4808791446267 164.8795573420939 4.6118118056328958 24.238136475440118 405.87660570463049 419.77436988276895 606.82434962190746 66.646155109163374 8.6247026438359153 4.5725731062702826 58.322812815320503 22.867799396706687 4.0187895000271956 8.3019333962874935 27.000309708993882 449.81185210524563 27.817216526193079 87.679017211092287 2.5506106829270712 2.933332544984296 391.73993843252538 318.13110331440112 7.9874559041345554 139.92077919020085 8.0537541034864244 1.91933835716918 4.8812599412631235 21.639703443506736 15.711637518834324 288.61371597013203 8.017940793768501 6.1829064507037392 30.371520002139732 11.024651975836603 2.8544713741866898 22.560205277986825 8.1184050751617161 10.337553134653716 77.897341697127558 4.2491076028672969 34.93439967429731 93.949420139892027 9.5608384264633042 34.657123148732353 9.7152460218640027 18.573310887091793 127.35115471272729
leaf_count=445988 1531 147668 2275 198802 602651 2755 35062 10629 39249 454 2449 22916 30992 102849 168372 64818 24918 1891 352 9123 49362 193772 18417 771 943 489381 47181 1633 2542 8660 82732 18255 46801 18 276 108123 42129 868 5491 1535 350 285 414 724 27435 1117 505 837 675 21 2276 786 372 2217 2302 26533 22627 1869 12691 1006 3825 11846
internal_value=0.000460324 -0.0019857 -0.00144556 -0.00287015 -0.00571645 0.00190268 0.0138732 -0.00101435 0.00587857 0.0111755 0.0288519 -0.00424173 0.0032425 0.00615377 -0.0105122 0.00608954 -0.00549447 -0.0108571 0.0217249 0.0090204 0.00658484 -0.00856809 -0.0130664 -0.0173921 0.0257838 -0.0273627 -0.0165239 0.00447849 -0.00489343 -0.017607 0.00966297 -0.00239249 -0.0166037 0.0369962 -0.026594 -0.012039 0.00501292 0.00750044 0.0111812 0.0205864 0.0067079 0.014281 -0.0166667 0.00655421 0.0104346 -0.0298005 -0.000472622 -0.0122884 -0.0254785 -0.048049 -0.0674823 0.00958006 0.00675378 0.0270108 -0.00308648 0.00497605 -0.0133801 -0.0181749 -0.0416125 0.0321055 -0.00118079 0.013048
internal_weight=9489.74 8026.79 7860.54 6611.24 4141.34 2469.91 1462.95 2091.69 1510.67 1244.71 133.919 1442.59 528.529 649.102 2049.65 1249.3 242.819 207.838 34.3339 1110.79 477.597 914.057 1558.71 173.504 34.9805 166.251 107.928 704.918 251.087 57.8222 453.831 490.938 115.496 29.7221 5.48394 1492.06 1477.17 1130.15 793.444 260.495 120.574 112.521 32.7039 532.949 442.308 26.3429 27.8226 90.6409 60.2694 36.4393 25.4147 23.83 18.325 79.8167 347.021 194.889 152.132 138.167 44.218 13.9644 336.704 415.965
internal_count=3155347 3019821 2037271 1941009 1529467 411542 135526 566848 212740 133995 2903 453370 111930 113478 962619 96262 31444 28226 2537 131092 89014 341440 729191 25689 3218 982550 493169 121969 37604 39652 84365 233428 65056 646 294 710774 209985 103708 57754 10797 5306 3771 1204 46957 41638 2357 919 5319 4482 2972 2297 1510 1240 2567 106277 65782 40495 37187 14560 3308 45954 39281
is_linear=0
shrinkage=0.05


Tree=56
num_leaves=63
num_cat=0
split_feature=9 1 3 2 0 20 0 2 23 21 3 2 3 6 6 23 2 0 3 2 10 0 2 5 5 6 6 5 21 0 3 0 21 19 23 6 23 10 23 23 23 21 23 2 5 1 21 23 23 6 1 5 5 21 23 2 17 23 23 5 1 0
split_gain=101.083 50.8041 47.6744 23.0431 34.9507 21.9746 18.8558 21.8096 19.6561 16.8392 16.3935 15.9648 15.2362 14.7322 14.9498 14.817 14.6052 14.0267 14.0445 13.994 18.0534 14.5818 13.9562 13.4872 13.4695 13.4661 17.2739 15.0464 14.8383 20.4092 21.5696 20.0728 21.7995 19.1758 18.6924 17.7955 17.0176 15.2384 14.6538 14.4946 14.1687 13.1352 13.0893 12.8316 12.5725 12.4235 14.6405 12.4192 26.9668 21.397 12.3176 12.1468 12.8246 15.9382 12.0578 12.0313 12.007 16.315 14.9819 11.9117 11.8302 11.6686
threshold=1.0000000180025095e-35 5.9750802516937265 4.7405652999877939 4.610145330429078 0.32063263654708868 1.0000000180025095e-35 1.5660668015480044 5.0271592140197763 0.37618094682693487 -0.23544743657112119 4.6200466156005868 5.6039605140686044 2.1383330821990971 0.75772464275360119 0.74723264575004589 1.1115026473999026 4.8402345180511483 2.8840651512146001 4.5900437831878671 5.9467277526855478 1.0000000180025095e-35 2.4444293975830083 8.6695704460144061 0.78225356340408336 0.59397619962692272 0.66174632310867321 0.67452138662338268 0.4763853400945664 0.59488791227340709 2.4634751081466679 5.427147865295411 2.3076786994934086 0.26023267209529882 0.36515152454376226 1.0838127732276919 0.68146097660064708 0.20916203409433368 1.0000000180025095e-35 0.71487718820571911 1.2455573678016665 -0.46301294863224024 -0.14567188173532483 1.0777355432510378 5.7761018276214608 0.87110334634780895 6.3035337924957284 -0.17860347032546994 0.98140987753868114 1.3513554334640505 0.74856266379356395 6.252866506576539 0.81129223108291637 0.61001813411712658 -0.71193596720695485 -0.85041618347167958 5.2600927352905282 0.1132478639483452 0.78775012493133556 1.5969837903976443 0.65650790929794323 8.3759751319885272 1.4145705699920657
decision_type=2 2 2 2 2 2 2 2 2 2 2 2 2 2 2 2 2 2 2 2 2 2 2 2 2 2 2 2 2 2 2 2 2 2 2 2 2 2 2 2 2 2 2 2 2 2 2 2 2 2 2 2 2 2 2 2 2 2 2 2 2 2
left_child=1 17 3 4 -3 16 7 8 -4 23 11 -11 -5 14 15 51 54 18 55 56 21 -21 61 59 -19 39 42 -28 31 37 -31 32 36 35 -35 -34 40 -30 -38 -20 -29 -9 -27 -13 -14 -22 -47 -40 -49 -50 -15 52 -6 -54 -2 -1 -8 60 -59 -7 -58 -18
right_child=5 2 6 12 13 9 19 41 -10 10 -12 43 44 50 -16 -17 22 24 25 20 45 -23 -24 -25 -26 26 27 28 29 30 -32 -33 33 34 -36 -37 38 -39 47 -41 -42 -43 -44 -45 -46 46 -48 48 49 -51 -52 -53 53 -55 -56 -57 57 58 -60 -61 -62 -63
leaf_value=0.014999038359504755 -0.075741344222350182 -0.026153339570079315 -0.065868534805616122 -0.043412773849040319 0.021146436866989447 0.020430933082153779 0.012523897939737273 -0.016438074088621048 0.021112034721864958 0.030097544151179285 0.036689362469263367 -0.078581278886716205 -0.015483863696350561 -0.078868086459554121 -0.05508225844482522 -0.036974478031711076 0.021949403684605819 -0.031718030703062804 0.0074763876447615056 -0.0015657337360263067 -0.038693788316041519 -0.060360181718868471 0.013779641012413819 0.0093984194020351082 0.015023833134894813 -0.090888437795607652 -0.084367426229153247 -0.073072488841653113 0.037572752757363687 0.012487710588721453 -0.09007948579746769 0.0066613760917108873 0.027966401113618439 -0.089771478519137637 0.023968085008733549 -0.10654713131423438 -0.057159821853504461 -0.083357131765790224 0.018792582279106872 0.046468615394876886 0.037931288191394442 -0.0049764503423387393 -0.0052404577195552075 0.0073580366939298182 0.014157727264815978 -0.046291384496759617 0.027361963337299122 -0.075820336673585731 -0.066778188873933095 0.0222515553103672 0.011282867595480618 0.042214019778385348 0.045813549407615894 -0.027819154596502804 0.029800342567966143 -0.0078938100983445749 -0.064474623934114156 0.011674546607382036 -0.034666670846368687 -0.075260686869771429 0.015382197450475133 -0.002285055291482214
leaf_weight=66.174003827181878 1.8591441447642854 127.72293713386171 5.9694224399281657 46.764943603509892 33.783923156639503 4.3975612337380872 402.75320614106022 317.86650465347338 101.98186765180435 113.94834113453544 175.4806681588525 3.5003889455983872 1013.4671744853986 2.8530254426441379 14.902394134140193 25.876079039881006 54.89688733638468 15.133876713443895 59.526120555005036 2070.5367831611657 8.0043844783212972 9.6007879419485089 319.78106220121845 86.74451709954883 388.54007966878999 7.2347164958482635 3.7016344468574962 2.2514373587910113 82.651547016343102 16.465719577507119 6.3180911431554696 763.99972962902393 2.5157068346161422 4.0387016758322707 11.827472798642701 13.754715720308011 15.193683832418172 1.7725029494613398 32.386796298087575 39.285365055315197 29.318519143387675 1164.9580128866946 10.020104474620892 125.79716558344808 36.335768589255167 6.3238280937075606 102.82691590883769 14.418954926077275 7.6552918262314043 29.656646901858039 283.58344886245322 16.845338623381394 7.6821661805151953 49.257042749519314 87.839419886913674 395.01575202627282 15.982051237486305 92.889867769670673 20.426662690122612 8.5274661195799109 5.9220132529735556 444.8817884406235
leaf_count=9720 2150 472368 1615 357827 4043 421 55808 154310 5419 1662 867 358 625247 1042 19488 39158 41713 2774 4595 408664 448 1583 8923 2443 35204 1422 732 429 2477 887 562 40560 86 607 377 1854 3185 162 2104 945 1396 344495 605 7254 10215 1218 5106 2207 908 1184 142284 16713 5871 40012 4970 176169 3737 8048 2958 2032 1068 62784
internal_value=0.000201591 -0.00198495 -0.0042984 -0.0115016 -0.0032664 0.012453 -0.00153389 -0.00586062 0.0157418 0.0206622 0.0250495 0.0165366 -0.0157192 0.00350151 -0.00924784 -0.00375766 0.00775514 0.00487225 0.00278471 0.00098367 -0.000786918 -0.00186597 0.0056404 0.00216444 0.0131974 0.00573087 0.00406615 0.00490967 0.00531039 0.0228339 -0.0185464 0.00326141 -0.0126163 -0.0488473 -0.00859008 -0.0853338 -0.00341725 0.0340877 -0.0135887 0.0232891 0.0280145 -0.00744285 -0.0441632 0.00444622 -0.0144454 0.0182257 0.0227132 -0.00513962 -0.0201949 0.00271908 0.0101137 0.00449976 -0.00288686 -0.0172655 0.0268019 -0.00458368 0.00820348 -0.00466233 0.00309081 -0.0435738 -0.0431555 0.000415431
internal_weight=9431.63 8003.97 5985.12 1659.07 562.506 1427.65 4326.04 1590.78 107.951 518.396 418.727 243.246 1096.57 434.783 148.347 133.445 909.258 2018.86 1615.18 2735.27 2197.29 2080.14 819.56 99.6695 403.674 1153.99 1055.18 1037.93 1034.23 107.208 22.7838 927.018 163.018 32.1366 15.8662 16.2704 130.881 84.424 99.3114 98.8115 31.57 1482.82 17.2548 129.298 1049.8 117.155 109.151 84.1177 51.7309 37.3119 286.436 107.568 90.7231 56.9392 89.6986 461.19 537.974 135.221 113.317 12.925 21.9041 499.779
internal_count=3155473 3019896 2728745 1734268 740979 135577 994477 505839 7034 15037 10141 9274 993289 268611 125285 105797 120540 291151 253173 488638 417019 410247 113420 4896 37978 67284 61744 59717 58985 4088 1449 54897 14337 2924 984 1940 11413 2639 9588 5540 1825 498805 2027 7612 635462 6772 6324 6403 4299 2092 143326 66639 49926 45883 7120 185889 71619 15811 11006 2453 4805 104497
is_linear=0
shrinkage=0.05


Tree=57
num_leaves=63
num_cat=0
split_feature=9 0 4 5 4 0 4 17 1 0 21 2 19 23 1 18 2 21 1 5 2 5 0 4 1 19 23 0 2 1 19 17 21 2 5 2 4 1 5 1 19 21 2 23 0 4 17 23 0 4 23 2 5 5 5 0 23 5 19 1 5 4
split_gain=99.9327 52.7613 50.3362 21.835 22.9287 18.4824 18.3591 17.1802 19.5642 17.0664 18.53 20.4088 17.9167 17.2773 16.6483 15.9374 15.9263 20.1654 15.6379 15.5148 14.8539 21.0411 14.71 14.6647 20.3381 18.8133 17.8583 14.4658 13.5709 16.3875 13.8432 13.1831 13.136 15.2991 12.5596 12.4753 13.8067 18.7759 12.8328 12.3971 23.6951 19.6606 15.0516 19.2821 13.7951 13.1465 12.132 14.8607 12.0763 11.9449 15.0462 19.1251 14.3729 21.1745 13.6185 12.2464 18.2533 13.2973 12.1267 12.4993 11.9031 12.42
threshold=1.0000000180025095e-35 1.9416715502738955 0.29745921492576605 0.65791112184524547 0.17798894643783572 1.9273325800895693 0.19347286969423297 1.0000000180025095e-35 4.5053346157073983 1.9561370611190798 0.45586667954921728 9.7920112609863299 0.40370370447635656 0.20916203409433368 4.1971738338470468 0.13188406080007556 9.2941255569458026 0.42256183922290808 8.9926195144653338 0.51867213845253002 9.2467198371887225 0.82010149955749523 3.3746581077575688 0.099894959479570403 6.6234009265899667 0.03637566231191159 1.4598551392555239 2.6723568439483647 7.2671763896942148 7.405799627304078 0.49137930572032934 0.23431372642517093 -0.40458494424819941 8.0233883857727069 0.4763853400945664 8.7528185844421404 0.11363483965396882 7.3786959648132333 0.63871178030967724 8.1618027687072772 0.32738095521926885 -0.18426489830017087 5.5314092636108407 2.13365650177002 1.0239800810813906 0.76878526806831371 0.40370370447635656 1.1387766003608706 2.2700499296188359 0.70028248429298412 1.262186646461487 7.2280254364013681 0.65108606219291698 0.70338451862335216 0.74446338415145885 1.0551010370254519 1.1296476125717165 0.84015214443206798 0.12249999865889551 7.4357330799102792 0.61394307017326366 0.011285252403467895
decision_type=2 2 2 2 2 2 2 2 2 2 2 2 2 2 2 2 2 2 2 2 2 2 2 2 2 2 2 2 2 2 2 2 2 2 2 2 2 2 2 2 2 2 2 2 2 2 2 2 2 2 2 2 2 2 2 2 2 2 2 2 2 2
left_child=1 2 18 7 14 15 22 8 -3 -9 12 13 16 -12 -5 49 17 23 -1 -7 -16 -22 -2 31 26 -26 -25 35 29 -17 -30 -11 33 -24 -18 36 -10 38 -38 40 41 -31 46 44 -44 -42 -41 -48 -28 50 51 58 -53 -54 -55 56 57 -51 -4 -60 -36 -62
right_child=6 3 5 4 -6 19 -8 9 27 10 11 -13 -14 -15 20 28 34 -19 -20 -21 21 -23 32 24 25 -27 48 -29 30 39 -32 -33 -34 -35 60 -37 37 -39 -40 42 45 -43 43 -45 -46 -47 47 -49 -50 55 -52 52 53 54 -56 -57 -58 -59 59 -61 61 -63
leaf_value=-0.0098866482743949578 0.0066845702466641196 -0.049928987802581003 -0.0095933243043415505 0.0081715131789960854 0.0099391794712288782 0.032902609908289839 0.023341856024918974 0.032482649862500872 -0.026434393357642902 -0.01891656149334419 -0.062107674779695587 -0.094062805280565695 -0.025002554226855628 0.017251799247780059 -0.0070168695469702367 -0.089659698710609789 -0.07808365094454961 -0.079996819781431527 -0.020506107921269015 -0.070669760641252313 0.017051830402634586 -0.081003220759466019 -0.090495994120559697 0.017150737363029776 -0.042417278242277374 0.0024084376464195765 0.0052126461982131053 0.029256413095949365 -0.09875626333184917 -0.058722822934145914 0.025127173340488869 0.011365131848769663 0.026881033924475953 0.0093756494007173688 0.028590284578415576 0.0044605169686219295 0.0010855874392254542 -0.04140592195880255 -0.034885197649034728 0.015250911409539217 -0.090587260764498828 0.033767102004859433 0.0062831370518280447 0.030893800610632738 -0.030008377319333049 0.010097096019109835 -0.082178889350002018 0.0094190056790868608 -0.060360680927316217 -0.0012764174089553136 -0.00068444605432323256 0.030745974272044355 -0.096084179650313753 0.033097404907197849 -0.078959016608550869 0.0070911228898054013 -0.022009913619960242 0.043189238939038171 0.032808796778514754 -0.028242446196291821 0.026988583655328798 -0.073661305557143925
leaf_weight=1087.3843064337234 958.52721379969444 27.269837345462292 301.10126749143092 411.97312062152196 1127.8236315309769 3.9785272643202942 285.14617572701536 41.111096674620057 132.77030136354733 177.28140456270194 6.1245836000016416 3.4113305899081743 87.283593560496229 210.72547392555862 679.69342547503038 3.2967415516031897 2.2998662346799383 7.6311564330826505 511.07500388157496 15.593458832008762 110.44077545050095 4.7708112813561447 4.2030921686964602 200.11714147892781 37.612728315871209 59.186240787355928 14.702391663449818 24.912688829921535 5.008735742652787 5.1748595713870591 3.070811779005453 44.29808131972095 160.00302006799029 13.995689501985906 77.192652947473107 132.12920612033486 241.98121074182563 34.279002410476096 26.619083935860544 203.88388242748624 5.8175711345393193 107.93384107179008 39.343902170076035 23.913823554292321 75.543699978501536 5.8379196166060865 6.3884127591445603 10.605674105463548 12.190310047124511 307.26587175298482 487.35118519397656 40.193306613480672 5.4060430934187051 12.803311646566724 2.3900843530427656 409.13129288540222 114.28730991907651 16.784061011625454 7.9647771413438013 187.96681743046793 5.1515324056963419 5.3632426097756252
leaf_count=602840 129518 7299 141454 51452 78514 406 2522 5979 75024 67330 1965 338 18031 23183 295526 414 508 2207 1005101 4131 13083 1282 510 14451 11560 8911 1024 2947 439 1315 46 9968 2671 243 3592 21696 32535 11782 5179 29999 1073 4657 4766 997 14109 206 2099 1828 1478 73567 133236 1608 734 375 226 68895 56295 1179 608 99276 1062 673
internal_value=-0.000192553 -0.00237573 -0.00641688 0.0017276 0.00481683 -0.00184908 0.0120115 -0.00274781 -0.00926976 0.0013347 -4.51357e-05 0.0126331 -0.00388093 0.0147356 2.5742e-05 -0.00144202 -0.000979534 -0.00416236 -0.0132927 -0.04904 -0.00420091 0.0123294 0.00915129 -0.0029568 0.00382407 -0.0152649 0.011995 -0.00731807 0.00652933 0.00764212 -0.05409 -0.0128388 0.0223082 -0.0172024 0.0184071 -0.00897149 -0.0130462 -0.00710966 -0.0025954 0.00848761 0.0220033 0.029058 0.00375132 -0.00911138 -0.0176332 -0.0433442 0.011839 -0.0276678 -0.0256097 -0.00353263 -0.00710681 -0.0127065 0.0135968 -0.0197386 0.0116823 0.000878562 -0.00492301 0.00115245 -0.0159446 -0.0256067 0.021789 -0.0262883
internal_weight=9374.72 7952.84 4006.5 3946.35 2334.7 2408.04 1421.88 1611.64 619.961 991.683 950.572 220.261 730.31 216.85 1206.88 2388.47 643.027 553.019 1598.46 19.572 794.905 115.212 1136.73 545.388 323.809 96.799 227.01 592.691 495.82 487.74 8.07955 221.579 178.202 18.1988 90.0073 567.779 435.65 302.879 268.6 484.444 124.764 113.109 359.679 138.801 114.888 11.6555 220.878 16.9941 26.8927 1892.65 1045.18 557.826 60.7927 20.5994 15.1934 847.469 438.337 324.05 497.033 195.932 87.7074 10.5148
internal_count=3155922 3020458 2251879 768579 439857 643938 135464 328722 156462 172260 166281 25486 140795 25148 361343 639401 122764 116929 1607941 4537 309891 14365 132942 114722 37424 20471 16953 149163 61948 61463 485 77298 3424 753 5835 146216 124520 49496 37714 61049 7251 5972 53798 19872 18875 1279 33926 3927 2502 577453 377517 244281 2943 1335 601 199936 131041 74746 241338 99884 5327 1735
is_linear=0
shrinkage=0.05


Tree=58
num_leaves=63
num_cat=0
split_feature=0 18 3 3 2 3 18 6 5 0 14 3 15 17 1 23 23 4 15 18 0 17 6 0 5 5 18 5 3 6 15 17 1 15 18 4 1 15 17 2 6 15 15 15 15 1 23 4 1 6 2 5 0 3 3 1 0 23 0 1 1 1
split_gain=92.9863 57.0652 31.8343 29.7164 22.0509 20.6677 19.5552 18.0402 20.0909 19.9597 15.0276 20.7545 17.153 17.7718 16.1341 29.2147 34.6191 22.9033 31.587 16.6046 18.5089 16.0024 17.3342 15.5505 14.5863 16.2572 14.4986 14.424 14.2219 14.0994 14.0975 15.847 15.336 24.8916 18.8143 16.9765 13.5928 13.4803 13.9301 17.6099 13.1571 14.1706 13.0198 12.9351 22.4058 14.3832 20.2609 13.3795 15.1361 12.918 20.8176 12.7336 19.5281 18.5479 12.5618 28.8601 15.1155 12.2098 11.7532 19.454 13.641 11.8939
threshold=2.6723568439483647 1.0000000180025095e-35 3.8815106153488164 5.1789667606353769 3.9415346384048466 5.5664324760437021 0.36754386126995092 0.85290363430976879 0.75136971473693859 2.6372883319854741 1.0000000180025095e-35 3.2769666910171513 0.054999999701976783 0.23205128312110904 5.9750802516937265 0.8805140256881715 0.42868220806121832 0.015046761371195318 0.88499999046325695 0.10912698507308961 2.258269309997559 0.10912698507308961 0.63293474912643444 0.44021792709827429 0.80037999153137218 0.75304943323135387 0.12771739065647128 0.51609879732131969 6.5700526237487802 0.65644964575767528 0.024999999441206459 0.078461539000272765 5.9121499061584482 0.21499999612569812 0.15587044507265094 0.33213277161121374 3.9981586933135991 0.32500000298023229 1.0000000180025095e-35 8.6980967521667498 0.73351782560348522 0.39499999582767492 6.4149999618530282 6.4249999523162851 0.44499999284744268 6.7446477413177499 0.28262418508529669 0.42320513725280767 5.7822844982147226 0.70168063044548046 4.9380581378936776 0.56025609374046337 1.7117581367492678 2.3502402305603032 6.4588270187377939 5.0139575004577646 1.1001855134963991 -1.2657056450843809 1.802176356315613 8.4373917579650897 8.1398782730102557 8.5613055229187029
decision_type=2 2 2 2 2 2 2 2 2 2 2 2 2 2 2 2 2 2 2 2 2 2 2 2 2 2 2 2 2 2 2 2 2 2 2 2 2 2 2 2 2 2 2 2 2 2 2 2 2 2 2 2 2 2 2 2 2 2 2 2 2 2
left_child=1 2 51 10 -4 43 7 8 54 28 11 12 13 -3 15 16 17 -12 19 20 -19 22 -13 -15 25 29 -18 -2 -10 -24 -31 32 35 34 -34 -32 -28 -29 39 -39 41 -40 -17 44 45 46 -6 -48 -49 50 -23 52 53 -1 -5 -56 -57 -43 59 -7 -60 -61
right_child=27 3 4 6 5 58 -8 -9 9 -11 14 21 -14 23 -16 42 26 18 -20 -21 -22 49 24 -25 -26 -27 36 37 -30 30 31 -33 33 -35 -36 -37 -38 38 40 -41 -42 57 -44 -45 -46 -47 47 48 -50 -51 -52 -53 -54 -55 55 56 -58 -59 60 61 -62 -63
leaf_value=-0.038738029638028963 0.037673071235086522 -0.026714797302006727 0.038275957167593189 0.0012992461007196861 -0.058857601753480843 -0.031102759805995542 0.030925965765322534 -0.070598860489377177 0.016646442250966394 -0.10302138173528902 0.012028632088418381 0.019904569391892196 -0.028424618478834623 -0.041867135907645819 0.011491781946732227 0.019730166459114129 -0.12046458699122142 0.030930746625089312 -0.10084387505389752 0.033103415605916446 -0.11801479605282822 0.029002816215534206 -0.042790168611624019 0.03663878689695909 0.0096236516422176545 -0.03252858864812929 0.015694706220433157 0.021352456083267607 -0.033105879240293894 0.026728909333816955 0.015219817593618339 -0.026254318012205721 0.014126679543168763 -0.018677503538593945 -0.046173320101319783 -0.055479971934239786 -0.096564271098030174 -0.0041921848853196195 -0.082034225967323515 -0.086051272974447479 0.0079664938909855994 -0.054113960699469693 -0.061934174595887008 0.0009700775563433727 -0.017463408351353283 -0.0078970601556897831 0.028252432233589798 -0.083456156875408402 0.004927016015907091 0.003972705657574657 -0.043142098461912928 -0.027864516888596175 -0.044895122084314093 0.0474649083698011 -0.10834795707482664 -0.069642295141959618 0.020293630268676019 0.030802375010588676 0.0038822317904280874 0.027188006595458322 0.063567700936916313 -0.0042832006605873539
leaf_weight=7.7237771332802394 54.754369690825115 30.825078193498484 27.792014042614028 1526.3301192902727 8.7450392075697874 64.525984902400523 74.776565488893539 6.8507509890478095 470.164617955219 2.6145930751226834 48.267221455404069 56.070812302699778 143.58111287600332 6.8156617108761557 366.74364409027476 80.209080317872576 10.456683698677809 3.0096996603533688 12.43603484565392 12.373919071280396 3.9766905187861994 13.221636514877899 27.614417591656093 34.048977531696437 96.90911142367986 77.098873897921294 5.8881080404971708 276.74076426055399 13.91394939587917 28.810027676052414 117.70457050565165 103.6171442088671 120.45532228809316 262.22740028359112 13.498328570392912 8.1691312608309072 3.6389741254824912 51.760690083719965 2.0569601673632851 6.545718702764133 792.97348665539175 3.5045884759601895 4.2303359872312276 289.05475128508988 674.40259073927882 822.14260353433201 75.71352236327948 4.6853129980154327 32.12998047308065 861.8303903026972 33.799966905033216 227.96830514741305 14.174405112498787 21.911579475010512 3.6451540212146929 3.8384434224572024 179.21202260802966 118.15968890885415 548.74993535375688 31.776070018298924 8.7497577377362159 356.66417817916954
leaf_count=53569 2439 80714 578 179437 3427 18792 2673 666 21958 208 8550 14042 363677 22099 65520 2631 1915 29 1296 170 341 1192 12080 11853 18078 29753 266 7105 709 1180 24639 36891 18842 126301 3305 895 963 12037 287 1284 69841 850 293 117752 388991 327045 13107 838 3096 154863 13251 713769 12778 8637 238 509 5446 5893 49244 5957 743 109824
internal_value=0.000371742 -0.00162853 -0.00679507 0.00178575 -0.00527951 -0.00570741 0.00594458 0.00508438 0.00535206 0.0143063 -0.00188185 -0.00386428 -0.0185089 0.00146833 0.0054352 -0.0066018 -0.0247694 -0.00965788 -0.0419412 -0.00101068 -0.0580112 -0.00212388 -0.00679898 0.0228578 -0.00856912 -0.010901 -0.081967 0.012743 0.0151511 -0.00841232 -0.00689876 -0.00848737 -0.00491755 -0.00974393 0.00775321 0.0102303 -0.0322836 0.0116233 0.00884276 -0.014678 0.0103532 0.0254637 0.0149619 -0.00876962 -0.0105093 -0.00552497 0.010489 0.0163492 -0.0082306 0.00257063 -0.0226747 -0.0231389 0.00152416 0.024467 0.00280117 0.0150078 0.0180396 0.0279351 7.4304e-05 -0.00590103 0.00493112 -0.00164552
internal_weight=9392.28 8085.78 3216.91 4868.87 2945.13 2917.34 2281.35 2206.57 2199.72 486.693 2587.53 2036.3 215.271 71.6897 551.23 184.487 100.047 80.0636 31.7963 19.3603 6.98639 1821.03 912.175 40.8646 856.104 759.195 19.9838 1306.5 484.079 682.096 654.482 625.672 522.055 396.181 133.954 125.874 9.52708 1251.74 975.001 58.3064 916.695 123.721 84.4394 1906.87 1617.82 943.416 121.274 112.529 36.8153 908.852 47.0216 271.778 43.8098 29.6354 1713.03 186.696 183.05 121.664 1010.47 452.966 557.5 388.44
internal_count=3155356 3055620 1828147 1227473 1039394 1038816 211844 209171 208505 22875 1015629 933655 478343 114666 81974 16454 13530 10386 1836 540 370 455312 286006 33952 271964 253886 3144 99736 22667 224133 212053 210873 173982 148448 22147 25534 1229 97297 90192 13321 76871 7030 2924 854256 736504 347513 20468 17041 3934 169306 14443 788753 74984 62206 185630 6193 5955 6743 184560 134573 49987 115781
is_linear=0
shrinkage=0.05


Tree=59
num_leaves=63
num_cat=0
split_feature=9 18 3 1 15 4 3 4 13 18 3 5 5 3 14 15 2 18 21 21 4 15 4 2 21 6 5 18 2 4 15 2 2 5 1 6 21 6 15 21 21 4 6 21 2 1 1 5 1 1 19 2 15 6 18 5 1 18 18 6 15 21
split_gain=87.5402 46.9246 41.0089 30.0676 29.0389 28.9106 21.0387 18.2606 17.512 17.1404 18.7618 16.311 19.3166 15.5996 13.1154 12.5774 12.7471 12.5516 12.3641 18.7459 13.2752 12.254 26.0959 21.2989 21.1844 16.9205 11.9951 18.1795 16.8676 13.9685 13.6879 26.2541 12.8519 15.8923 16.7157 16.8931 17.9376 15.3039 15.1402 15.0455 14.9306 12.7009 15.9975 12.7366 12.6979 12.4377 19.8537 12.0689 11.9731 11.8539 11.5917 11.5817 15.2193 14.4418 11.7731 11.4366 11.8252 11.4061 13.3313 11.399 16.0612 11.7237
threshold=1.0000000180025095e-35 0.11882352828979494 2.6020033359527592 7.5430085659027108 0.23499999940395358 0.011072859168052675 4.5900437831878671 0.00027673719159793114 1.0000000180025095e-35 0.32738095521926885 2.0126758217811589 0.65791112184524547 0.65934970974922191 5.3867835998535165 1.2424533367156985 0.15500000119209292 10.39582681655884 0.78888890147209179 0.53066724538803112 0.50110971927642833 0.47919970750808721 7.0450000762939462 0.042102538049221046 8.8107547760009783 0.91864022612571727 0.82842934131622326 0.72202360630035411 0.10620300844311716 5.349482774734498 0.01716051530092955 6.4149999618530282 8.8794727325439471 6.1301383972167978 0.71690514683723461 6.0879099369049081 0.66425284743309032 -0.040157262235879891 0.78277236223220836 0.46500000357627874 0.82743009924888622 0.69192925095558178 0.44045644998550421 0.71487274765968334 0.26023267209529882 5.9175479412078866 6.140960931777955 4.1971738338470468 0.89141109585762035 9.5092220306396502 11.262538909912111 1.0000000180025095e-35 5.5510177612304696 0.11499999836087228 0.63293474912643444 1.0000000180025095e-35 0.76850682497024547 7.4647963047027597 0.15587044507265094 0.16333333402872088 0.64587956666946422 3.9450000524520878 0.1577180698513985
decision_type=2 2 2 2 2 2 2 2 2 2 2 2 2 2 2 2 2 2 2 2 2 2 2 2 2 2 2 2 2 2 2 2 2 2 2 2 2 2 2 2 2 2 2 2 2 2 2 2 2 2 2 2 2 2 2 2 2 2 2 2 2 2
left_child=1 2 -1 6 -2 15 11 -6 13 14 -11 -4 -13 48 18 -3 -17 21 19 20 -9 22 23 25 -24 57 32 28 -28 47 31 59 37 34 40 -36 38 -8 -37 -38 41 -34 -43 -44 -39 46 -35 -30 -5 -10 -42 -15 53 54 -53 56 -32 -7 -59 -31 61 -61
right_child=4 5 3 8 7 17 26 9 49 10 -12 12 -14 51 -16 16 -18 -19 -20 -21 -22 -23 24 -25 -26 -27 27 -29 29 30 55 -33 33 45 35 36 39 44 -40 -41 50 42 43 -45 -46 -47 -48 -49 -50 -51 -52 52 -54 -55 -56 -57 -58 58 -60 60 -62 -63
leaf_value=-0.029920747594719594 0.028878007963184252 0.023308714921780473 -0.016710261666395471 -0.0099072084831462962 -0.041067543080353597 -0.058596288843589528 0.017252038879101161 0.0037713316408496365 0.005686419344382472 -0.051851946262078299 0.028669393343011308 0.064044087811831713 -0.0028032974782730988 0.026187846658219684 0.024405049957106222 -0.03551853653528083 0.037998384713223664 -0.052522682385086665 0.020092198146180951 -0.10171286076542824 -0.12131338309010697 0.024662388632756618 0.0079291658046401325 0.0081933941880591426 -0.060498380687996567 0.0035315819757968676 -0.084702054423576506 -0.092748864211841558 -0.054141322382301897 0.049643020528684002 -0.075978331982002822 -0.071568192732173158 0.0074408312576878938 0.035094580510859417 0.0092301494942402303 -0.054549303121491623 -0.0010481408480780276 -0.074225465274221539 -0.014646601495757888 -0.059778412702659905 -0.027987375154002105 -0.081007200045400796 0.011083744921984613 -0.066072641804728757 0.012899530674092519 0.045957808481790895 -0.086718862499961816 0.029707159411345309 -0.021595815756585125 -0.019727400208198513 0.040442589873674037 -0.02061436528153622 -0.0032893321354033156 -0.037463009589853595 0.050948881379866542 0.041844658563375291 0.049920122337993672 0.054843474393288211 -0.026769746401340184 0.0087203570803848357 -0.049054796919908064 -0.010103118538590831
leaf_weight=152.85843172578097 200.91436825681012 12.05616405715409 281.43172928123386 1239.1179298433708 17.413874412675796 28.467822248116136 264.65353574277833 833.51614971991512 357.64668918470852 6.7152053511235854 145.17771228420315 10.127853048848918 373.8920689697843 29.576501690316945 95.822497972287238 74.666034824273083 5.5884263217449179 8.2448713728517742 119.02389351464808 3.2593856687599319 1.1273276670835901 82.41422982380027 1596.7438990613737 102.39409362408333 10.403458838234654 48.849235581146786 5.2911491472041225 4.7719779054168603 20.230926866643134 10.087518358719533 3.8464587911730623 12.392769219470209 466.28972291899845 7.8999863159842771 181.00422403577249 30.835228052688763 352.90537395013962 7.6879255612147954 98.958845163986553 10.254111407091839 6.3453892887337124 7.9149591198656699 25.220778177957985 5.7253492721356443 7.5764779146993533 34.465909461257979 4.3808837305987254 4.6902514235116533 266.65425035949738 51.627776094595902 49.152250195271336 12.927443361608313 995.38035058655078 62.1690815021866 8.8327644233359006 29.565501641132869 2.1653070519678295 4.4242127423058255 77.568335608215421 189.95039861835539 16.140077963122167 144.942442080006
leaf_count=878494 1425 34139 158383 615035 67164 13426 23543 55092 62855 1624 2288 1722 148847 2784 1504 164667 183 1875 5638 653 83 5875 163849 9344 4172 6993 939 618 3865 299 756 2232 36880 166 26278 7716 47103 1121 33304 3357 596 674 574 335 440 2014 856 94 190587 19348 1474 6155 246823 22327 533 780 44 346 30408 17925 3674 12902
internal_value=-0.000107869 -0.00216465 -0.00444722 -0.00375832 0.0113035 0.00433957 0.000107816 0.00839291 -0.00717188 0.00914136 0.0247937 -0.0075891 -0.000878554 -0.00867684 0.00686162 -0.0228578 -0.0299946 0.00563182 0.00508126 0.00292755 0.00345741 0.00590432 0.00506436 -0.00955176 0.00744887 -0.0209372 0.00266446 -0.00457913 -0.00341291 -0.00222946 2.58238e-05 -0.00282553 0.00472638 0.00260073 0.00150485 -0.00379937 -0.00859259 0.0144129 -0.0244709 -0.00286604 0.00787649 0.005139 -0.0219741 -0.00481239 -0.0328467 0.0309058 -0.0116169 -0.0378235 -0.0119901 0.00244033 0.0322617 -0.004171 -0.0050264 -0.0253463 0.00939635 0.0292201 -0.0299801 -0.0316927 -0.0217582 -0.000275332 -0.00184676 0.000567687
internal_weight=9322.38 7899.41 5847.59 5694.73 1422.97 2051.82 2670.8 1222.06 3023.93 1204.64 151.893 665.452 384.02 2614.66 1052.75 92.3106 80.2545 1959.51 956.927 837.903 834.643 1951.27 1868.85 261.704 1607.15 159.31 2005.35 444.075 439.303 434.012 409.09 373.513 1561.27 1281.35 1234.61 673.958 492.954 279.918 129.794 363.159 560.648 505.151 38.8611 30.9461 15.2644 46.7468 12.2809 24.9212 1505.77 409.274 55.4976 1108.89 1079.31 83.9293 21.7602 35.5773 6.01177 110.46 81.9925 361.12 351.033 334.893
internal_count=3155200 3019729 2584452 1705958 135471 435277 539511 134046 1166447 66882 3912 308952 150569 1084244 62970 198989 164850 236288 61466 55828 55175 234413 228538 60517 168021 51173 230559 44128 43510 42571 38612 37032 186431 161327 158291 117758 91480 25104 41020 50460 40533 38463 1583 909 1561 3036 1022 3959 805622 82203 2070 278622 275838 29015 6688 1580 800 44180 30754 34800 34501 30827
is_linear=0
shrinkage=0.05


Tree=60
num_leaves=63
num_cat=0
split_feature=0 18 3 3 1 15 4 15 3 1 1 6 6 1 3 5 1 6 6 18 19 1 4 1 3 5 4 4 15 5 18 4 19 3 6 15 5 1 5 5 6 3 1 9 0 13 0 5 1 15 6 19 15 1 9 6 4 18 4 1 1 6
split_gain=82.7192 46.9486 31.4741 19.7432 16.1948 15.2334 19.3445 24.6678 13.3147 20.0173 24.5458 16.5686 16.9917 16.4558 13.0722 13.0228 14.3399 12.8432 22.136 34.0432 21.3756 16.952 15.9778 15.3221 15.1429 15.0129 14.1657 16.8764 24.4652 17.0968 14.1186 12.8039 23.5549 15.1764 13.5731 13.3761 14.796 13.5404 12.2089 25.2321 20.5226 13.01 16.0997 12.1779 12.4636 12.9728 14.6428 12.0517 11.838 11.5038 13.5206 11.4898 16.6322 14.2292 11.4124 11.3278 11.3278 11.2365 21.476 11.2073 12.3043 11.1235
threshold=2.7140035629272465 1.0000000180025095e-35 3.8815106153488164 5.3156630992889413 4.5053346157073983 0.18500000238418582 0.00058631054707802843 2.6750000715255742 6.1580102443695077 5.3107368946075448 5.7822844982147226 0.76307687163352977 0.75318580865859996 5.1209788322448739 4.8789997100830087 0.76344707608222973 8.5196900367736834 0.68963390588760387 0.7076438069343568 0.037749288603663451 0.04446640424430371 5.9121499061584482 0.2464374974370003 7.5430085659027108 5.8579168319702157 0.47049582004547125 0.44887532293796545 0.031905721873044975 2.7649999856948857 0.72379714250564586 0.20344828069210055 0.027123312465846542 0.03637566231191159 4.6959142684936532 0.72505405545234691 2.8549998998641972 0.67678257822990429 6.140960931777955 0.64007961750030529 0.57413053512573253 0.76105555891990673 5.5664324760437021 6.252866506576539 1.0000000180025095e-35 0.65844118595123302 1.0000000180025095e-35 1.1942520737648012 0.49793130159378057 5.9121499061584482 0.35500000417232519 0.64238628745079052 0.040833333507180221 0.2950000017881394 9.1016964912414569 1.0000000180025095e-35 0.77566984295845043 0.0043706775177270183 0.23431372642517093 0.90023696422576915 6.535966396331788 5.4909996986389169 0.79230087995529186
decision_type=2 2 2 2 2 2 2 2 2 2 2 2 2 2 2 2 2 2 2 2 2 2 2 2 2 2 2 2 2 2 2 2 2 2 2 2 2 2 2 2 2 2 2 2 2 2 2 2 2 2 2 2 2 2 2 2 2 2 2 2 2 2
left_child=1 2 -1 5 -4 43 -7 54 13 -10 -11 12 47 -6 -2 16 17 21 19 -19 25 -5 23 -22 26 -21 27 -20 38 -30 -23 32 56 -33 -34 -35 37 -37 39 40 -29 -40 -43 44 -3 46 -46 -12 -31 51 -51 55 53 -53 -8 -18 -9 -48 -59 60 -28 -60
right_child=14 3 4 15 8 6 7 31 9 10 11 -13 -14 -15 -16 -17 49 18 24 20 22 30 -24 -25 -26 -27 59 28 29 48 -32 33 34 35 -36 36 -38 -39 41 -41 -42 42 -44 -45 45 -47 57 -49 -50 50 -52 52 -54 -55 -56 -57 -58 58 61 -61 -62 -63
leaf_value=-0.022944937044874547 0.0085319157612503485 -0.010729849101302201 0.018501137694700364 0.036524512609590672 -0.038793212201038041 -0.039897554298514243 -0.0089878937879263494 0.010642675694879176 0.042527393657538222 -0.084443367707795369 -0.058194709272956349 0.031043862178725391 -0.083459523172538519 -0.0060837616398025157 0.019496349863883308 0.013191514381358167 -0.0063905850150733842 -0.084625197376013331 0.011524306035190345 0.04615833988169081 -0.072635260703478033 0.0098177540931476213 0.029383281179240928 0.026956021208314591 0.012264010926833097 -0.079209861174891039 0.016660238797023639 0.02412882627095092 -0.068421468088052689 -0.082515196255346535 -0.080067763580972451 0.024781447846922308 0.015894366273891538 0.025114516104787401 -0.0024744564428124715 -0.095007208745252092 0.0083350922407002346 -0.018683187932475052 0.019999841939360753 -0.05994507982510764 -0.076284698330998255 0.0084348761900719868 -0.051887186743648978 0.025391608066356694 -0.035839666567269383 0.016983283331183041 0.0063865126117574099 0.002481553414041251 0.027986618647858393 -0.060341955095839464 0.010246010390439394 -0.044785639820942427 -0.075484162017693243 -0.0054062844104659866 0.0023507209120168103 0.035929449782556348 -0.038328837117130393 -0.051844007635901725 -0.071755266120019853 0.018520340812249094 -0.051792444266919015 0.038510168423569635
leaf_weight=262.73193114135211 769.51999679412256 135.65360383653024 71.12942718656268 71.594239454250783 38.080351655720733 34.67437862371662 1102.7176456345624 14.738395102307548 30.665866722469218 7.2741130905924356 7.6007338583003721 42.278856180841103 5.3918748794822013 2555.2174789012643 422.10243955510668 408.78804155893158 113.95933145959862 16.011417634086683 82.049387754173949 2.2461126900743684 8.2636510041775164 159.52928739076015 34.31487095344346 5.914335348061285 431.01752150047105 11.645913377287796 12.293103357078509 26.467218317324299 29.898188742692582 2.1563681517727664 3.49806399794761 138.43007498160296 158.4485602460918 33.206959955743514 271.7373357612887 6.8577463719993821 37.420625992352143 25.184812187158968 56.655430854298174 25.962106884922832 5.2501864092191672 27.134698762209155 17.409633465693332 64.536229261546396 24.315964149747742 184.19768884961377 336.75366158923134 167.80457779980497 9.4503865909064171 6.1581861943704999 132.0529784434475 29.902411593007855 11.920986800454555 90.376733989454806 277.32002725788334 17.334274252760224 51.689060104021337 22.82490623916965 1.7583420323207963 114.47028755676001 12.237466234946622 13.862664092448538
leaf_count=791391 78844 128017 7815 1251 9993 269294 371068 11351 596 622 1631 2047 846 999357 8037 15507 22869 2953 5292 59 975 12793 1071 730 15781 2256 259 1695 6988 278 697 22795 36440 5398 82576 1080 5496 9547 4860 4070 681 1097 2858 491 12254 27239 40862 17334 902 2925 25536 5673 3798 15208 20949 1170 21436 3959 283 5394 686 259
internal_value=0.000134702 -0.00167515 -0.00639911 0.00139147 -0.00490581 -0.00120885 -0.00338199 -0.00276557 -0.00549538 0.00525324 0.000128664 0.00325095 -0.00338334 -0.00657884 0.0124289 0.00525427 0.0031768 0.0059836 0.00333996 -0.0219186 -0.00474346 0.0164134 0.0111366 -0.032052 0.00568584 -0.0572015 -0.00105502 -0.00748002 -0.0152801 -0.0489843 0.00741271 0.00461112 1.49622e-05 0.014039 0.00431243 -0.0005443 -0.0129929 -0.037399 -0.00622407 -0.0243746 0.00568377 0.00425821 -0.0157629 0.00475482 0.00287077 0.00604446 0.000971278 -0.000462682 0.00254012 -0.00496124 0.00669 -0.0110749 -0.0214213 -0.0154849 -0.00670933 -0.000573852 -0.0274667 0.00344585 -0.0218208 0.01196 -0.0181796 0.022528
internal_weight=9292.09 8100.47 3188.18 4912.29 2925.44 2936.33 2152.43 2117.75 2854.31 261.016 230.35 223.076 180.797 2593.3 1191.62 1975.96 1567.17 1165.47 930.848 78.3963 62.3849 234.622 48.4929 14.178 852.452 13.892 421.434 282.434 200.384 41.5049 163.027 737.714 496.613 241.1 430.186 102.67 69.4632 32.0426 158.879 57.6795 31.7174 101.2 44.5443 783.903 719.367 583.713 399.516 175.405 11.6068 401.705 138.211 263.494 132.2 120.279 1380.04 131.294 66.4275 375.2 38.4459 139.001 24.5306 15.621
internal_count=3155619 3068738 1831632 1237106 1040241 1070794 857430 588136 1032426 23076 22480 21858 19811 1009350 86881 166312 150805 73626 58885 8044 5091 14741 2776 1705 50841 2315 35060 28721 23429 8168 13490 196119 151803 44316 119016 21521 16123 10627 15261 6446 2376 8815 3955 213364 212873 84856 57617 18965 1180 77179 28461 48718 24679 20881 392017 24039 32787 45363 4501 6339 945 542
is_linear=0
shrinkage=0.05


Tree=61
num_leaves=63
num_cat=0
split_feature=14 3 15 1 3 15 6 14 1 3 5 5 5 15 5 17 2 17 17 19 17 6 6 21 6 3 15 6 5 19 15 15 3 5 15 17 15 21 3 21 21 23 3 1 19 21 23 1 6 1 21 21 17 6 1 19 21 5 19 21 19 2
split_gain=65.3088 42.1708 33.5977 33.9172 24.7065 24.2516 22.2353 19.52 17.5419 15.5724 15.4488 29.984 22.1982 19.4316 15.4158 16.0835 15.415 13.7629 13.6494 13.6281 13.0858 13.0544 12.9532 12.8623 23.1904 12.8573 12.836 12.4648 11.9807 12.5702 13.956 13.463 19.0707 22.5814 12.9283 12.2129 11.9628 11.634 11.634 17.0385 11.573 11.242 15.4272 12.7525 13.2478 11.3968 11.1377 11.1335 10.9035 10.827 10.6882 10.654 10.4062 17.9974 17.518 29.7958 16.7128 14.4662 14.3914 18.8029 14.1703 11.1868
threshold=1.0000000180025095e-35 5.3302974700927743 0.12499999627470972 7.5701854228973398 2.6020033359527592 0.39499999582767492 0.74723264575004589 1.2424533367156985 11.019128799438478 5.3156630992889413 0.76687467098236095 0.7288590967655183 0.83722442388534557 0.17500000447034839 0.60734370350837719 0.035098522901535041 5.6954128742218026 0.20344828069210055 0.10912698507308961 0.048809524625539787 0.48913043737411505 0.65500557422637951 0.74007427692413341 0.16918125003576281 0.78952169418334972 4.388237953186036 0.42499999701976782 0.59976598620414745 0.85076484084129345 0.14550264924764636 6.7349998950958261 2.3549998998641972 4.2268071174621591 0.85547140240669262 1.8450000286102297 0.55050507187843334 7.1250000000000009 0.76990297436714183 5.3351285457611093 0.3039564341306687 -1.1334757804870603 1.0345354676246645 4.9089648723602304 9.4178423881530779 1.0000000180025095e-35 0.60566991567611705 2.3214970827102666 3.5114340782165532 0.68146097660064708 5.9750802516937265 0.87089255452156078 0.23698861151933673 1.0000000180025095e-35 0.66544634103775036 5.7153801918029794 0.44222222268581396 0.32864001393318182 0.69690319895744335 0.11882352828979494 0.76990297436714183 0.30901856720447546 9.8751802444458026
decision_type=2 2 2 2 2 2 2 2 2 2 2 2 2 2 2 2 2 2 2 2 2 2 2 2 2 2 2 2 2 2 2 2 2 2 2 2 2 2 2 2 2 2 2 2 2 2 2 2 2 2 2 2 2 2 2 2 2 2 2 2 2 2
left_child=1 2 8 28 27 -2 10 20 16 46 11 13 17 14 15 21 18 37 19 23 -7 -3 25 24 -1 -20 49 -5 -4 31 34 32 -30 -34 35 -31 50 -12 -13 51 -10 45 43 44 -43 -24 -6 -17 -9 -15 -14 -40 54 56 55 -28 60 -56 59 -55 -54 -60
right_child=5 6 3 4 9 7 -8 48 40 -11 12 38 36 26 -16 47 -18 -19 22 -21 -22 -23 41 -25 -26 -27 52 -29 29 30 -32 -33 33 -35 -36 -37 -38 -39 39 -41 -42 42 -44 -45 -46 -47 -48 -49 -50 -51 -52 -53 53 58 57 -57 -58 -59 61 -61 -62 -63
leaf_value=-0.057061152314634073 0.022526191964479626 -0.033092264679363569 -0.0041609976085111673 0.063494196982090231 -0.010060464989211287 0.0025843713734689244 0.0079199855313031586 -0.056934707442044909 0.061153756678616139 -0.056940918300858616 0.02675547020374382 0.051839748622325349 -0.10777987108720376 0.020570429740873118 -0.0013809299620019806 0.050164587831585443 0.043640766549911947 -0.076995501425820762 -0.048029944995023832 0.0059316921464871511 0.025461777659775767 -0.00025278157083868382 0.023414920857070115 -0.0039516953309676837 0.026395547942378379 0.0047665176990743041 -0.078623236361148416 -0.043794759504646653 0.018712402009345167 0.0079399598306486002 0.036068837332009045 0.037694126980618581 0.033084809760623592 -0.076103104857717652 -0.03825595866185072 -0.058731675238055905 0.036091263726631483 -0.072843461894759876 -0.035309296404359473 -0.080705887322029879 -0.026375212876001409 -0.049775140335916034 -0.059771223273878404 -0.01416211815854539 0.027027010708705352 -0.038082844766148712 -0.057588662418747251 -0.057636808159706891 0.027472188000656029 0.0040931687214285318 0.0256811951244902 0.019968832667088897 0.012819738751128627 -0.026179888114694579 -0.0025829805723085789 0.011722033091539462 0.045017227113616332 -0.052424673639628917 0.009377191450572378 0.041019368797165431 -0.064994150980163895 -0.041289041567417473
leaf_weight=32.532754547159129 305.55957853549626 49.96183675766224 1993.7130545013497 1.9583394973669772 1384.0898606003757 901.10415433555318 1253.6387052402133 3.0403553794603786 3.0968349782197029 17.339773901330773 118.11351615947206 2.8842547333333632 5.9963911076774803 119.60861626430415 190.09894535702188 1.8197326660156239 25.865775495418347 2.4863649758044621 15.688049904667421 205.67213401086337 66.198868529310857 74.544194327201694 219.85999240707315 95.464709992687858 10.409308183428946 36.819268506253138 20.508291700971313 73.961225429065962 60.266540946307941 60.614584494062001 16.961319346766686 51.562607409818156 6.6752059026621309 12.166649148915893 30.568474844083539 6.7306035428191526 2.2601077592698857 2.0688477410003534 36.186068723734934 16.9384798144456 58.64299025299988 5.232867129976511 8.2283373721875233 41.57156874192151 63.751705261449388 6.9286712533357777 11.486590593223807 34.804097420885228 123.27577461948385 579.89660859812284 1.4835722809657452 10.66558653116226 43.788369577028789 84.692677737155464 378.43820658279583 15.453163901111109 43.373334834584966 14.147917164023964 159.98192733287578 10.942647316143846 5.7313432533992446 10.701244186726397
leaf_count=46028 2849 20781 624096 7313 775052 127305 99978 467 793 9983 6127 198 772 3780 37526 1 3450 537 32014 87066 2574 16543 30236 26566 2281 4349 2439 545549 13735 9773 3451 15484 181 1174 21829 1734 66 446 8197 4800 202776 1382 1679 60107 5316 3049 7310 13132 2427 99918 30 910 7382 18569 94993 774 2079 4837 25897 515 1964 1860
internal_value=0.000145337 -0.00162901 -0.0047429 -0.00676788 -0.0126142 0.0100931 0.00268342 0.00660181 0.00435245 -0.0111025 -0.000540733 -0.0016917 0.0159085 -0.000488291 -0.0110485 -0.0223754 0.00642166 0.0217918 0.00506752 -0.00222426 0.0041747 -0.0135893 0.0113599 -0.0142996 -0.0366906 -0.0116107 0.00201134 -0.0402378 -0.0028769 0.00752396 -0.00452774 0.0180727 0.00497269 -0.0377026 -0.0118537 0.000514828 -0.0533169 0.024454 -0.0343771 -0.0390153 -0.0210801 0.0148736 0.00238187 0.00750205 0.0205732 0.0213772 -0.0104926 -0.0510895 0.0250093 0.00693596 -0.0814024 -0.0225711 -0.00236482 0.00390638 -0.00761823 -0.0405338 0.0227306 -0.0045078 -0.00272005 -0.018146 0.00270542 0.0059786
internal_weight=9248.25 7849.07 4557.86 3728.09 1488.84 1399.18 3291.22 1093.62 829.765 1412.92 2037.58 1905.17 132.409 1838.49 351.229 161.13 768.025 122.669 742.159 344.079 967.303 124.506 398.08 138.407 42.9421 52.5073 1487.26 75.9196 2239.26 245.546 114.875 130.671 79.1084 18.8419 97.9137 67.3452 9.74007 120.182 66.6744 63.7901 61.7398 345.573 118.784 110.556 68.9846 226.789 1395.58 36.6238 126.316 699.505 7.47996 46.8517 787.759 359.212 428.548 35.9615 92.893 392.586 266.318 95.6353 49.5197 170.683
internal_count=3154429 3018807 2543756 2036664 1345207 135622 475051 132773 507092 792345 375073 367095 7978 352990 87983 50457 303523 7110 300073 161941 129879 37324 138132 74875 48309 36363 265007 552862 691457 67361 36787 30574 15090 1355 33336 11507 868 6573 14105 13907 203569 101769 68484 66805 6698 33285 782362 13133 2894 103698 802 9107 161309 58266 103043 3213 11425 99830 46841 19084 9346 27757
is_linear=0
shrinkage=0.05


Tree=62
num_leaves=63
num_cat=0
split_feature=0 18 3 4 15 15 5 1 5 4 23 3 4 14 3 3 2 2 18 23 15 4 23 5 0 9 1 1 1 18 15 5 19 19 5 0 19 19 19 23 3 14 23 0 23 3 1 1 23 14 5 15 5 4 0 23 19 1 3 3 23 15
split_gain=98.6231 31.754 30.5272 24.1048 19.4913 23.9595 20.4692 19.2647 18.3718 18.276 16.8839 16.4121 16.0299 17.4983 17.74 15.0107 14.1943 13.7514 13.6515 13.4227 12.9573 12.7448 17.7124 15.7244 14.2022 12.5036 18.6461 26.9807 12.4483 12.323 16.7913 11.6578 11.5865 11.3454 11.9798 11.2544 22.2731 11.179 11.1261 10.4158 10.2193 9.79304 11.9181 9.75501 12.4146 11.9982 15.0986 14.1538 11.4117 9.5488 9.39386 17.0635 14.836 16.4192 12.1277 11.4089 10.337 23.6047 13.1691 15.8103 11.7181 10.3909
threshold=2.3626756668090825 1.0000000180025095e-35 5.5587549209594735 0.97272503376007091 0.32500000298023229 2.745000004768372 0.775396227836609 4.1971738338470468 0.85238444805145275 0.0062377946451306352 0.29088154435157781 0.89587974548339855 0.0034825457260012631 0.89587974548339855 6.5123665332794198 5.4868674278259286 9.7668800354003924 4.9380581378936776 0.033908046782016761 0.39651830494403845 0.024999999441206459 0.046170359477400787 0.22880109399557116 0.91888117790222179 2.7140035629272465 1.0000000180025095e-35 6.140960931777955 5.7822844982147226 11.194027900695803 0.1695402339100838 0.16499999910593036 0.53273522853851329 0.033908046782016761 0.3390804678201676 0.60734370350837719 2.4093282222747807 0.057189542800188072 0.59545454382896434 0.067816093564033522 -1.7112489342689512 3.1984648704528813 0.89587974548339855 0.50352385640144359 3.1131258010864262 1.4209734797477724 4.8789997100830087 3.9981586933135991 6.351757526397706 2.1778662204742436 1.2424533367156985 0.56816917657852184 7.1349999904632577 0.5408538579940797 0.090304773300886168 1.0551010370254519 -2.3668380975723262 0.29289215803146368 6.8238298892974862 3.8815106153488164 4.9380581378936776 1.653209447860718 0.21499999612569812
decision_type=2 2 2 2 2 2 2 2 2 2 2 2 2 2 2 2 2 2 2 2 2 2 2 2 2 2 2 2 2 2 2 2 2 2 2 2 2 2 2 2 2 2 2 2 2 2 2 2 2 2 2 2 2 2 2 2 2 2 2 2 2 2
left_child=1 2 3 11 6 7 43 17 9 41 15 -1 18 14 -14 -8 49 -6 -7 28 -11 23 24 35 -23 40 27 -27 -5 38 -31 -21 -24 34 -18 36 -9 -32 -10 -20 -22 -3 -43 45 -45 46 48 -47 -2 -13 51 52 53 -28 -54 -56 57 58 -52 -60 -59 -62
right_child=4 8 -4 19 5 12 10 21 29 20 -12 16 13 -15 -16 -17 33 -19 39 31 25 22 32 -25 -26 26 50 -29 -30 30 37 -33 -34 -35 -36 -37 -38 -39 -40 -41 -42 42 -44 44 -46 47 -48 -49 -50 -51 56 -53 54 -55 55 -57 -58 60 59 -61 61 -63
leaf_value=-0.039723733641710918 -0.11204347536594075 -0.026209279501661076 0.00028912468496141948 -0.065199991612332447 0.034542399126939488 0.029639069462437908 -0.09556230748987829 0.04077209881941448 0.029970461533509997 0.017041702168216353 0.02804421030600034 -0.01278638690023795 0.011212954113805089 0.030568833223882753 -0.05598673149408942 0.011451263471685652 0.0020499332939056406 0.0043041156763021175 0.03457553473745293 -0.045902083866279891 -0.020882469878625104 0.025229449969334218 -0.029667695815450243 0.048421966159862044 -0.053502853916498075 -0.0020758653648117876 0.023648476990300073 -0.095234491372062136 0.03889134353445875 0.013641173467537938 -0.064866352713277828 0.016961455306409686 -0.0026232692852504679 -0.026041611567816422 0.046149428953814658 -0.034083586967235513 -0.04880985152438911 0.020984658211778206 0.0073543116358975522 -0.059760837609396204 -0.0017051616406347097 -0.052092578567159556 0.03328008013291784 0.037144551567730964 -0.057892087557724861 0.012056032376657011 -0.0055896670651660483 -0.081849024929035133 0.032904424757913803 0.036587345548722512 -0.10924162218323041 -0.10327635841379504 0.035994354834362065 -0.097646965092610935 0.032839682816966163 -0.10439786622545176 0.026700474046381852 0.017447995506187777 0.017125801848353814 -0.11023090442367794 0.025287610516839944 -0.099223597500467983
leaf_weight=52.2677056176326 4.8962868824601165 103.42007827016278 917.62124432646669 9.6217452392447722 39.178828837946639 7.6344352548185297 4.2803015240060622 15.389587089608542 95.898196725422167 100.33822541720292 283.5141699766973 1669.7135788631167 667.91262096787977 125.04340359894559 8.9912829142995161 8.1552855336340127 42.487985213214415 594.94249364262214 2.8025221564021257 6.8760227294405913 70.163147037994349 68.96491791959852 51.382923555094749 6.7350463365291935 5.3065738905570461 36.61980473191943 37.467971764854155 8.8823949333745968 3.1792060650186604 28.928625386310159 15.0091743884841 127.21160018519731 163.29276020998077 17.67642517418426 23.243918030144414 88.553188625723124 11.036204504613123 4.4330067380215032 125.97363549183501 17.330454731163623 2938.3994960867858 4.5268328601232524 14.97924450310529 39.471428369637579 2.8680234709172501 206.37182722974103 72.06786204216769 3.1042594849131993 1.2670098221860824 8.915157971379811 4.889052971906497 3.2479820152511811 2.4816502135945466 2.0259255974087855 1.4028911910718305 6.3011478451662697 119.20028277789243 121.30834568932187 8.9976752283982915 2.2454974283464244 2.2347497195005408 3.1966296358732507
leaf_count=511173 649 338286 183583 2640 1109 6874 563 4354 27767 12335 5758 1007483 50266 1021 514 108 15457 59313 1007 3374 66513 8366 10582 481 1330 1458 2308 913 253 3499 24849 19148 18528 13161 7221 55326 7877 3664 58933 20655 563119 4367 1652 748 279 7272 8673 571 15 236 909 318 59 197 21 970 2502 4565 186 123 12 394
internal_value=-0.000118745 -0.00326449 -0.0072384 -0.0107588 0.00836016 0.0058036 0.0159941 0.000763615 -0.000301579 -0.00124867 0.0255236 -0.0123362 0.0121414 0.0134431 0.0102391 -0.0297537 -0.0115017 0.00622382 -0.024613 0.00867631 -0.000574568 -0.00766238 -0.0019221 -0.021163 0.0189681 -0.00110412 0.00768255 -0.0219181 -0.0384033 0.0122462 -0.0104553 0.0134219 -0.00920393 0.00854923 0.0181021 -0.0256214 0.0029444 -0.0452225 0.0172202 -0.0456144 -0.00215919 -0.0201159 0.0118932 0.00739789 0.0295196 0.00405144 -0.0125515 0.0102822 -0.0818123 -0.0125025 0.0120142 -0.00709236 0.00110976 0.0151686 -0.0498847 -0.0785054 0.0158853 0.00673908 -0.0484389 -0.0152359 0.0140867 -0.052027
internal_weight=9241.88 6741.39 2878.81 1961.19 2500.49 1874.5 625.996 1044.78 3862.57 3592.33 295.95 1814.3 829.715 801.947 676.904 12.4356 1762.04 634.121 27.7674 146.889 3469.4 410.661 288.947 121.714 74.2715 3369.06 360.502 45.5022 12.801 270.243 48.3708 134.088 214.676 83.4083 65.7319 114.979 26.4258 19.4422 221.872 20.133 3008.56 122.926 19.5061 330.047 42.3395 287.707 78.2312 209.476 6.1633 1678.63 315 52.9276 49.6796 39.4939 10.1857 7.70404 262.072 142.872 16.1322 11.2432 126.74 5.43138
internal_count=3155887 2883648 1763729 1580146 272239 247603 24636 167266 1119919 1001207 6429 1554731 80337 51801 50780 671 1043558 60422 28536 25415 656902 106844 38806 68038 9696 644567 14935 2371 2893 118712 32012 22522 29110 35839 22678 67557 12231 28513 86700 21662 629632 344305 6019 18207 1027 17180 9337 7843 664 1007719 12564 3873 3555 2505 1050 991 8691 6189 1218 309 4971 406
is_linear=0
shrinkage=0.05


Tree=63
num_leaves=63
num_cat=0
split_feature=18 0 4 1 6 4 5 4 6 13 15 21 23 6 19 21 23 18 18 4 23 18 14 4 15 5 17 18 23 0 15 21 15 21 15 6 6 19 0 23 20 19 1 5 6 4 4 6 21 1 4 21 23 5 6 5 5 4 17 23 23 0
split_gain=62.593 27.3407 21.7417 26.0176 18.571 23.8488 18.2934 17.6501 16.0287 14.7264 17.2795 16.9421 19.0909 17.6709 19.1772 17.825 15.1672 14.1186 17.3955 17.4423 14.072 13.5038 13.3488 13.6059 18.0824 15.7619 14.8942 13.5264 13.1803 12.9873 13.9213 12.9772 14.5091 12.8809 17.6434 18.7739 12.8292 12.2615 12.1633 13.3889 14.1273 18.6033 15.0103 12.115 13.3163 12.0198 18.9375 14.2924 17.213 12.1671 11.9803 13.1281 11.9702 11.9403 11.8408 12.7505 18.8731 11.7362 13.3122 17.3006 14.9459 16.8724
threshold=1.0000000180025095e-35 3.1131258010864262 0.70028248429298412 7.5701854228973398 0.73547640442848217 0.59687429666519176 0.84756737947464 0.0020639856811612849 0.61015573143959057 1.0000000180025095e-35 6.5450000762939462 -0.12494389340281485 0.82507774233818065 0.64757251739501964 0.2828571498394013 -0.0051955056842416516 -0.9865133762359618 0.057189542800188072 0.033908046782016761 0.015046761371195318 0.62290677428245556 0.57793521881103527 1.0000000180025095e-35 0.36672016978263861 0.25499999523162847 0.56025609374046337 0.58578431606292736 0.20344828069210055 -0.53106579184532154 -0.1292249336838722 0.064999999478459372 -0.72444105148315419 5.3450000286102304 0.40714851021766668 0.69499999284744274 0.73223343491554271 0.6701585352420808 0.50925925374031078 1.1281968355178835 0.57668587565422069 1.0000000180025095e-35 0.067816093564033522 10.269223690032961 0.86242622137069713 0.80099517107009899 0.26516537368297582 0.25731608271598821 0.73942363262176525 -0.25846351683139795 7.5430085659027108 0.013881129678338768 -0.10521232336759566 1.8344027400016787 0.59940022230148327 0.72899830341339122 0.66496095061302196 0.61778950691223156 0.30532830953598028 0.25462962687015539 2.1517016887664799 2.0334417819976811 2.2360481023788457
decision_type=2 2 2 2 2 2 2 2 2 2 2 2 2 2 2 2 2 2 2 2 2 2 2 2 2 2 2 2 2 2 2 2 2 2 2 2 2 2 2 2 2 2 2 2 2 2 2 2 2 2 2 2 2 2 2 2 2 2 2 2 2 2
left_child=7 2 3 4 5 6 -2 -1 -7 10 11 20 -13 -14 -15 -16 -12 18 19 -5 -9 38 23 25 26 -19 -25 -24 43 30 -11 32 -3 34 35 -21 -17 45 39 -4 52 42 -42 -6 -45 46 49 48 -47 -30 51 -39 -41 -27 -35 56 -56 -49 60 -60 61 -59
right_child=1 31 21 17 28 8 -8 9 -10 29 16 12 13 14 15 36 -18 22 -20 33 -22 -23 27 24 -26 53 -28 -29 37 -31 -32 -33 -34 54 -36 -37 -38 50 -40 40 41 -43 -44 44 -46 47 -48 57 -50 -51 -52 -53 -54 -55 55 -57 -58 58 59 -61 -62 -63
leaf_value=-0.031189252067017822 0.0076161644979293539 -0.073445848220524287 0.016590099314981888 -0.038048294091579941 -0.029862884938144971 0.040451524428421891 0.028922438149746477 -0.0061619648113301071 -0.083836233735767346 0.0013773064793544693 -0.024644241730785423 -0.012129274511906329 -0.013444788764417065 0.0062595785138743476 0.020690077196503669 -0.056958709929238155 0.0068386968587331887 -0.031999696254787373 -0.034151324251111857 -0.042605788006549371 -0.020685011044177064 -0.082634660336353805 0.015635799219974742 -0.0086342764602545616 0.016064540034833256 0.012004285063176044 0.043743457428392252 -0.073268360113351097 -0.0027058686843702152 0.014482098347273943 -0.047958991738283101 0.016479529959202908 0.014215427325607667 0.020930271317395027 0.0065520981313899234 -0.0037886212199242306 -0.010509886563530222 -0.073693685975170106 0.013937611177019396 0.0027866974188977302 -0.08062156476572814 -0.076096330871028739 0.017334385305127997 -0.069046831164112296 0.042419384071976853 0.031440068409769727 -0.073081397097577938 0.021075393219503497 -0.087491921535744921 0.046613170743769805 0.01438485827808759 0.0033371402256753137 -0.07139587276815032 -0.0096386720941166529 -0.070989899535581547 -0.061105664944501009 0.04554546986989283 0.0051845148336370529 0.021199380342847924 -0.087350640826147172 0.036605748061772407 -0.020340806594430137
leaf_weight=62.552440719337028 911.98590456160309 7.7106375872535891 106.32126652094303 40.173861185572605 58.446906972385477 2.7246883620973668 112.51649045147497 312.82738669902028 10.045384617289526 64.730636603140738 41.481945278741478 585.31417589809644 238.25519394507864 703.91506084574939 44.186769630294293 14.849518920367698 384.94305503406213 64.562349303989322 72.942870096791012 59.121982153170393 359.22481766482815 2.9806972638471043 137.56054471587413 224.95491311159276 162.51741212868365 77.461902682403888 13.452442031935787 3.437186058072256 1153.8732606442791 176.22712134785979 17.333159723610152 467.28845292457845 9.7238965887663635 76.002672044429346 89.518368959747022 65.0847529869352 261.29926987553335 7.2249255660208318 613.18490339396521 185.26769092871109 3.9535772372619276 13.993371186661532 17.604245045455173 2.4299133160020565 11.921982157669843 4.0881654827389866 8.4943326176144165 121.91362997505348 7.5018650712445361 11.644338821432028 260.85239235503832 16.641451335271995 4.601582193223293 340.24325022879202 3.999685226124714 9.4126457243110035 10.475264632899778 150.68148576369276 110.90717530017719 2.8235044410685068 21.628008479718119 112.10238078254042
leaf_count=532864 129032 1355 12115 96847 34748 82 6227 176654 1804 30847 24637 277934 87295 213821 11128 7201 116334 33929 44849 25984 191981 710 26842 54821 19074 26045 1029 3654 212399 66940 31118 19926 399 15014 27642 20050 81677 5346 37097 27575 911 4870 2903 1491 1517 251 1104 5012 998 2023 18014 5875 1805 346124 1472 6057 1238 9544 3666 376 348 5370
internal_value=0.000474364 0.00351315 0.00250829 0.00107267 0.00365845 0.00911253 0.00998206 -0.00509075 -0.0563057 -0.00457175 -0.00557563 -0.00715049 -0.00467348 -0.00121001 0.00164631 -0.00847894 0.00372559 -0.00445154 -0.0120812 -0.00744749 -0.013944 0.00939304 -0.00126392 -0.00354804 0.00325453 -0.00919828 -0.00550842 0.0129678 0.00091329 0.00685682 -0.00949522 0.0148847 -0.0264349 -0.00341908 -0.0103333 -0.0224582 -0.0132041 0.00168182 0.00977039 0.00204904 -0.00485235 -0.033318 -0.00340778 -0.0198369 0.0202788 7.59805e-05 -0.0027484 0.00630639 -0.0463758 -0.0021736 0.0112679 -0.0220078 0.000624207 -0.00560598 0.0113305 -0.0188267 0.0108381 0.00756722 0.0033885 0.0177666 -0.00240314 -0.0057403
internal_weight=9251.14 5984 5499.28 4551.37 3100.45 1037.27 1024.5 3267.14 12.7701 3204.59 2946.3 2519.87 1847.82 1262.51 1024.25 320.336 426.425 1450.92 426.732 353.789 672.052 947.907 1024.19 883.192 400.925 482.268 238.407 140.998 2063.18 258.291 82.0638 484.723 17.4345 313.615 213.725 124.207 276.149 1990.38 944.927 331.742 225.42 35.5512 21.5578 72.7988 14.3519 1705.66 1174.01 531.646 11.59 1165.52 284.719 23.8664 189.869 417.705 99.8903 23.8876 14.4749 520.056 398.143 113.731 284.412 262.784
internal_count=3155995 1305564 1283884 1195898 445227 137145 135259 1850431 1886 1317567 1188662 1047691 679056 401122 313827 100006 140971 750671 239153 194304 368635 87986 511518 481022 74924 406098 55850 30496 308082 128905 61965 21680 1754 97457 73676 46034 88878 270326 87276 50179 38064 8684 3814 37756 3008 241091 215526 25565 1249 214422 29235 11221 29380 372169 23781 8767 2710 24316 19304 4042 15262 14914
is_linear=0
shrinkage=0.05


Tree=64
num_leaves=63
num_cat=0
split_feature=0 9 18 3 3 3 2 6 5 1 21 0 5 1 23 1 23 5 19 19 23 23 19 6 1 5 20 5 1 1 21 3 1 21 6 6 17 5 5 18 18 18 2 19 0 0 18 19 3 5 3 2 0 5 5 23 5 19 1 21 5 21
split_gain=65.155 36.1101 28.2888 27.0401 19.5811 19.0109 26.9584 24.5894 20.6308 16.9432 16.1562 16.0483 15.8992 14.1188 16.7004 13.5205 13.4137 13.3775 12.6752 20.7974 12.5116 22.4074 21.1706 16.4457 26.3635 17.4967 16.692 16.5853 36.6224 20.8908 21.9804 16.1182 15.3646 13.3939 15.6284 19.9524 13.3813 17.2098 13.3831 13.2652 19.782 12.7489 12.7333 12.6285 14.3064 12.3944 12.0823 11.9757 11.8555 26.0111 15.9407 26.8251 13.7935 13.4891 11.8137 17.7297 13.2802 12.4424 11.8977 14.4149 11.8129 11.6512
threshold=2.124262928962708 1.0000000180025095e-35 0.12249999865889551 1.4978661537170412 5.9826688766479501 3.9607677459716801 5.6039605140686044 0.83815103769302379 0.6204105317592622 6.4914817810058603 0.69192925095558178 2.2360481023788457 0.45633769035339361 6.140960931777955 -0.67647483944892872 6.8992187976837167 1.9784656763076784 0.89141109585762035 0.14550264924764636 0.057189542800188072 1.0553049445152285 0.97230464220047008 0.060661764815449722 0.78525999188423168 1.0000000180025095e-35 0.74792608618736278 1.0000000180025095e-35 0.66355600953102123 2.0126758217811589 5.1209788322448739 -0.035354899242520325 4.3241107463836679 3.1984648704528813 -0.22394568473100659 0.65500557422637951 0.75122946500778209 1.0000000180025095e-35 0.61261081695556652 0.46437355875968939 0.10620300844311716 0.23205128312110904 1.0000000180025095e-35 6.0556118488311776 0.081666667014360442 2.3076786994934086 2.258269309997559 1.0000000180025095e-35 0.983333319425583 5.8096418380737314 0.6858179271221162 5.3302974700927743 6.4990344047546396 2.1925401687622075 0.77723002433776867 0.7288590967655183 -0.53106579184532154 0.67240881919860851 1.0000000180025095e-35 9.2128872871398944 -1.2553316354751585 0.5013861656188966 0.59488791227340709
decision_type=2 2 2 2 2 2 2 2 2 2 2 2 2 2 2 2 2 2 2 2 2 2 2 2 2 2 2 2 2 2 2 2 2 2 2 2 2 2 2 2 2 2 2 2 2 2 2 2 2 2 2 2 2 2 2 2 2 2 2 2 2 2
left_child=1 2 3 -1 -4 6 15 10 18 -3 20 -12 -11 -10 -15 -2 54 -5 19 -8 21 23 33 25 -25 26 31 28 -26 30 -29 -7 -32 -22 -35 39 -33 38 -38 -36 -41 -30 46 44 45 -23 47 -24 49 50 -44 -52 53 -51 56 -56 -14 -58 59 -59 -50 -54
right_child=5 9 4 17 -6 7 8 -9 13 12 11 -13 16 14 -16 -17 -18 -19 -20 -21 22 43 42 24 27 -27 -28 29 41 -31 32 36 -34 34 35 -37 37 -39 -40 40 -42 -43 48 -45 -46 -47 -48 -49 60 52 51 -53 61 -55 55 -57 57 58 -60 -61 -62 -63
leaf_value=-0.035740876880258787 0.01377670728143094 -0.067248989795508293 0.00010877051770022246 -0.0060265780799417263 0.019769409177209298 -0.019596284663870332 -0.043320683756943437 0.020328152625099061 -0.00010279038084709827 -0.075208183398173284 -0.0076481832173854077 0.026868325931292982 0.011109954460052819 0.033482091570634004 -0.042922081862890968 -0.042814305637731406 -0.061349602998129221 0.031837506031700692 -0.050089943663624362 0.0091618322073585834 0.037388958827035898 -0.051224834530494916 -0.071739865363525168 -0.13374691651653312 0.0325636451931672 0.017350059050131671 -0.0321799271641788 -0.0020445421092727526 -0.0075297442699492016 0.013502245613995881 -0.015549184263635413 -0.0036593928944875283 -0.086406396009446426 0.035618570201482361 -0.00074186367908331264 0.021864787352971635 -0.052627279627916114 0.0013327878148421608 0.022971859833001922 -0.097444261535163779 0.015073466589050614 -0.090663404635804717 -0.015833345189284739 -0.0085518948015914087 -0.076301990534257347 0.031937921716363692 0.024630273114190134 0.051317496460200313 -0.080827808749334221 0.046139463468474279 0.017594073757563857 -0.095265893787175607 -0.0007146059686805044 -0.041725727660125417 -0.080359291333654048 0.026061351521991363 0.035101139609953994 0.038469458953750424 0.0080815295334699059 -0.079608392589153337 0.008995127115814348 -0.087087724926860649
leaf_weight=75.941906893556734 285.94531226904655 5.9489439642929929 789.48839304767898 3885.4274116693996 149.84186051064171 65.627599455881864 32.657579903010628 318.76004573260434 519.85822897323305 4.2396860608714624 42.572549994278233 153.5375700656441 224.42805728715757 8.0138635416587913 37.188526002250001 10.003680300993436 5.0864256993518202 22.49162357536261 35.78001463473629 42.346568439592374 72.966950541420374 8.0860748891136591 5.6631031123688436 3.0968408063054076 12.223461681394836 257.20919545402285 32.575117039494216 74.712484346004203 6.3030752933118519 119.95786558283726 15.709822089760566 227.43079223955283 14.978556214482522 61.574926180415787 98.91785192117095 116.1217786394991 5.0964680564356959 220.8979012722848 217.60030155390268 8.1973213958553952 6.3808265103725708 18.392285882437136 60.738897242350504 69.028977056615986 17.165231883584056 7.8992571181152007 90.832506065256894 1.9832954958546904 2.7227593201678237 26.997625473071825 6.9932961500016999 17.362519215443172 141.71779683412751 4.3686309604672706 3.0579823728548936 168.4142789400139 6.5970670832321039 2.4724645926908151 9.0545532673640974 14.603464956497193 246.79564649041276 3.0155675272690123
leaf_count=733162 36724 1119 287707 1497496 4445 30070 21352 9475 146660 4265 6624 8626 59955 6184 35587 5124 1252 4321 19308 11341 4935 2174 1726 170 187 14654 5075 4796 2055 12968 550 36290 2106 2964 10624 5551 959 22158 14326 1304 437 4320 11745 6302 3194 660 2909 18 237 2071 318 3066 10475 795 2053 9578 2364 102 5675 5523 7722 502
internal_value=0.000253305 -0.00330802 -0.00454001 -0.00638013 0.00326272 0.00521238 -0.000834776 0.00725088 -0.00634431 0.0103351 0.00561745 0.0193745 0.0115398 -0.0024571 -0.028945 0.0117261 0.0125588 -0.00580057 -0.0259719 -0.0139589 0.00447012 0.00143068 0.00881714 0.00321928 -0.00785573 0.00608746 0.00230392 -0.00586691 -0.036461 -0.000715979 -0.0168727 0.00387036 -0.0517689 0.0183375 0.013452 0.00737907 0.00619119 0.0112385 0.0210142 -0.00750329 -0.0503893 -0.0705637 0.00310536 -0.0209938 -0.0458924 -0.0106686 0.0194709 -0.0375781 -8.22294e-05 -0.007514 -0.0300392 -0.0634445 0.00347879 0.0329907 0.0135766 0.0237086 0.00675497 -0.0225531 -0.0378661 -0.0613292 0.00769624 -0.00309945
internal_weight=9221.1 5367.09 4923.19 3983.86 939.33 3854.01 971.794 2882.21 675.845 443.903 2563.45 196.11 437.954 565.061 45.2024 295.949 433.714 3907.92 110.784 75.0041 2367.34 1393.99 973.351 1291.81 265.374 1026.44 769.228 262.278 36.9188 225.359 105.401 736.653 30.6884 364.16 291.193 229.618 671.025 443.595 222.697 113.496 14.5781 24.6954 609.192 102.18 33.1506 15.9853 98.4789 7.6464 510.713 261.194 85.0947 24.3558 176.1 31.3663 428.628 171.472 257.156 32.7275 26.1305 17.0759 249.518 144.733
internal_count=3156435 2619017 2527131 2234979 292152 537418 282280 255138 240432 91886 245663 15250 90767 188431 41771 41848 86502 1501817 52001 32693 230413 163014 67399 150684 27152 123532 108878 26982 6562 20420 7452 103803 2656 25815 20880 17916 73733 37443 15285 12365 1741 6375 41584 12330 6028 2834 4653 1744 36931 28972 15129 3384 13843 2866 85250 11631 73619 13664 11300 5625 7959 10977
is_linear=0
shrinkage=0.05


Tree=65
num_leaves=63
num_cat=0
split_feature=18 9 3 4 4 5 5 4 23 3 21 23 6 5 14 3 19 21 23 23 5 9 3 5 2 21 18 6 5 6 18 6 5 6 3 19 3 6 3 4 4 11 5 3 6 6 6 4 19 2 5 5 5 5 5 5 23 3 18 4 3 6
split_gain=67.9281 35.6937 27.9488 16.7727 15.0795 14.5457 20.4145 12.7162 12.6018 16.3428 12.1258 11.148 22.9688 15.0102 10.7934 10.63 10.473 10.4473 18.8929 14.384 12.0584 11.5113 10.7667 9.98902 9.93381 20.6848 18.1292 17.2279 16.738 14.7469 35.3035 11.479 27.1709 11.8784 11.708 9.36477 9.36288 12.607 9.20117 9.0836 9.67656 9.01861 16.3445 9.19831 16.709 12.0382 8.75216 12.387 10.4295 12.7185 9.51745 9.32136 9.73401 8.66821 8.60056 12.3945 23.5387 14.4365 10.6106 10.2009 9.52561 9.37952
threshold=0.046536797657608993 1.0000000180025095e-35 4.8081026077270517 0.2464374974370003 0.00027673719159793114 0.76344707608222973 0.75833097100257885 0.15712653100490573 1.4116016626358034 5.9712586402893075 -0.25312758982181544 1.3513554334640505 0.79501542448997509 0.77367371320724498 1.7005987167358401 5.9067223072052011 0.067816093564033522 -0.13041807711124417 0.43819116055965429 -0.37386602163314814 0.73403239250183117 1.0000000180025095e-35 4.8242976665496835 0.7049730420112611 7.1887903213500985 0.38435012102127081 0.19615384936332705 0.62627282738685619 0.5134202539920808 0.75772464275360119 0.097619049251079573 0.78525999188423168 0.74622750282287609 0.76105555891990673 6.4588270187377939 0.44222222268581396 3.2384861707687382 0.78277236223220836 5.9067223072052011 0.63755404949188244 0.47919970750808721 1.0000000180025095e-35 0.82587179541587841 4.3757371902465829 0.82440713047981273 0.85290363430976879 0.82638147473335277 0.047853767871856696 0.50925925374031078 7.3849205970764169 0.79884988069534313 0.89738965034484874 0.87904992699623119 0.75304943323135387 0.82160615921020519 0.79418399930000316 0.83590355515480053 3.8176519870758061 0.067816093564033522 0.25731608271598821 2.6020033359527592 0.82842934131622326
decision_type=2 2 2 2 2 2 2 2 2 2 2 2 2 2 2 2 2 2 2 2 2 2 2 2 2 2 2 2 2 2 2 2 2 2 2 2 2 2 2 2 2 2 2 2 2 2 2 2 2 2 2 2 2 2 2 2 2 2 2 2 2 2
left_child=2 3 4 8 -1 6 17 14 9 11 36 15 -13 -14 -3 -2 23 18 19 -4 -19 22 -22 -11 54 28 27 -27 -26 -30 -31 32 33 -32 35 -33 -9 -38 -20 40 53 42 43 44 -10 -45 48 50 51 -50 -48 52 -6 -24 55 61 -57 -58 -59 -60 -56 -5
right_child=1 7 5 24 46 -7 -8 10 41 16 -12 12 13 -15 -16 -17 -18 20 38 -21 21 -23 39 -25 25 26 -28 -29 29 30 31 34 -34 -35 -36 -37 37 -39 -40 -41 -42 -43 -44 45 -46 -47 47 -49 49 -51 -52 -53 -54 -55 60 56 57 58 59 -61 -62 -63
leaf_value=-0.036153071470863864 -0.0037742629308639905 0.0079220404034234127 -0.016474275064741837 0.0020606043889427566 -0.0091497152824560179 0.0090060094932102441 -0.065952870305519357 0.027109988948503101 -0.036015670273525029 -0.070271946315950642 0.025686497439309303 -0.075255726172792262 0.025668031428970284 -0.070730238171900092 0.037370029544073965 0.025937135885284787 -0.089443422210627663 -0.00018730872453041108 -0.017769075118433092 0.0086535921714215175 0.054564776857537647 0.033502664529763568 -0.049315102464711026 0.047684181126016439 -0.090427587624867189 0.0444474471672692 0.024212385811146056 -0.11016395429319548 0.031116023227145701 -0.10168780533168101 -0.0015748803767210197 -0.092976818749788553 0.034640716200427607 -0.10864692371977468 0.036576707379382858 0.01417745005409933 -0.10253758748905065 -0.0034152850611885673 0.0033307404036185631 -0.071150747705806511 0.014533326575380506 0.020590508253094761 -0.054609458244780355 0.0098464741254729038 0.024395443455011889 -0.075430964331964556 0.0053359484286402276 0.022220356026153468 -0.010427003409758759 -0.0472524706119219 -0.063394656487349002 0.026735521828053888 -0.066312213933679712 0.0051590071057316224 -0.043067076431825668 0.014079300238278213 0.00094496795592038095 -0.010043705633838038 0.01407030368329009 -0.083624042754357406 0.013820477443244309 0.017986515917382744
leaf_weight=53.822919366160932 1193.5208272771597 801.00295194505452 76.917977853154298 1317.2560766952956 1174.8776340504446 276.33683796523837 11.821360592555719 8.0778562512714434 32.072296260375879 2.0676413733744985 217.80190152133582 15.323597443242759 16.634274305441071 4.2400295459701729 31.475083739089314 29.893431461416185 8.2150058538536523 1994.7918373558787 357.72620445926441 210.73379029968055 2.8603162944782516 7.7624383044894776 27.003079195506871 3.3264990811003372 2.4811602826230219 1.6890126836951802 6.2943452347535631 7.6022607840131968 126.56770266452804 6.2578599459957323 4.0281253629364091 2.4149825747590503 12.061062091263009 6.4101063164416701 43.443743061972782 4.5174229319673032 3.9536418579518786 9.3078686891822127 60.027914435660932 11.541899584117344 12.561603414593263 81.144417387724388 11.290407332184257 232.77749812748516 16.651505764333706 3.2229189275531089 11.324293983605459 46.384234877601557 56.513439693673718 40.012753118739056 7.873090417655475 17.0603814138085 6.5230218348369808 9.6396442391560395 6.6391341977869152 36.864774622343248 16.291855726580252 9.6470655584707838 2.7251393054612008 21.965572720044293 239.37425228024949 98.469861552206567
leaf_count=575026 549149 71407 32890 169024 760068 33371 4273 60 41919 418 1763 8702 1346 1642 221 1169 1584 466374 148940 53221 185 47 9276 78 220 20 100 677 2847 664 102 204 160 541 420 110 205 159 11558 3741 1478 18298 4609 31128 3606 445 4506 12644 35843 29562 10491 2846 5166 2031 4342 5946 5588 1304 106 4237 13659 4354
internal_value=-0.000195149 0.00400557 -0.00460317 0.00163334 -0.010413 -0.00191498 -0.00300207 0.0120176 -0.00208553 -0.00446317 0.022167 -0.00385018 -0.0308199 0.00374908 0.00907894 -0.00302769 -0.0570523 -0.00270988 -0.00795909 0.00190061 -0.000914773 -0.0209641 -0.0280268 -0.00144876 0.0047436 0.0146409 -0.0392826 -0.0804701 0.0188464 0.0205955 0.00359051 0.0138849 -0.0153434 -0.0710778 0.0269836 -0.0301663 -0.0132966 -0.0380842 -0.0147365 -0.0327365 -0.0224879 0.00593153 0.00185738 0.00427979 -0.0152946 0.00836853 -0.00936894 0.0083529 -0.0102722 -0.0260202 -0.0245945 -0.00898317 -0.00952115 -0.0352282 0.00346986 0.00204756 -0.0161089 -0.0379367 -0.0558891 -0.0727134 0.0121171 0.00318023
internal_weight=9169.12 4695 4474.12 3623.38 1414.39 3059.72 2783.39 1071.62 1650.38 1273.22 239.141 1259.61 36.1979 20.8743 832.478 1223.41 13.6091 2771.57 705.406 287.652 2066.16 71.369 63.6065 5.39414 1973 223.768 15.5856 9.29127 208.182 205.701 79.1333 72.8754 22.4993 10.4382 50.3761 6.93241 21.3394 13.2615 417.754 60.7462 49.2043 377.159 296.015 284.724 48.7238 236 1360.57 65.5816 1294.99 96.5262 19.1974 1198.46 1181.4 36.6427 1749.23 1503.22 87.4944 50.6296 34.3378 24.6907 246.013 1415.73
internal_count=3156070 952533 2203537 878718 1436152 767385 734014 73815 664093 564088 2187 562008 11690 2988 71628 550318 2080 729741 246609 86111 483132 16758 16711 496 214625 6065 797 697 5268 5048 2201 1537 803 643 734 314 424 364 160498 16526 12785 100005 81707 77098 45525 31573 861126 27641 833485 65405 14997 768080 765234 11307 208560 190559 17181 11235 5647 4343 18001 173378
is_linear=0
shrinkage=0.05


Tree=66
num_leaves=63
num_cat=0
split_feature=9 1 4 23 19 15 4 19 1 5 1 6 19 2 4 4 15 5 23 2 19 14 18 19 5 6 17 17 18 19 1 6 17 8 2 15 6 19 15 19 18 6 23 5 23 5 15 5 18 5 15 17 5 4 1 19 19 18 2 2 6 19
split_gain=58.5848 33.0907 40.3941 18.0682 20.7091 18.2411 22.0206 26.6218 17.1931 17.5291 15.58 14.8652 17.133 14.4959 14.3331 12.8103 11.8779 11.8438 11.8139 15.9649 11.1915 24.218 22.1947 23.4348 11.0962 11.0734 10.8591 16.0056 12.5405 18.8054 14.7758 10.8162 11.1345 10.728 10.5447 14.6188 10.3856 10.3676 10.2791 15.3258 11.781 28.9271 23.6841 15.0754 15.1139 10.1466 9.99566 10.4804 22.5655 19.288 15.0865 17.5327 12.092 19.3302 23.3221 16.9195 11.1294 9.9804 10.9161 9.9598 9.93496 9.69496
threshold=1.0000000180025095e-35 6.7446477413177499 0.38279370963573461 0.96258276700973522 0.6792857050895692 7.1949999332427987 0.022724974900484089 0.53452381491661083 10.269223690032961 0.52591764926910411 6.7827587127685556 0.71128040552139293 0.1132478639483452 7.2280254364013681 0.020531645044684414 0.75116822123527538 0.2950000017881394 0.85711365938186657 0.89435166120529186 5.7945356369018564 0.46547618508338934 0.89587974548339855 0.35857143998146063 0.067816093564033522 0.59120419621467601 0.67347782850265514 0.097619049251079573 0.14039409160614016 0.075498577207326903 0.17316342145204547 8.1618027687072772 0.7196924388408662 0.78333333134651195 1.0000000180025095e-35 6.0946972370147714 0.21499999612569812 0.6913517713546754 0.08893280848860742 0.32500000298023229 0.23205128312110904 0.10435571894049646 0.76233655214309703 1.9784656763076784 0.80200201272964489 1.6646640300750735 0.86447113752365123 0.7749999761581422 0.66496095061302196 0.07275132462382318 0.6060309410095216 7.1050000190734872 0.033908046782016761 0.87904992699623119 0.0028523580403998498 4.9015574455261239 0.49137930572032934 0.13188406080007556 1.0000000180025095e-35 9.7668800354003924 6.6444404125213632 0.80679190158844005 0.26794873178005224
decision_type=2 2 2 2 2 2 2 2 2 2 2 2 2 2 2 2 2 2 2 2 2 2 2 2 2 2 2 2 2 2 2 2 2 2 2 2 2 2 2 2 2 2 2 2 2 2 2 2 2 2 2 2 2 2 2 2 2 2 2 2 2 2
left_child=1 15 8 4 5 6 7 14 33 59 17 13 -13 26 46 -1 31 -4 20 -20 21 -8 23 -23 -17 -16 28 -28 34 30 -30 -14 -33 57 -12 -36 -32 -15 -5 40 42 -42 -40 44 -43 -22 -2 48 56 -50 52 -52 -49 -54 55 -55 -48 58 -3 -10 -21 -35
right_child=3 2 10 38 -6 -7 18 -9 9 -11 11 12 16 37 25 24 -18 -19 19 60 45 22 -24 -25 -26 -27 27 -29 29 -31 36 32 -34 61 35 -37 -38 -39 39 -41 41 43 -44 -45 -46 -47 47 50 49 -51 51 -53 53 54 -56 -57 -58 -59 -60 -61 -62 -63
leaf_value=0.0019653645802945115 -0.085234136014869955 -0.015782173731910435 -0.095140128241225141 0.028558656299020331 0.033434768375026361 0.023546034500021903 0.0099125767898680436 -0.087456440867872187 0.059959215604719118 -0.033629306200192728 -0.0015669141757057991 0.0087968676177649138 0.021217975659089023 0.051218096540069862 0.014265165595862619 -0.023971540390451143 -0.033894874935733142 0.033767145375187109 0.015081909423407142 -0.12990593193964081 0.035499841905404249 -0.0011611538628199826 0.02680514640741459 -0.11749950455745339 0.019727083130062516 -0.094561135694599369 -0.039412964340612075 -0.0011282646305202731 0.038033018282025322 -0.058589475031461183 0.011611260580746886 -0.0036618138893269835 0.043693909577724267 -0.0074576450772337851 -0.030935930637006087 -0.002289217345420278 -0.042409172797477246 -0.058972537070137415 0.013828661025036177 0.02132165588700612 -0.11761654936496431 -0.097276119324412769 -0.088809209190043745 0.021394991993790625 0.00066314123869888077 -0.019214819358053553 -0.076378977718298768 0.013777286406094573 0.016947417816573704 -0.053334502848797663 0.026861894281213231 -0.10935603761819315 0.032686818579095452 -0.1031367706910559 0.026339488911314803 0.014411719272116891 -0.02260420134552165 -0.0057681702186166339 0.018700639168729223 -0.013688101101496956 -0.017268865422182807 0.0019549260360254886
leaf_weight=2699.9105213190778 2.820530783472349 661.67957293261497 6.101881577866151 140.13248610438313 59.294898783628014 94.210289201713749 283.16095655970275 9.6954004418003006 7.4088709973802933 108.35022487620881 459.5773958669015 838.01058229691262 51.027570843521971 16.499766360735524 2.9845055775949714 15.118595880398059 27.006724775652401 1.8071155978832392 8.2810625678393972 3.7114930383395395 59.20268540608231 7.2161620944971281 7.8411954408511511 9.8938935711048526 160.76265034539392 6.8978184576844797 52.352869906229898 56.030554208176909 49.161341969156638 7.5200129733711938 38.536497756518656 552.99605374717794 11.700339272894778 707.81302550720284 83.80485486635007 94.15184837684501 10.481020231207365 1.586587133584543 120.48532911900111 222.72437163679569 5.5727821398468214 5.8819012135063522 4.901908429033937 22.893366452131886 9.1807572107645665 9.2116965998429787 15.789404871640725 133.99739707624394 48.698128526957589 11.151418020104755 3.3343883907946275 5.0595780899675447 11.383818801492451 12.318753762752754 7.4731944357044986 3.6827815012074998 25.576191764928808 603.61847800261239 22.96649602438265 9.4622020530914579 3.956549066118896 444.96064804861089
leaf_count=480672 913 623231 1040 999 1922 7250 6716 3045 20302 575842 159349 149997 9974 384 204 1057 7637 16 116 304 681 268 52 662 4250 786 20956 16725 2559 2089 6052 127484 974 197654 28578 21548 2704 423 7973 6696 1066 1079 1306 497 533 148 25266 28979 11041 7390 827 1956 692 756 169 46 15183 427762 17588 9138 73 104518
internal_value=0.000238818 -0.00144082 -0.00392914 0.00973662 0.00519058 0.00302436 0.000205999 -0.00995304 -0.00826894 -0.0262744 0.000794745 0.00104445 0.00409086 -0.00414105 -0.0070818 0.00282015 -0.0020491 -0.0652021 0.0079992 -0.0329025 0.0098143 0.00570728 -0.0405598 -0.0712073 0.0158565 -0.0634044 -0.00510123 -0.0198123 -0.00293222 0.0129408 0.0189552 -0.000599593 -0.00260511 -0.00733491 -0.00558001 -0.0158773 -0.000556445 0.0389685 0.0169528 0.012738 0.0013611 -0.0207633 0.00914519 -0.00388887 -0.0412568 0.0279621 -0.00488544 -0.00376952 -0.0165232 0.0031909 0.00356509 -0.058146 0.00695706 -0.0189132 -0.0442492 -0.0768264 -0.0444486 -0.0104694 -0.0145999 0.0201992 -0.0804847 -0.00382593
internal_weight=9179.02 7800.4 4924.61 1378.62 846.844 787.549 693.339 300.863 2566.26 125.221 2358.35 2350.44 1480.74 869.703 291.168 2875.79 642.731 7.909 392.476 15.9491 376.527 308.112 24.9513 17.1101 175.881 9.88232 851.616 108.383 743.233 105.699 98.1789 615.724 564.696 2441.04 637.534 177.957 49.0175 18.0864 531.773 391.64 168.916 43.5288 125.387 37.956 15.0627 68.4144 281.286 278.465 101.215 59.8495 177.25 8.39397 168.856 34.8585 23.4747 16.0015 41.3656 1288.26 684.646 16.8711 7.66804 1152.77
internal_count=3156097 3020503 2534524 135594 115445 113523 106273 97253 1976035 605282 558489 557433 296066 261367 94208 485979 146069 1056 9020 493 8527 7698 982 930 5307 990 260560 37681 222879 13404 11315 138432 128458 1370753 209475 50126 8756 807 20149 19150 12454 3175 9279 2109 1612 829 93218 92305 58880 18431 33425 2783 30642 1663 971 802 40449 1068581 640819 29440 377 302172
is_linear=0
shrinkage=0.05


Tree=67
num_leaves=63
num_cat=0
split_feature=9 3 0 17 18 15 0 3 17 21 14 0 3 2 21 23 5 19 23 3 0 23 23 20 0 5 15 3 18 18 21 0 15 2 5 23 21 18 15 0 3 0 0 5 5 21 23 23 3 21 17 3 0 17 0 0 2 18 19 2 15 5
split_gain=64.7193 37.6432 28.1536 23.5653 20.1347 19.6769 21.4122 16.7811 43.3095 26.8847 20.9608 16.9867 16.3883 15.3764 16.4404 15.1224 14.4099 14.1976 12.9364 16.8955 14.7157 12.9109 16.9965 20.0772 17.7315 12.579 12.413 16.7298 13.3557 12.2086 12.0996 15.1167 12.525 13.1655 11.3768 12.2345 15.8497 12.1433 11.3087 16.1733 12.6156 12.1534 11.1528 13.7374 11.5583 11.1327 14.9246 15.0927 18.4108 17.4901 12.5795 21.8586 17.7902 18.5217 16.1186 20.6044 17.7285 13.9406 23.9051 12.0089 13.7705 12.8393
threshold=1.0000000180025095e-35 5.0271592140197763 1.4048191308975222 0.093073595315217986 0.11882352828979494 0.11499999836087228 1.1815497279167178 2.1383330821990971 0.1695402339100838 0.61682966351509105 1.2424533367156985 3.3746581077575688 5.8930234909057626 4.2555875778198251 -0.35806319117546076 0.91778498888015758 0.58553677797317516 0.042572464793920524 1.4598551392555239 6.2143199443817148 -0.62836065888404835 1.3321330547332766 1.1221593022346499 1.0000000180025095e-35 1.6627240180969241 0.53476160764694225 5.3849999904632577 4.8713660240173349 0.30217391252517706 0.11651583760976793 0.69192925095558178 1.669724762439728 0.50499999523162853 7.8011865615844735 0.68427595496177684 0.49709025025367742 0.28452867269515997 0.20761494338512423 2.7250000238418584 2.3476073741912846 3.1984648704528813 2.814919233322144 2.6723568439483647 0.86447113752365123 0.87904992699623119 0.26623243093490606 1.3882962465286257 1.262186646461487 5.1676349639892587 0.2543142437934876 0.097619049251079573 6.4588270187377939 2.5498392581939702 0.08893280848860742 1.5037331581115725 2.1823079586029057 7.0233135223388681 0.067816093564033522 0.4220647811889649 5.7604765892028817 0.19500000029802325 0.7049730420112611
decision_type=2 2 2 2 2 2 2 2 2 2 2 2 2 2 2 2 2 2 2 2 2 2 2 2 2 2 2 2 2 2 2 2 2 2 2 2 2 2 2 2 2 2 2 2 2 2 2 2 2 2 2 2 2 2 2 2 2 2 2 2 2 2
left_child=1 3 12 30 29 6 25 8 16 10 -10 -9 -3 17 26 -14 -2 -7 -17 -20 -21 22 24 -24 -6 -5 27 28 42 45 38 -32 -33 -34 37 36 -36 -27 -1 40 -40 -41 43 -15 -44 46 47 49 -49 59 52 54 57 -54 -52 56 -56 -47 -59 -4 -61 -62
right_child=7 2 4 5 21 13 -8 11 9 -11 -12 -13 15 14 -16 18 -18 -19 19 20 -22 -23 23 -25 -26 34 -28 -29 -30 -31 31 32 33 -35 35 -37 -38 -39 39 41 -42 -43 44 -45 -46 50 -48 48 -50 -51 51 -53 53 -55 55 -57 -58 58 -60 60 61 -63
leaf_value=-0.015441412120163422 -0.030473057459399516 -0.010156238751131797 0.019204652830093549 0.042005911676756075 -0.035005372586164749 -0.0017330168220119268 0.01885259685307886 0.009157194952802164 -0.092932844274800738 0.027283994795901313 -0.00022526288067129124 0.025839437066473705 0.016654587773528594 -0.02764177360850565 -0.0013015296599447064 -0.030855088875907016 0.015920353527711085 -0.053606733514300869 0.040951860957517794 0.057780445172973816 -0.041845200388485618 0.015950829610643074 -0.010069047874744677 -0.10134402551635112 0.010367570924100416 -0.046321667243909848 -0.044373985712919249 0.017184759883881684 -0.062115728937151164 -0.089842878130342349 -0.020297982266970306 0.019907802836620098 -0.038357374302378372 0.018051056063386976 0.034538170587073418 -0.010350414183990219 -0.064164997064173723 0.019052348459423624 -0.04662303448015552 0.020136935671497033 -0.0078283876025147369 -0.04325453401164725 0.014664925139505286 0.023973689815107523 -0.076517822959365642 0.0059817295411488478 -0.01138537820673278 -0.051450447529290545 0.017040977879754501 -0.06467641708228157 0.03554311579728444 -0.078698975889184952 -0.06579487927761038 0.045650497154380673 -0.0099282007336612549 0.010689029759008716 -0.056743384531138419 0.0313480956508198 -0.082545269820133799 -0.023890365588779286 -0.004701385541569467 0.0093941266984498544
leaf_weight=946.58974229011437 18.720080573868472 762.24121090443805 66.123884660308249 12.477621547441229 21.882401855255011 23.23199771432337 201.88003023732745 1003.0865783701011 23.833249911112947 8.4312940561867418 8.087511280551551 179.62622162158368 124.08729138190392 105.31440568917606 1050.6616184439263 40.010823026590515 111.33462205707474 29.727685383768403 19.728888622601517 3.7370032875333008 17.086226530489512 405.23107999784406 64.166315667913295 5.6894869696116066 372.54121967277024 30.09520149031232 31.565523145567568 41.346850843518041 14.609610746687393 2.7214313386939457 57.49395526941953 95.099681521474849 21.991226542086224 17.980559348892712 32.837140477495268 99.253372681108885 3.692060239671263 8.595197666618331 21.541492054260743 75.975872187278583 312.26332560778246 7.4440939134510691 42.440687841270119 13.892437940652597 2.7854994609078849 780.40949999762233 331.32388270570664 9.4101396581972931 182.00199362396961 9.9739355714991671 23.366728620138019 8.9208636457333323 14.460888309171425 4.1277054031379512 76.02456815878395 83.541004352737218 26.847494293586351 93.335689803818241 3.9007172343553966 69.756581449124496 597.35788032668643 220.31549688911764
leaf_count=687138 29240 285659 8433 11310 5425 46946 18535 34588 18803 1124 590 1650 14672 78838 463745 12058 49587 95699 2577 11 3712 18464 4967 769 19867 74784 60999 7855 9146 555 53676 19395 16307 7278 9639 128545 3463 2613 191045 18753 205439 3099 7993 9109 861 115025 60610 4790 17501 2404 3533 1142 1538 20 12358 3933 7463 4406 659 13527 132284 27820
internal_value=-0.000486643 -0.00225041 0.000755853 -0.00629354 0.00285658 -0.00230083 0.00760158 0.00959799 -0.0050469 -0.0496359 -0.0701646 0.0117105 -0.00678589 -0.00514473 -0.00405795 0.00575567 0.00906092 -0.031305 -0.0110298 0.0088027 -0.0221377 0.00943967 0.00373454 -0.0188284 0.00776815 -0.00458359 -0.0155017 -0.0111847 -0.0177952 0.000655552 -0.0107643 0.00096381 0.0100967 -0.0131618 -0.00813588 -0.00124327 0.0231182 -0.0316845 -0.0124197 -0.00554364 -0.0104637 0.0140347 -0.0135057 -0.0214771 0.00751514 0.000784723 -0.00204793 0.000638283 0.0134239 -0.00191297 0.00455924 -0.00617161 0.00718177 -0.0399807 -0.00272866 -0.00769005 -0.0225747 0.00822504 0.0259854 -0.00118941 -0.00272891 -0.000896628
internal_weight=9094.23 7741.11 4440.32 3300.79 3473.43 1744.41 388.831 1353.12 170.407 40.3521 31.9208 1182.71 966.891 1355.58 1302.62 204.65 130.055 52.9597 80.5629 40.5521 20.8232 869.511 464.279 69.8558 394.424 186.951 251.955 220.389 179.043 2603.92 1556.38 192.565 135.071 39.9718 174.473 135.783 36.5292 38.6904 1363.81 417.225 333.805 83.42 164.433 119.207 45.2262 2601.2 1486.26 1154.94 191.412 963.528 1114.94 218.701 896.235 18.5886 209.78 186.413 102.872 877.646 97.2364 953.554 887.43 817.673
internal_count=3153974 3018392 786182 2232210 467493 1030080 248889 135582 99344 20517 19393 36238 318689 781191 638546 33030 78827 142645 18358 6300 3723 49492 31028 5736 25292 230354 174801 113802 105947 418001 1202130 96656 42980 23585 219044 141647 13102 77397 1105474 418336 396484 21852 96801 87947 8854 417446 267369 206759 22291 184468 150077 28429 121648 1558 27287 23754 19821 120090 5065 182064 173631 160104
is_linear=0
shrinkage=0.05


Tree=68
num_leaves=63
num_cat=0
split_feature=9 1 4 4 2 4 2 5 4 21 23 23 1 6 5 1 5 4 19 19 20 18 21 6 18 18 4 1 1 6 5 5 21 19 1 1 5 21 6 23 2 23 23 1 6 21 1 23 5 1 5 5 23 18 21 14 2 4 4 2 6 1
split_gain=52.0291 33.3076 25.082 18.672 18.2872 18.224 19.8435 15.7183 14.9076 17.9379 15.5899 15.2013 14.6856 22.4336 14.6094 13.9812 13.9783 13.5676 14.9241 13.5083 15.5828 13.5707 13.292 13.063 12.6674 12.3632 14.2766 12.2164 18.3061 16.2702 14.237 12.0351 18.0771 11.9977 24.115 11.5047 15.5379 11.6875 22.9784 11.4445 12.3164 10.9647 14.4945 17.4689 10.8748 10.4156 10.4082 10.3413 10.1011 10.0498 9.9726 11.1175 12.4048 9.82136 29.9783 13.5107 11.6019 14.5536 13.8147 12.9839 13.1279 15.2678
threshold=1.0000000180025095e-35 7.4908084869384775 0.35432551801204687 0.19347286969423297 6.834646701812745 0.26516537368297582 9.7668800354003924 0.5013861656188966 0.84952831268310558 -0.0051955056842416516 0.96258276700973522 0.98928627371788036 5.9121499061584482 0.70837819576263439 0.46437355875968939 9.48596239089966 0.6190304458141328 0.25037313997745519 1.0000000180025095e-35 0.11882352828979494 1.0000000180025095e-35 1.0000000180025095e-35 -0.6978580355644225 0.84122383594512951 0.054093567654490478 0.26491229236125952 0.88580477237701427 10.356424808502199 10.549280643463137 0.79320600628852855 0.75648838281631481 0.65378880500793468 0.42256183922290808 0.040833333507180221 5.9750802516937265 7.817826747894288 0.71690514683723461 0.50110971927642833 0.71766644716262828 1.4116016626358034 5.0271592140197763 0.51236426830291759 1.2736898064613345 5.2176458835601816 0.71128040552139293 0.020236643031239513 7.6964399814605722 1.0838127732276919 0.47049582004547125 8.2283105850219744 0.51867213845253002 0.53273522853851329 1.5969837903976443 0.26491229236125952 -0.57541704177856434 2.3810869455337529 8.1047034263610858 0.0010634057107381525 0.063971277326345458 5.56260108947754 0.7061714529991151 5.0139575004577646
decision_type=2 2 2 2 2 2 2 2 2 2 2 2 2 2 2 2 2 2 2 2 2 2 2 2 2 2 2 2 2 2 2 2 2 2 2 2 2 2 2 2 2 2 2 2 2 2 2 2 2 2 2 2 2 2 2 2 2 2 2 2 2 2
left_child=1 5 15 53 8 6 12 14 9 -4 -11 27 13 19 47 -3 24 44 -19 20 41 -21 -14 50 -12 26 49 -10 30 31 -29 32 45 34 -8 36 -18 -37 -39 -28 -41 -1 -43 -44 -15 -30 -38 -7 -26 -13 -9 52 -52 56 55 -55 57 -2 -58 -59 -61 -62
right_child=3 2 4 -5 -6 7 33 23 11 10 16 25 22 17 -16 -17 35 18 -20 21 -22 -23 -24 -25 48 -27 39 28 29 -31 -32 -33 -34 -35 -36 37 46 38 -40 40 -42 42 43 -45 -46 -47 -48 -49 -50 -51 51 -53 -54 54 -56 -57 58 59 -60 60 61 -63
leaf_value=-0.014443796296858047 -0.047798958255626939 -0.0065849534339110435 -0.018280448433252099 0.021404796522295676 0.013514549818483747 -0.064413019369993843 0.016293884533305929 0.031631037080231954 0.014717957228532828 -0.013012797087546513 -0.00019495987593428707 0.036232829344122884 -0.02459181405302038 -0.059350574752885944 -0.061677881131380376 -0.018107912073397663 -0.076671303909404076 0.029923944690951207 -0.076408168214004271 0.0022425878154644923 -0.0690889328793379 0.036814284155078369 -0.0043623697110094827 0.023535083285371426 -0.060653537660095506 0.021714039101201482 -0.028536917065213264 -0.078683776342324874 -0.039104411510514525 -0.053808990307659947 -0.00036216796552516805 0.017475243205041843 -0.047181890617674305 0.020554830982190589 -0.062213357569526034 0.0030518821992151983 0.019004186593647249 0.0025849965295198759 -0.050837336354001977 0.011636514596533754 -0.025268908271270887 0.035622899643775845 -0.073459334863657702 0.014398621812351006 -0.00015755918557029298 0.017784668636498645 -0.072605586897305341 0.022204744781944882 0.021615027907748968 -0.0055451429291440719 -0.065718909024916825 0.0058920862552860401 0.025007843446856005 -0.11197792714113763 0.021427372029903833 0.031030064708050815 0.011111577682872863 0.015141680763636561 -0.10183195109343679 0.011208515709458359 -0.0018022492692530614 -0.028622014743126634
leaf_weight=36.960534545898554 14.968946263637916 1409.0586564457844 229.62391232162918 268.33840287697967 204.69743291777559 3.4020517863100421 29.800830885535106 36.240106266748626 298.38100343293627 260.11010729964619 178.15461993674398 23.085066365427338 88.14703899606684 6.8176560398132997 14.951208009792024 323.53869707999911 11.931830390647521 3.972692218143492 10.676556256599723 41.128835892275674 6.0916095463035154 91.604419860232156 921.74723352136425 116.98022866831161 2.8890699225012204 33.709411329997238 98.393698605548707 11.611994631501149 8.8827201720559952 10.440903006703591 10.763166376738807 116.53024683907279 20.303588684997521 165.22989713447168 13.360313252662307 222.12042083455162 12.441211035067679 49.945996616363118 32.614302193673211 52.762799915828509 38.044640375650488 45.205443579907296 6.8887906936579411 19.184268661381793 1039.985960213402 42.775968302041292 3.0311143075814462 14.899340980453415 144.05143145495094 35.226986957481131 10.121270885341799 1214.9843957817066 5.0414217410143456 5.3297318329859982 176.19853211968439 1.7387351850047705 433.43288128913264 115.94951729659806 1.7330316079314787 98.149363394346437 166.45509462503833 77.000430194209912
leaf_count=12453 63926 818844 122427 2504 15933 1282 720 2088 31348 121305 56148 723 56855 2691 2894 862833 2962 242 1067 11355 2527 5416 341050 2666 907 1630 31563 3355 2922 2901 1579 18942 6592 10729 1676 60214 1121 16597 21750 10357 13511 6110 2124 2655 208379 3906 752 845 11339 11462 2019 87561 238 1549 9027 5 19119 4555 108 9753 9105 16163
internal_value=0.000583569 -0.000984646 -0.00426987 0.00960943 -0.000664655 0.00225227 -0.000293241 0.00678966 -0.00216092 -0.00581418 -0.00267701 0.00307131 -0.00162392 0.00187177 -0.0266942 -0.00874591 0.00142743 -0.00129077 -0.0475027 0.0154093 0.00276463 0.0261987 -0.00615065 0.00761323 0.00878418 -0.00627847 -0.0101629 0.00813314 -0.000771153 0.0041273 -0.0426358 0.00760351 -0.00840243 0.014448 -0.00886612 -0.00577922 -0.036218 -0.00293191 -0.0188746 -0.0168106 -0.00393218 0.00740393 0.0187759 -0.0106704 -0.000599348 0.00744574 -0.00226089 0.00360033 0.0195985 0.0113263 0.00612507 0.00534858 -0.0358724 0.00669122 0.0172201 -0.0773142 0.00454878 -0.000877454 0.0104293 0.00075848 -0.0041535 -0.0103672
internal_weight=9187.84 7828.54 3885.12 1359.29 2152.52 3943.42 2526.8 1416.62 1947.83 1146.91 917.29 800.912 2318.41 1308.52 33.2526 1732.6 657.18 1061.45 14.6492 247.064 114.331 132.733 1009.89 1383.37 325.095 281.223 247.513 519.69 221.309 198.933 22.3752 188.493 71.9623 208.391 43.1611 332.085 27.4042 304.681 82.5603 189.201 90.8074 108.239 71.2785 26.0731 1046.8 51.6587 15.4723 18.3014 146.941 58.3121 1266.39 1230.15 15.1627 1090.96 183.267 7.06847 907.689 472.523 435.166 457.554 341.605 243.456
internal_count=3155379 3019565 2253923 135814 572246 765642 666049 99593 556313 415522 293095 140791 652924 255019 5021 1681677 171790 212379 1309 42640 25869 16771 397905 94572 68394 69246 67616 71545 40197 35263 4934 32362 13420 13125 2396 103396 4835 98561 38347 55431 23868 23342 10889 4779 211070 6828 1873 2127 12246 12185 91906 89818 2257 133310 10581 1554 122729 103502 19227 39576 35021 25268
is_linear=0
shrinkage=0.05


Tree=69
num_leaves=63
num_cat=0
split_feature=9 18 3 1 4 15 3 4 4 23 1 5 18 6 6 4 5 19 5 19 21 4 23 1 18 4 21 5 5 3 3 1 5 1 6 6 3 5 1 15 1 1 18 21 18 18 5 5 23 4 5 4 15 6 6 4 10 15 21 1 21 6
split_gain=73.7827 34.748 30.458 24.4149 23.2312 18.5143 17.8722 16.4758 14.064 21.0569 14.2708 13.802 13.2403 11.923 14.1496 17.3973 13.5005 16.2446 15.4753 12.6141 13.2237 11.7112 10.8786 10.8499 10.7918 10.7728 11.0375 10.4125 10.1113 10.1978 11.7192 14.91 11.0227 17.647 11.8949 10.5676 16.251 13.5657 12.2159 10.874 10.2865 13.4878 10.2848 10.0851 10.0848 14.054 11.7422 33.5265 14.4554 10.2547 11 9.98953 11.1459 9.96028 11.2457 9.75057 9.74312 13.2015 9.11581 9.04372 9.01326 10.3982
threshold=1.0000000180025095e-35 0.057189542800188072 4.4829866886138925 7.405799627304078 0.080376621335744872 0.23499999940395358 3.7494349479675297 0.00027673719159793114 0.96482685208320629 0.90838253498077404 3.7726949453353886 0.81129223108291637 0.26491229236125952 0.82638147473335277 0.66897651553154003 0.00974478153511882 0.85238444805145275 0.50925925374031078 0.90557980537414562 0.44913792610168463 0.72209566831588756 0.069402128458023085 2.2888658046722417 5.3107368946075448 0.23431372642517093 0.16699867695569995 0.31013733148574835 0.91888117790222179 0.86049753427505504 5.7461826801300058 5.7990880012512216 9.8441886901855487 0.54836919903755199 7.4647963047027597 0.78525999188423168 0.76105555891990673 6.0447778701782235 0.73759180307388317 11.391429901123049 4.5750000476837167 8.8064990043640154 7.4647963047027597 0.051315790042281158 0.46492342650890356 0.042572464793920524 0.035098522901535041 0.70169451832771312 0.70840042829513561 2.0644315481185918 0.92899158596992504 0.55525141954422008 0.01716051530092955 2.3249999284744267 0.76995083689689647 0.77871733903884899 0.84952831268310558 1.0000000180025095e-35 0.39499999582767492 -0.56556966900825489 6.9339101314544687 0.3697048574686051 0.79414069652557384
decision_type=2 2 2 2 2 2 2 2 2 2 2 2 2 2 2 2 2 2 2 2 2 2 2 2 2 2 2 2 2 2 2 2 2 2 2 2 2 2 2 2 2 2 2 2 2 2 2 2 2 2 2 2 2 2 2 2 2 2 2 2 2 2
left_child=1 2 8 44 6 -2 27 -7 10 -10 11 60 -9 14 15 -8 17 19 43 20 22 -15 -16 -6 -17 26 -25 -3 29 42 31 -31 40 -34 35 -35 38 -38 39 -37 41 -32 55 -18 45 46 49 -48 -49 -4 -51 -19 -53 -28 -55 -5 57 -46 -47 -50 61 -1
right_child=5 4 3 28 23 7 13 12 9 -11 -12 -13 -14 21 16 24 18 51 -20 -21 -22 -23 -24 25 -26 -27 53 -29 -30 30 32 -33 33 34 -36 36 37 -39 -40 -41 -42 -43 -44 -45 56 58 47 48 59 50 -52 52 -54 54 -56 -57 -58 -59 -60 -61 -62 -63
leaf_value=-0.031140031144641867 0.02574992040473217 -0.018494378729542776 0.0040473701240883791 -0.0095421774397570353 0.011847519064983443 -0.041659354514038488 -0.065460874923293819 0.006994543322055756 0.017019776585294619 -0.048100232704850768 -0.017488023481243536 -0.059933769042227664 0.021193029224331261 0.017484323578389607 -0.01023903400162938 0.026387652424455222 0.031484451503848841 -0.028733385184609796 -0.072635048043860964 -0.044828693277792986 0.028572962270834293 -0.07537377915115881 -0.068429554549333499 -0.002139990958244767 -0.062439770948281584 0.0042292897503742001 -0.057153366084976599 0.024354486228783431 0.03692560768812362 0.030142340954946403 0.033925915771196073 -0.043071718899856948 -0.078230941429179759 0.00021461440339983807 -0.044450278664185695 -0.073325101823545374 0.047551059319939915 -0.062354809460043674 0.050608735162370626 0.03169084421766432 -0.0053314999144776533 -0.058569814102860024 -0.062315805029391408 -0.072348764786037564 -0.094859942484828166 -0.051544368361669993 -0.076272603277776491 -0.0061687540420367927 0.036464562918191834 -0.062656490806525023 0.037134907233995665 -0.055830373243624311 0.024711245986116306 0.049999632988225191 -0.032152888157210451 0.0013275722987050641 0.036596833536970443 -0.015740371628582786 0.032290444704305754 -0.062031768331987036 0.046293607019867587 0.033968987014078349
leaf_weight=11.929554312257098 182.80247732682619 232.14128893187444 882.89772509183967 1331.0473724340263 436.6733925921144 15.065788948457337 5.0894715246104161 989.27325476199621 70.779866509372368 14.021204651449805 673.90800493300412 5.0292105004991745 196.45308972013299 107.26893865168677 416.67967323955963 74.221478979452513 45.600872407085262 11.585712384665383 3.3130341980140647 25.837238748761592 20.822232890524901 2.5318346122512585 7.2289376116823396 125.29137463319057 2.6521299448795608 1899.3365020050114 18.991245066805277 14.252186023186367 12.696917350520378 51.961965899099596 4.0244115113746401 7.1099025360308579 5.9443137631751588 293.71070766448975 12.152386910049243 8.0693081626086478 37.770902208052576 2.1790025950176632 3.5664368977304539 2.7327931933104983 43.599094138538931 23.241891777841374 7.7410014187917104 1.533858902286737 5.9948129586409804 2.5669066223781547 15.154206481063737 255.67997201345861 29.309009034768682 2.0884649119107044 36.061816266970709 3.6569757247925727 66.129700128221884 5.3183816175733254 11.250356107688274 243.85852467885707 4.9132111098151645 23.754060207284056 53.951156534370966 1.6270266586216156 18.224887183692772 10.664421473455148
leaf_count=6170 1396 376165 128872 634670 16566 67156 2668 60489 5358 5461 1164107 2645 6363 8723 117156 9993 2184 3728 351 8118 2036 538 1224 38343 950 240889 7714 5666 1320 9567 180 3675 887 61609 3094 2594 1705 550 177 544 13145 7055 3085 250 791 568 3766 36193 963 441 1169 1546 5971 683 3233 55120 77 2692 2642 402 1117 2325
internal_value=0.000328462 -0.00157133 -0.0046403 -0.00257125 0.00208141 0.0109597 -0.00419256 0.00868856 -0.0133838 0.00581757 -0.015651 0.0111475 0.00936285 -0.00053625 -0.00299584 0.0163718 -0.00565384 -0.00792502 0.0188658 -0.0114921 -0.0094591 0.0146822 -0.0113901 0.00469667 0.0225607 0.00317597 -0.0092109 -0.0159274 -0.00592593 -0.0062053 5.03897e-05 0.02076 -0.00279011 0.000722156 0.00223816 0.0039911 0.0240383 0.0401801 -0.0205362 -0.0463233 -0.0206938 -0.0442005 -0.00816487 0.0266727 0.00276863 0.00349713 0.00235898 -0.00618711 -0.00222919 0.00516268 0.0302111 0.0125919 0.0197616 -0.0333844 -0.00443786 -0.00785933 -0.0234636 -0.0342505 0.0276529 0.0295042 0.021129 -0.000271177
internal_weight=9130.96 7747.37 4209.96 3405.41 3537.41 1383.59 1040.55 1200.79 804.557 84.8011 719.756 45.8481 1185.73 794.152 684.351 81.9631 602.388 551.94 50.4478 470.568 444.731 109.801 423.909 2496.86 76.8736 2060.19 160.851 246.393 2091.41 2078.71 496.063 59.0719 436.991 366.126 360.182 348.029 54.3184 39.9499 14.3685 10.8021 70.8654 27.2663 1582.65 47.1347 1314 1279.34 1222.82 301.77 286.616 921.048 38.1503 81.3724 69.7867 35.56 16.5687 1574.91 34.6621 29.7489 56.5181 30.936 40.8189 22.594
internal_count=3154835 3019431 2164736 977553 854695 135404 547267 134008 1187183 10819 1176364 12257 66852 165436 156175 13611 142564 139779 2785 128534 120416 9261 118380 307428 10943 290862 49973 381831 798977 797657 104782 13242 91540 71160 70273 67179 5570 2255 3315 3138 20380 7235 692875 2434 178576 175016 171806 41324 37558 130482 1610 11245 7517 11630 3916 689790 3560 3483 3210 1365 9612 8495
is_linear=0
shrinkage=0.05


Tree=70
num_leaves=63
num_cat=0
split_feature=0 18 5 5 1 19 17 17 15 1 6 0 15 18 8 5 21 9 7 23 0 14 6 15 9 6 6 0 6 6 0 5 1 23 21 18 17 6 21 5 5 1 15 18 5 15 23 19 18 18 21 23 23 15 5 17 18 17 5 6 19 5
split_gain=66.7101 37.1522 16.9234 16.7872 18.5821 15.9369 35.0885 18.5287 20.2744 15.5495 15.4552 14.7673 15.0348 13.7894 13.3831 12.6903 12.6096 12.3883 16.8379 15.2299 12.2095 12.0903 12.0795 11.9443 16.503 11.2867 15.6304 29.7733 27.9181 21.0073 15.8418 13.8457 13.3663 11.98 18.7082 11.6789 17.3299 17.0236 15.9391 14.0911 25.0768 13.3069 16.5228 13.7313 11.4621 11.3068 11.1767 11.0353 33.169 12.5186 17.5108 12.5433 13.672 12.5169 11.0034 10.9919 10.7876 14.1618 13.0686 10.7223 10.6697 10.4433
threshold=2.814919233322144 1.0000000180025095e-35 0.80827856063842785 0.51609879732131969 2.7403194904327397 0.24068965017795566 0.14550264924764636 0.093073595315217986 7.0950000286102304 4.5053346157073983 0.78691819310188305 -1.0534726381301878 0.064999999478459372 0.26491229236125952 1.0000000180025095e-35 0.80200201272964489 -1.171320855617523 1.0000000180025095e-35 1.0000000180025095e-35 1.0345354676246645 2.8840651512146001 1.4978661537170412 0.7061714529991151 2.1450001001358037 1.0000000180025095e-35 0.66174632310867321 0.71417897939682018 2.258269309997559 0.67759785056114208 0.70986375212669384 2.3209801912307744 0.77021124958992015 8.2502284049987811 1.1041074991226199 0.58352568745613109 0.20942982286214831 0.17752101272344592 0.75254809856414806 -0.6379931867122649 0.60076862573623668 0.5013861656188966 4.6491756439208993 0.095000002533197417 0.2709790319204331 0.49036079645156866 4.4949998855590829 1.2736898064613345 0.1695402339100838 0.039230769500136382 0.054093567654490478 -0.24704926460981366 1.4733250141143801 1.0838127732276919 2.7150000333786015 0.51867213845253002 0.08893280848860742 0.2709790319204331 0.067816093564033522 0.75304943323135387 0.70241323113441478 0.29289215803146368 0.55190905928611766
decision_type=2 2 2 2 2 2 2 2 2 2 2 2 2 2 2 2 2 2 2 2 2 2 2 2 2 2 2 2 2 2 2 2 2 2 2 2 2 2 2 2 2 2 2 2 2 2 2 2 2 2 2 2 2 2 2 2 2 2 2 2 2 2
left_child=1 9 3 55 5 6 7 8 -5 -1 14 -3 15 -8 -7 -13 -4 18 22 21 -15 -19 60 24 -12 32 27 31 -29 33 -31 47 -20 54 -35 44 37 -37 -39 40 -38 43 -43 -41 -28 -33 -9 49 53 51 -51 52 -27 59 -30 -2 57 58 -40 -49 -14 -46
right_child=2 11 16 4 -6 10 13 46 -10 -11 23 12 17 20 -16 -17 -18 19 25 -21 -22 -23 -24 -25 -26 26 35 28 29 30 -32 45 -34 34 -36 36 39 38 56 41 -42 42 -44 -45 61 -47 -48 48 -50 50 -52 -53 -54 -55 -56 -57 -58 -59 -60 -61 -62 -63
leaf_value=0.012149680008437275 -0.065010679043038935 -0.060601149216810507 -0.082165672004130316 -0.097747641370915003 0.010817610461396988 -0.089847516110944478 -0.099088354826666156 0.030770947264010692 0.035809998814680742 -0.0071235778137537968 0.0085381486321296617 0.003964094774744107 -0.0025838742254532202 0.047422915000505092 -0.0035848578783568793 0.02425917280814139 0.018644382335156397 0.00084913845209630835 0.015561396486491597 0.014683517388235895 -0.051687633302239293 -0.097202297026224099 -0.017806189190629304 0.020860194324020788 -0.098301657257973518 -0.033394273398602438 -0.033253322109587327 -0.054920412461989525 -0.04945339470819874 0.017929282923928924 -0.090239693985763425 -0.079568267672024171 -0.0080862070915678225 -0.052187218278367455 0.031132586880976806 0.0029407833590751574 0.032176973505760056 0.017543026563481511 -0.050879930993142045 -0.092733215987139975 -0.078652481403893984 -0.058125155437795555 0.0095798597934860855 -0.0072624087966080319 0.013977563275658054 0.019286226820872655 -0.084685408209800514 -0.052101036207247188 -0.054445210254018134 -0.040114436384773772 0.0031477237439853627 -0.059169659632252652 0.006542386168708678 0.027733028051064364 0.031644148559072841 0.040943007515015797 -0.07496112488271249 -0.069853999174194062 0.026893980196389139 0.01087351555152969 0.050547078560389529 0.0012092449390724526
leaf_weight=107.54683711429243 1.7296692663512647 8.865119957510613 2.1534675333823534 6.8174905590421968 228.86451190531079 6.5943081545701725 15.588933212595292 28.512641702196564 3.8040535261243349 3005.0652679662599 10.39555533180828 235.97656019494752 62.817822137662006 3.0787019724957654 11.236543507082388 113.71548637590604 505.41908841970144 483.11294543359691 214.45081442710944 289.80453308566939 14.01535013114335 2.1644578467239617 239.46307550594429 65.594211877134512 4.4287865371443322 44.127345290442463 22.035629440913908 14.21393316760077 3.4818991008214644 5.4904797089984623 6.7864469973719679 12.711188224551732 81.966648032830562 11.965587259794122 13.07496058475226 35.273556113010272 7.2721044670324799 9.8360651963157562 7.8773637465201345 5.8918922998709631 13.191060577053575 8.440320033580063 201.92008581626578 15.379958719480781 172.6239949213923 3.2346045831218353 1.3015545968664799 12.90000207477715 53.427429334202316 25.553043473802973 195.49877809517784 18.63658536382718 40.284879329032265 23.694178700097837 109.40356484829681 38.707265368895605 24.048995074117556 12.416177671111653 12.808489918825215 12.59989744343329 10.105426569822155 2066.6514315063541
leaf_count=17701 456 20848 602 1646 23345 962 2707 1455 39 1820815 835 97961 59391 127 254 26889 24734 76481 27056 11549 1957 348 371848 1937 636 18829 5750 2794 770 594 1744 3340 24219 2132 578 7170 529 1777 2332 1170 3501 740 21071 1848 21743 439 152 5088 17972 13269 35063 7998 7926 5093 8120 818 7392 3342 908 2297 9067 315879
internal_value=-0.000698971 -0.00217217 0.0118399 0.00465537 0.00151497 -0.0108995 -0.0284049 0.00292298 -0.0509492 -0.00645396 0.00228324 0.000512785 0.000634299 -0.0661003 -0.0385642 0.0106142 0.018056 -0.000125416 -0.00129193 0.00563538 -0.0322031 0.000212813 -0.0123977 0.0117026 -0.0275754 -0.000302858 -0.0011626 -0.0083834 0.00974327 0.0161852 -0.0441576 -0.0151228 0.00901706 0.0218356 -0.0091568 0.000515877 -0.00791108 -0.0251637 -0.0397883 -0.000840909 -0.0396023 0.00273892 0.00660117 -0.0340369 0.00183933 -0.0595609 0.023146 -0.0133269 -0.0275502 -0.00875243 -0.00201141 -0.0230544 -0.0144815 0.00216198 0.0287305 0.0349514 -0.0497874 -0.0298366 -0.00370354 -0.0217482 0.00536299 0.00219934
internal_weight=9026.05 8077.81 948.242 440.67 400.233 171.368 73.1187 40.4357 10.6215 3112.61 98.2494 4965.19 4956.33 32.683 17.8309 349.692 507.573 4606.64 3831.56 775.082 17.0941 485.277 312.386 80.4186 14.8243 3519.17 3222.75 607.085 164.417 150.203 12.2769 442.668 296.417 137.926 25.0405 2615.67 354.356 102.261 66.9871 252.095 20.4632 231.632 210.36 21.2719 2261.31 15.9458 29.8142 426.722 102.622 324.101 221.052 103.049 84.4122 49.1941 112.885 40.4369 57.151 33.102 20.6859 25.4999 72.9232 2239.28
internal_count=3156033 3093371 62662 37326 36052 12707 8083 3292 1685 1838516 4624 1254855 1234007 4791 1216 124850 25336 1109157 1020779 88378 2084 76829 440306 3408 1471 580473 529198 134046 16732 13938 2338 117314 51275 11600 2710 395152 51780 22921 15751 28859 4030 24829 21811 3018 343372 3779 1607 113535 30450 83085 48332 34753 26755 12478 8890 1274 13974 6582 3240 7385 68458 337622
is_linear=0
shrinkage=0.05


Tree=71
num_leaves=63
num_cat=0
split_feature=0 4 15 2 9 0 13 4 0 23 21 21 19 15 11 0 21 0 0 6 23 17 6 4 15 21 15 19 4 9 9 21 21 6 0 23 2 21 17 4 6 4 6 17 0 15 4 15 15 6 0 6 19 4 0 19 23 23 21 19 6 23
split_gain=55.7685 30.2705 26.4521 24.9068 18.4249 20.7035 22.94 17.8982 17.6778 16.6979 16.3894 15.9615 15.7977 22.4646 15.6288 14.5136 14.3805 16.3736 14.1161 14.3816 17.2658 13.8853 15.7282 13.6577 18.951 13.8904 14.235 15.2566 13.6206 13.9757 13.1034 22.6974 21.0936 13.0306 13.0263 12.5935 18.9646 14.9889 13.1024 14.3053 13.8574 13.1641 14.5978 12.5526 15.0621 12.3726 17.1325 13.0044 12.265 12.2453 11.7714 25.9569 15.0988 15.9014 13.1776 11.5511 12.4208 11.4164 12.2779 11.2374 11.1772 25.9922
threshold=2.814919233322144 0.19347286969423297 7.1250000000000009 7.2082302570343026 1.0000000180025095e-35 1.7671952843666079 1.0000000180025095e-35 0.97272503376007091 1.920303523540497 0.8805140256881715 -1.0361412167549131 0.13018449395895007 0.051315790042281158 0.37500000000000006 1.0000000180025095e-35 0.63833266496658336 0.66541701555252086 -1.3265967369079588 0.90725579857826244 0.74466425180435192 0.6458248794078828 1.0000000180025095e-35 0.67557427287101757 0.023302901536226276 4.2149999141693124 0.11938588693737985 6.1549999713897714 0.49137930572032934 0.021230231039226059 1.0000000180025095e-35 1.0000000180025095e-35 -0.079429406672716127 -0.20087624341249463 0.81189879775047313 0.85469630360603344 0.11337145417928697 8.7528185844421404 -0.23544743657112119 0.19615384936332705 0.15396235138177874 0.68963390588760387 0.16027336567640307 0.77214539051055919 0.067816093564033522 1.8359333276748659 0.2950000017881394 0.51336964964866649 0.42499999701976782 5.3450000286102304 0.72899830341339122 2.0225849151611333 0.73741617798805248 0.13188406080007556 0.34498460590839392 2.7140035629272465 0.53452381491661083 0.19774170219898227 1.1115026473999026 0.13018449395895007 0.10172414034605028 0.73159873485565197 0.17010376602411273
decision_type=2 2 2 2 2 2 2 2 2 2 2 2 2 2 2 2 2 2 2 2 2 2 2 2 2 2 2 2 2 2 2 2 2 2 2 2 2 2 2 2 2 2 2 2 2 2 2 2 2 2 2 2 2 2 2 2 2 2 2 2 2 2
left_child=1 2 8 4 5 6 7 11 -1 60 48 34 13 43 -12 -4 17 -8 -6 -20 -21 22 -18 28 35 26 30 -28 29 -10 31 32 49 -27 -3 37 38 -25 39 -37 -41 -42 -43 -5 -45 -11 47 50 -2 -26 51 -47 53 -52 -55 -40 -57 -19 -59 -24 61 -7
right_child=10 3 15 12 18 9 16 -9 23 45 14 -13 -14 -15 -16 -17 21 57 19 20 -22 -23 59 24 25 33 27 -29 -30 -31 -32 -33 -34 -35 -36 36 -38 -39 55 40 41 42 -44 44 -46 46 -48 -49 -50 -51 52 -53 -54 54 -56 56 -58 58 -60 -61 -62 -63
leaf_value=-0.012176896339120833 -0.090026821145887503 -0.037652047484618548 -0.033588168604086616 0.01345185233886091 0.048174561486536864 0.010707920078231388 -0.059687495169955432 -0.044527249541708482 -0.014050938466036967 0.008958980403266226 0.0061098253974657957 -0.0028191272034565717 0.016165245438881856 -0.055101499181485714 0.019096015874339015 0.0052869572369014075 -0.058456251033032473 0.011295687872465871 0.022275938657461282 -0.067214009877619371 0.0027416941374813334 -0.054046225649890846 0.044924302526955687 -0.015727895042369204 0.014158734696563683 0.027037685872578002 -0.063453548542689947 0.012690160351636774 -0.036412865461589665 0.002994669030967441 0.036117829723519818 -0.054405096922630528 0.04083169108412113 -0.062216571968790893 -0.011179018130116548 -0.016748252571812033 0.014038136343168106 0.013961032320144723 0.0043472283000292522 0.032626185990031968 0.017636386029298106 -0.0060029665946465145 -0.064759022274054154 -0.10458365486214766 0.0058748534164110118 0.022435851106309388 -0.058852519096038947 0.010810563877101019 0.00018703130689341044 -0.052133122347374598 -0.0075591046034277484 -0.037366848081014342 0.0013520509709214297 -0.0676082642745056 0.026688123106687851 0.03953336931496898 -0.075319275222057613 0.0078620161037963546 -0.024918756579843059 -0.051658722371811121 0.0013737067003200239 -0.028368567076069242
leaf_weight=1013.939469318062 5.8034572648466556 51.340971104466007 23.892149067960418 69.491368606919423 27.119065703009255 65.240312703273958 8.2371967521903553 31.128300324664451 347.93710013933742 972.49518926945166 489.51903809298528 904.75271783865173 406.7189191961661 17.935790614923462 441.29871199643821 683.7704657635295 6.5801796653395312 419.86720478716597 90.768387125106528 9.4964199165697192 54.803455350920558 19.065227679951931 14.537764763976158 55.806158707680879 12.955062326713231 111.21224591959617 15.031978249433452 10.672585311695 45.615116181434132 183.01887507639185 29.142400293960236 15.66623532399535 28.945794520375788 3.3207727035915005 436.53994143450109 480.17575146150193 97.604123498662375 168.72698082760326 198.57312444341369 28.391448283160571 31.943073046888458 37.652909186872421 13.830011044716228 4.3340813057729957 7.0879210524726659 64.030701651005074 11.658660625456831 163.41432453878224 8.433849458844632 13.266114060810649 30.515394562797155 24.184672259958461 54.079995452309959 30.717464528861456 3.6581037309952071 2.4747667021583757 8.0304355060361541 64.641718042905268 49.692262192329508 2.8516625946576815 270.96722648461582 119.09937190785422
leaf_count=1208618 1935 35974 111633 4430 84 15214 5336 10288 225468 87066 38347 293705 20474 2675 21569 225693 4322 89853 853 261 708 22004 3794 24036 3416 8307 3133 821 17655 32472 256 3580 1931 781 166514 173140 6699 36491 39633 4732 3617 8969 3762 448 166 9233 2736 23296 723 4334 4154 5366 4869 3285 82 50 2763 25646 27093 3038 34440 34677
internal_value=-4.23915e-05 -0.00137323 -0.00474948 0.00137014 4.77876e-05 -0.000694991 -0.00418807 -0.00761252 -0.00682916 0.00318263 0.0114501 -0.00675604 0.0118156 -0.00606408 0.0122804 0.00392891 0.00413833 0.00635864 0.0155379 0.0095581 -0.00846113 -0.0233567 0.00224042 -0.00402933 -0.00129849 0.0114194 -8.38538e-05 -0.0325472 -0.0104735 -0.00818079 0.00850241 -0.00320384 0.012046 0.0239337 -0.0140362 -0.00402612 -0.00667165 0.00654504 -0.00920933 -0.0130041 0.00308036 -0.00724199 -0.0227199 0.00534586 -0.0410837 0.00596574 -0.00165277 0.000300201 -0.0400812 -0.0200635 -0.00800176 0.00580558 -0.0182028 -0.0342729 -0.0571029 0.00154606 -0.0471784 0.00748667 -0.00647781 0.0271379 -0.00509339 -0.0145557
internal_weight=9113.7 8168.65 3661.6 4507.05 4001.48 3819.3 2009.24 1423.76 2953.93 1810.06 945.055 1392.63 505.568 98.8492 930.818 707.663 585.473 542.438 182.187 155.068 64.2999 43.0348 23.9696 1939.99 1363.42 240.213 125.68 25.7046 576.571 530.956 99.9756 70.8332 55.167 114.533 487.881 1123.21 898.676 224.533 801.072 591.993 111.817 83.426 51.4829 80.9134 11.422 1354.75 382.259 370.601 14.2373 26.2212 207.186 88.2154 118.971 64.891 34.3756 209.078 10.5052 534.201 114.334 17.3894 455.307 184.34
internal_count=3156648 3094074 2151990 942084 913891 911985 687567 506481 1814664 224418 62574 496193 28193 7719 59916 337326 181086 147928 1906 1822 969 33158 11154 606046 330451 26559 17471 3954 275595 257940 13517 13261 9681 9088 202488 303892 243365 60527 236666 194220 21080 16348 12731 5044 614 140087 53021 50285 2658 7750 26989 14599 12390 7521 3367 42446 2813 142592 52739 6832 84331 49891
is_linear=0
shrinkage=0.05


Tree=72
num_leaves=63
num_cat=0
split_feature=0 18 3 3 13 4 15 4 17 0 5 15 17 4 15 3 0 13 6 0 15 23 14 17 14 23 23 4 3 23 23 23 23 19 4 0 5 17 0 23 0 17 19 23 6 6 3 6 2 2 20 5 5 23 17 23 4 0 5 6 6 5
split_gain=64.5793 33.0281 24.7743 16.2848 15.535 14.4506 15.1912 13.8051 26.3201 13.7561 13.7103 13.0137 18.4996 15.2849 13.6249 12.6222 22.8997 18.3659 12.1892 17.725 12.6049 22.3383 15.863 14.3588 21.5942 13.6493 14.5936 12.4093 12.1092 11.9635 12.516 11.906 14.7089 12.0224 11.8318 11.65 17.3656 16.0581 19.2136 16.6391 16.5098 11.6661 11.0252 11.0122 11.5926 24.9508 13.2818 10.8586 10.7018 16.2917 11.909 14.9634 10.5696 16.1519 19.8002 10.5242 19.0182 12.8505 12.223 14.7793 14.6983 12.7709
threshold=2.6723568439483647 1.0000000180025095e-35 2.9700856208801274 5.3867835998535165 1.0000000180025095e-35 0.0013219422544352712 2.7649999856948857 0.035967789590358741 1.0000000180025095e-35 1.1281968355178835 0.48154808580875402 1.044999957084656 0.37268517911434179 0.13475143164396289 1.8149999976158144 5.3867835998535165 1.3442020416259768 1.0000000180025095e-35 0.79414069652557384 2.7621499300003056 4.5750000476837167 -0.37386602163314814 0.89587974548339855 0.2981481552124024 1.0000000180025095e-35 -0.076875738799571977 0.11337145417928697 0.034952396526932723 5.0271592140197763 0.31303548812866216 1.0971124768257143 1.7288873195648196 1.6249014139175417 0.26491229236125952 0.030795574188232425 1.5660668015480044 0.76850682497024547 0.13714733719825747 1.4780256748199465 0.2500817626714707 1.5201908349990847 0.081666667014360442 0.43614129722118383 0.035216372460126884 0.78691819310188305 0.76105555891990673 3.3842465877532963 0.81466323137283336 2.4414010047912602 3.9415346384048466 1.0000000180025095e-35 0.89141109585762035 0.91888117790222179 2.0906039476394658 0.39565217494964605 1.2736898064613345 0.31264810264110571 1.3541276454925539 0.74622750282287609 0.72966375946998607 0.64416089653968822 0.62956747412681591
decision_type=2 2 2 2 2 2 2 2 2 2 2 2 2 2 2 2 2 2 2 2 2 2 2 2 2 2 2 2 2 2 2 2 2 2 2 2 2 2 2 2 2 2 2 2 2 2 2 2 2 2 2 2 2 2 2 2 2 2 2 2 2 2
left_child=1 2 -1 4 5 -3 11 8 -2 -6 -5 31 13 -13 -14 17 42 -4 34 -20 21 27 23 24 28 -23 -27 -21 -22 -19 -31 32 48 -34 43 36 37 38 39 -12 -39 -41 -17 44 45 46 -10 -38 -7 -50 51 -51 53 -9 -55 58 -57 -58 61 60 -60 -52
right_child=7 3 15 10 9 6 -8 52 18 -11 35 12 14 -15 -16 16 -18 29 19 20 22 25 -24 -25 -26 26 -28 -29 -30 30 -32 -33 33 -35 -36 -37 47 40 -40 41 -42 -43 -44 -45 -46 -47 -48 -49 49 50 55 -53 -54 54 -56 56 57 -59 59 -61 -62 -63
leaf_value=-0.030387948796843409 -0.055959237102667883 -0.033340506758664103 -0.0095296273327604136 -0.028336188560083311 0.0017847534831189446 0.041901226406543063 0.0038323314397177969 0.013813158560709632 -0.040688585161137797 0.023034522367406152 -0.069608365354103238 -0.014410917173409796 -0.049145675830218595 -0.076387576275595268 0.038814549566056178 -0.010288068196709965 0.0025031281815771165 -0.036834279900223817 -0.050448415531285054 -0.075926709660797689 0.027701804813179638 0.032489426030956357 0.034167735603728475 0.010844475476482996 -0.11390784153894767 -0.078801794719374318 -0.0032692738032565078 0.038369466389113469 -0.091348133672299908 0.017639128008981042 -0.021513372448710964 0.010605648061590679 -0.05942068434508762 0.0043764156712510867 -0.030255157459029833 0.0074937113808199885 0.025177929178293808 -0.043834576247651219 -0.044321834749741412 -0.003112775560665193 0.028143918834806103 0.022471800706194787 -0.043597854217987619 0.023081660541928679 0.03637346077824976 -0.079218098463716649 0.022239273205016733 -0.051933653110432798 -0.031872006361139203 -0.0047536216402587683 0.035342456072177862 -0.10163739267331254 0.030167474946113354 -0.094649188844397297 0.0107411275866719 0.0092981115419697308 0.0054227229139425679 -0.098119681504696632 -0.083003205858901433 0.0057325489407543456 0.03862844105431263 -0.02636629216004472
leaf_weight=98.857917709119647 16.498966934625059 36.981388431831874 1557.6436039929977 29.840679486980662 244.74693948407366 11.998861217114607 734.54829656698712 597.87976707273629 10.44777905938099 109.69050701634114 6.665184865705668 331.38717013174028 4.4087263786786961 9.3286860484804475 24.999541170109296 266.21517088846304 958.63145827199332 12.845437526644671 15.874380297464084 14.671733143579333 8.8368897492255218 24.700294130321709 54.08526496856939 53.15190035791602 5.4498985639074808 5.8241957493009968 103.5147348125538 2.1672723803203544 1.7288710421416897 132.5219199884159 23.219356876885286 152.79828243117663 20.250854835496288 11.118503315141423 13.282959442993159 1305.6488587443018 63.242753874510527 46.617337783798575 23.285295631794725 132.41389065084513 8.8498151715612021 66.000923295971006 26.585653086774983 179.99227732981672 15.047889097753794 9.9734572134766477 30.449967710766941 3.990796520956791 48.422086766557186 1013.3107933813881 9.8599469671025854 3.0039151005039448 97.26837457792135 6.7631586043862653 10.044002321315928 22.125392681948142 4.2548322154907501 8.3836718894890492 1.6657250739954168 133.4313793455367 65.335593215510016 36.605207521788543
leaf_count=674968 9496 257237 845054 5543 174924 1319 176510 25069 3805 12278 3090 147714 3171 4320 4294 102754 156224 6521 6820 5249 1474 1959 595 5363 688 1629 14171 14 116 17544 12591 22967 7549 1875 1427 74352 3032 9684 6362 26741 776 7293 12521 13354 1361 4119 1084 438 17338 218928 1074 463 829 727 351 3288 1176 1933 543 18645 4549 9326
internal_value=-0.000147969 -0.0018548 -0.00588568 0.000770348 -0.00141646 -0.0027163 -0.00227606 0.0102677 0.00442579 0.00840739 0.00470882 -0.0046227 -0.0130297 -0.0163264 0.0244455 -0.00506228 -0.00123737 -0.00783283 0.00633827 -0.000708594 0.00234463 -0.00732715 0.0141479 -0.00177037 -0.0418128 -0.000329225 -0.00797041 -0.0598899 0.00200785 0.0078083 0.0117019 -0.00259838 -0.00405668 -0.0373719 0.0141952 0.00532076 -0.002759 -0.00817905 -0.00226532 0.00270178 -0.0320553 0.00546772 -0.0134506 0.016709 -0.000776291 -0.0122547 0.00557621 0.0199068 -0.00326041 -0.00369368 -0.00261874 -0.00513961 0.0148968 0.0124353 -0.0346013 0.00646325 -0.0189354 -0.0654197 0.0101014 0.0154484 0.0344284 -0.0128029
internal_weight=9079.39 7801.73 3076.52 4725.21 3038.66 2684.22 2647.24 1277.65 565.699 354.437 1686.56 1912.69 370.124 340.716 29.4083 2977.66 1251.43 1726.23 549.2 290.005 274.131 150.878 123.253 69.1676 16.0157 134.039 109.339 16.839 10.5658 168.587 155.741 1542.57 1389.77 31.3694 259.194 1656.71 351.066 283.832 228.365 205.08 55.4672 198.415 292.801 245.911 65.9191 50.8712 40.8977 67.2336 1358.4 1346.4 1297.98 1016.31 711.955 614.687 16.8072 281.662 34.7639 12.6385 246.898 200.433 67.0013 46.4652
internal_count=3156609 3056909 1828177 1228732 1091421 904219 646982 99700 72724 187202 137311 470472 159499 152034 7465 1153209 271499 881710 63228 38078 31258 23022 8236 7641 2278 17759 15800 5263 1590 36656 30135 310973 288006 9424 25150 131768 57416 53946 43486 37124 10460 34034 115275 23723 10369 9008 4889 3470 278582 277263 259925 219391 26976 26147 1078 40534 6397 3109 34137 23737 5092 10400
is_linear=0
shrinkage=0.05


Tree=73
num_leaves=63
num_cat=0
split_feature=18 5 3 3 15 4 21 5 3 14 3 5 3 23 2 19 20 18 17 23 5 15 19 5 18 3 18 23 23 4 19 21 21 5 19 3 21 5 23 18 21 19 5 5 19 17 21 23 19 2 18 2 23 5 18 2 15 19 23 14 14 4
split_gain=47.4716 23.2716 18.4605 16.7391 13.1208 21.6556 21.0043 13.9401 12.6403 13.8587 12.5514 21.7375 11.6518 11.539 13.26 14.328 17.0024 15.1134 11.6702 11.4678 11.1564 15.0889 14.7066 11.7159 12.433 11.8013 15.8845 10.7759 13.6256 11.2613 17.8972 10.5778 16.9803 11.1569 14.1622 11.8444 11.3823 11.1413 11.097 10.1971 12.3839 25.4596 17.1293 10.295 9.82017 9.77263 9.7017 23.7325 12.31 11.0542 12.2753 9.69101 9.66645 14.9538 15.2616 9.65991 9.56025 13.3027 9.5096 9.27291 9.53045 9.01218
threshold=1.0000000180025095e-35 0.91888117790222179 5.3302974700927743 5.9067223072052011 0.18500000238418582 0.00058631054707802843 0.2200833931565285 0.51867213845253002 2.6020033359527592 1.2424533367156985 5.2600927352905282 0.86049753427505504 4.9380581378936776 -0.21555602550506589 5.2958111763000497 1.0000000180025095e-35 1.0000000180025095e-35 0.38278388977050787 0.040833333507180221 2.3214970827102666 0.82010149955749523 0.19500000029802325 0.89736840128898632 0.90557980537414562 0.12771739065647128 5.3254430294036874 0.55050507187843334 -0.076875738799571977 0.449535682797432 0.88580477237701427 0.033908046782016761 -0.25312758982181544 -0.28718024492263788 0.75478157401084911 0.08893280848860742 2.7403194904327397 -0.0051955056842416516 0.81427809596061718 0.54355159401893627 0.18350168317556384 -0.26394963264465326 0.26491229236125952 0.49421747028827673 0.4479393362998963 0.49137930572032934 0.23669467866420749 0.72209566831588756 1.1690285801887514 0.36754386126995092 5.0271592140197763 0.033908046782016761 3.8606742620468144 -0.53106579184532154 0.89738965034484874 0.3964285701513291 5.7349567413330087 7.1250000000000009 0.67261904478073131 0.82507774233818065 1.7005987167358401 1.4978661537170412 0.099894959479570403
decision_type=2 2 2 2 2 2 2 2 2 2 2 2 2 2 2 2 2 2 2 2 2 2 2 2 2 2 2 2 2 2 2 2 2 2 2 2 2 2 2 2 2 2 2 2 2 2 2 2 2 2 2 2 2 2 2 2 2 2 2 2 2 2
left_child=3 2 4 8 6 -6 10 -8 9 -1 13 44 51 -2 15 16 17 -15 -17 31 21 -7 46 45 -25 26 -26 -9 -29 55 58 32 38 35 -35 -33 37 -36 -10 43 41 42 -41 -4 -12 52 49 -48 -49 50 -23 -3 53 54 -22 -30 57 -5 -31 60 -51 -53
right_child=1 12 39 56 5 20 7 27 19 -11 11 -13 -14 14 -16 18 -18 -19 -20 -21 23 22 -24 24 25 -27 -28 28 29 30 -32 33 -34 34 36 -37 -38 -39 -40 40 -42 -43 -44 -45 -46 -47 47 48 -50 59 -52 61 -54 -55 -56 -57 -58 -59 -60 -61 -62 -63
leaf_value=-0.029960688389119607 0.052214214770669926 0.042057823422731691 -0.050260080861993101 0.0023264594340981193 -0.041464052855495377 -0.048578920291535099 -0.069354845911562615 -0.070713259665649481 -0.003351914886400765 0.048819345997073139 -0.091162693702896772 0.045898491429803817 0.034343936809542987 -0.051692753687052888 0.025096276735170404 -0.0166059815025138 0.016986586007558719 0.024292266846741486 0.015229912915451494 -0.041186338331234813 -0.085386122778960599 -0.031507365447161338 0.040582060276975723 0.0026222160443992912 -0.11942158430942361 0.040659158570933857 0.0033655552485586751 0.018823074970409328 0.003356830228736972 -0.047569178494262621 -0.041454203320621323 0.047831707058167923 -0.047778523947996532 0.020140625570975228 0.030688867208101683 -0.0054581472500483397 -0.01623896374566533 -0.037073465161274945 -0.016259059715807204 0.037789371256860688 0.016581476510536482 0.011316761094269615 -0.091807518905982433 0.0042169704018886079 0.01198033388627746 -0.0035072945824406801 -0.047681700359702921 0.0078129394819503109 -0.076118411119556473 -0.0034822676433727121 0.018313701209586544 0.011020572536575934 0.013013463546998338 0.045747293572616227 0.032359515388392553 -0.055344813988635624 0.025744923312300546 -0.071619338993731727 0.012380248206475923 0.034791776025046073 -0.077460483722159523 -0.023899270066010364
leaf_weight=84.628904632994818 17.392495504042017 18.851247177786718 7.7233760186936697 423.88051783031551 33.363166187147726 17.138247137947474 7.0531116025522342 4.7375371613161397 363.29405179402966 5.0860242759226812 8.6158008807105961 5.6159647665917865 75.746920198667794 29.867739241482923 130.76541534042917 31.994859846206964 24.231203386589186 7.6593057136196867 232.67582645555376 21.989894356782315 8.7011624093902373 13.106473945808828 18.385437016782816 17.754194922687024 7.0556095067877287 1.81942108552903 3.8339269218122354 64.678242841080646 167.89805887173134 6.9740527925896449 47.972809855098603 9.501852379893533 29.011874100702698 103.82017633591022 29.382451761004631 1673.017750837651 76.390326867607655 6.6805119026394086 307.50492098328687 2.6404955822508773 329.78543471446028 39.406164241081569 10.957146860193459 1654.4522952954867 2.7554314330918706 164.34038820568458 39.91351912056416 57.16968614984944 3.7238019896758479 1848.9350245787937 103.30162235601892 92.818038466502912 341.95767225899181 4.4964801391906795 3.2259214524528934 6.3119607183616599 43.008603616384789 5.1707116025499991 37.860084218147676 14.821904537267981 3.3662970801815382 22.02994260226842
leaf_count=650323 2744 983 2578 50912 276720 6392 2210 2230 179344 583 2127 14 498 27819 10764 21063 8469 1105 77152 10518 7015 5511 1215 1516 1630 4 236 8419 36214 1844 7849 3645 19838 31728 8660 671350 39682 3750 174740 91 13286 1705 2363 143914 171 28618 13754 9008 1214 485751 17342 7246 58545 161 672 1748 2819 1434 3196 117 197 725
internal_value=-0.000227112 0.00246686 0.00185163 -0.00513273 -0.000332729 -0.00202338 0.0051425 -0.00433702 -0.00664583 -0.0250056 0.0117616 -0.0293513 0.0187897 0.0132919 0.0117004 0.00627391 -0.0152441 -0.0359562 0.0113334 -0.006008 -0.00151579 -0.00316587 -0.00277282 0.00480181 -0.0248523 -0.0606253 -0.0795443 -0.00277247 -0.00159245 -0.00658939 -0.0205566 -0.00569458 -0.0109459 -0.00375443 0.00691325 -0.00512897 -0.00536854 0.0174746 -0.00928415 0.00563282 0.0129811 -0.00931262 -0.0657766 0.00393377 -0.0672214 0.00657415 -0.00317452 -0.0182298 0.00153341 -0.00240058 0.0124837 0.00978795 0.011194 -0.0252616 -0.0534998 0.00092622 0.00355034 0.00127084 0.00222058 -0.00333474 -0.00365844 0.00417383
internal_weight=8978.25 5795.88 5586.43 3182.37 3541.47 2706.41 835.06 343.486 2710.31 89.7149 491.574 16.9872 209.446 474.587 457.194 326.429 61.7582 37.527 264.671 2620.59 2673.05 2119.86 2102.72 553.185 30.4632 12.709 10.8895 336.433 331.695 267.017 92.8069 2598.6 699.811 1898.79 216.273 1682.52 112.453 36.063 670.799 2044.96 382.789 53.0038 13.5976 1662.18 11.3712 522.722 2084.34 100.807 60.8935 1983.53 116.408 133.699 358.381 16.4236 11.9271 174.21 472.06 429.051 44.8341 1867.12 1852.3 114.848
internal_count=3153471 1304145 1294693 1849326 1130756 915618 215138 63710 1794161 650906 151428 2312 9452 149116 146372 135608 37393 28924 98215 1143255 638898 540501 534109 98397 3386 1870 1866 61500 59270 50851 12889 1132737 373922 758815 83820 674995 52092 12410 354084 163937 17445 4159 2454 146492 2298 95011 532894 23976 10222 508918 22853 8954 66393 7848 7687 37962 55165 52346 5040 486065 485948 7971
is_linear=0
shrinkage=0.05


Tree=74
num_leaves=63
num_cat=0
split_feature=9 1 4 4 15 0 4 4 15 4 21 21 4 6 17 6 1 1 23 1 21 0 1 23 0 21 23 6 17 23 6 6 17 21 17 23 1 2 6 6 2 15 17 23 17 21 23 4 4 21 0 0 17 6 2 21 23 0 0 17 21 21
split_gain=53.2261 34.0177 29.0212 26.4492 36.3704 16.7426 16.0652 13.6281 17.8104 13.3404 13.1299 11.9422 11.2269 16.5583 11.7599 11.7205 11.1081 11.3352 11.0723 10.7754 13.9846 22.7106 23.4382 11.3877 10.0344 12.9556 17.8831 11.5651 9.93783 13.2921 11.8712 12.7171 13.8755 10.7479 9.65968 9.33564 9.25847 9.78091 9.22089 12.5449 9.83579 9.18786 9.17379 12.4028 9.45497 10.7155 13.3632 9.14363 9.04654 8.94016 8.86159 9.22387 8.63661 9.21387 8.60062 8.61993 9.06298 8.61723 8.54457 8.51637 11.9998 11.2467
threshold=1.0000000180025095e-35 8.2502284049987811 0.91776639223098766 0.22169714421033862 4.1449999809265146 2.1338784694671635 0.00974478153511882 0.21081871539354327 0.15500000119209292 0.022270845249295238 -1.2112960219383238 0.087340500205755248 0.080376621335744872 0.7196924388408662 0.62202382087707531 0.73029565811157238 10.335724830627443 10.39943313598633 0.29088154435157781 7.3175444602966317 0.16355631500482562 2.0800131559371953 3.5114340782165532 2.2044274806976323 2.5498392581939702 -0.33789385855197901 1.0893594026565554 0.82257318496704113 0.13188406080007556 1.0201946496963503 0.74007427692413341 0.77069538831710827 0.033908046782016761 -0.54587146639823902 0.9595237970352174 0.55843904614448558 10.269223690032961 1.2424533367156985 0.67557427287101757 0.64757251739501964 5.2958111763000497 2.0949999094009404 0.051315790042281158 1.0201946496963503 0.40370370447635656 -0.6047416329383849 1.0777355432510378 0.91445389389991771 0.76878526806831371 0.69192925095558178 2.7140035629272465 2.4444293975830083 0.5962963104248048 0.83537909388542186 9.162513732910158 -0.41818359494209284 -0.026354168541729447 2.2254340648651127 3.1131258010864262 0.10620300844311716 0.39977304637432104 -0.30703456699848169
decision_type=2 2 2 2 2 2 2 2 2 2 2 2 2 2 2 2 2 2 2 2 2 2 2 2 2 2 2 2 2 2 2 2 2 2 2 2 2 2 2 2 2 2 2 2 2 2 2 2 2 2 2 2 2 2 2 2 2 2 2 2 2 2
left_child=1 3 7 4 5 -1 10 36 47 59 -2 28 18 38 15 -15 42 -18 41 20 -13 -22 -23 -21 27 26 -26 -17 30 33 54 -32 -33 -30 -5 49 37 -3 39 -14 -41 52 43 -4 -44 -46 -47 -9 -10 -19 51 -31 -7 -54 55 -11 57 -57 -8 60 -6 -61
right_child=6 2 16 34 9 12 58 8 48 11 -12 19 13 14 -16 24 17 35 -20 23 21 22 -24 -25 25 -27 -28 -29 29 50 31 32 -34 -35 -36 -37 -38 -39 -40 40 -42 -43 44 -45 45 46 -48 -49 -50 -51 -52 -53 53 -55 -56 56 -58 -59 -60 61 -62 -63
leaf_value=-0.013813587586955854 -0.077726501245955829 0.038463072835363106 0.0067584253094815864 0.005110666974860888 -0.0095457582763040713 -0.031396752814295568 0.009808857180865542 -0.013986709407413745 -0.002097276259733894 0.018829122035497345 -3.9038797754822028e-05 0.035244374428314691 0.01864415566725957 -0.044498964851892697 -0.067617168630170546 -0.0042090753248004275 -0.066437399934728081 0.012790286421357423 -0.0033306760462559503 0.036495534044170552 -0.05516942881939766 -0.10118481221496388 0.015398250279613702 -0.054115214114446322 -0.081843529363021209 0.015783026241482982 0.020696139692617979 -0.054036188037848987 -0.053752687223928057 -0.024031679726548592 -0.065889651762832305 0.021353226608486806 -0.062497330582047775 0.032180549708411763 -0.065082314001923006 -0.01012203655800596 -0.030422372014900112 -0.012890761792431517 0.026151684564419794 0.037418444899603102 -0.059224980233328707 -0.0052319070975358588 0.01832725685771509 -0.036400038353758837 0.043755271840719041 -0.099341246679612555 0.0066993222167799115 -0.058623222009275271 -0.053914959778393494 -0.041521043564999277 -0.088211612874012246 0.035989037250149729 0.054967179403329763 -0.058918627790329227 0.027038738056168077 0.030656440264946939 -0.033857462637639495 -0.04629177813322146 0.020940767402257712 0.018290404193997172 0.015930452652524889 -0.0032165713652431618
leaf_weight=574.54157527340431 4.5550137135069226 8.4624459668812033 73.516719215083867 2271.4099382166314 277.07914835758129 97.078991743670485 847.4385175727657 334.95925087982323 1050.763130158768 22.643980011402164 259.89560808692477 42.138530859025195 23.931677817250602 14.368268955033271 5.9630560437217346 151.79824182536686 5.9961742334417059 104.3684047270217 465.07238174945451 83.559390919515863 14.206886376399778 3.5182811107952139 96.906197385425912 2.7587011107243589 7.5613144866656494 121.00433962442912 7.8098693705396727 11.636735656298695 2.973803245171438 17.06175803262159 13.882080697920172 14.746824373884012 6.1925690821371964 62.490335245325696 3.9169545229524365 148.29345417949662 77.415963900559291 656.39287939438145 92.555664569576038 2.6215689178497987 11.138834739685988 83.080376233308925 210.9146906248352 20.442626333911903 3.6231109062209716 4.964050713402683 5.6852791021810845 11.008821592666207 7.4933821026352225 7.1954784151748745 2.4553444228949948 8.9200804159045202 5.1922550715098614 1.5704881983256198 26.19646485731937 12.907390285574367 30.619238758808933 3.9630962893133974 217.19711823406396 114.56412544647901 54.49828713333045 127.70874439038016
leaf_count=334401 3774 29899 9966 235280 109112 64628 24735 192555 365735 6917 104533 2253 4938 4123 1379 28629 2136 10886 146886 9898 2874 320 6612 623 1555 6484 363 2868 1256 3352 4945 2239 1639 4948 500 39166 569921 611864 12658 255 3993 37722 14019 8030 51 650 592 7638 3186 3313 225 328 1219 995 2780 2206 10243 576 2323 28084 12631 47608
internal_value=0.000121385 -0.00146895 -0.00595415 0.000984831 -0.00234347 -0.00690039 0.0093599 -0.00864386 -0.00574052 0.00498978 -0.00166493 0.0112438 -0.00328811 0.00277947 -0.00334256 -0.00191197 0.0039129 -0.00362954 -0.00747736 0.018905 0.010977 0.00182863 0.0103565 0.0330131 0.000270135 0.0102437 -0.0316628 -0.00806386 0.00292175 0.0152549 -0.00595709 -0.030536 -0.0051629 0.0275269 0.00496129 -0.00193112 -0.0141213 -0.0121803 0.0177379 -0.00306468 -0.0395253 -0.0177219 0.0101876 -0.00291595 0.0156437 -0.0226162 -0.0470147 -0.0155719 -0.00251474 0.00894965 -0.0129714 -0.00285526 -0.0275696 0.0243369 0.00315017 -0.0060274 -0.0180233 0.0110014 0.0120974 -0.000122901 -0.00532316 0.00698686
internal_weight=9054.83 7725.74 2731.5 4994.24 2718.92 1676.93 1329.09 2146.5 1404.22 1041.99 264.451 468.141 1102.38 450.39 320.142 314.179 585 265.854 651.994 243.088 156.77 114.631 100.424 86.3181 299.811 136.376 15.3712 163.435 225.053 93.9013 131.152 34.8215 20.9394 65.4641 2275.33 259.857 742.271 664.855 130.248 37.6921 13.7604 186.922 319.146 93.9593 225.187 14.2724 10.6493 345.968 1058.26 111.564 28.4372 25.9818 103.842 6.76274 96.3302 70.1337 47.4897 16.8705 1064.64 573.85 331.577 242.273
internal_count=3155517 3020152 1869607 1150545 914765 653096 135365 1780798 569114 261669 108307 64234 318695 67245 45401 44022 88809 55501 251450 22580 12059 9806 6932 10521 39899 8402 1918 31497 41654 10109 31545 8823 3878 6204 235780 53365 1211684 641763 21844 9186 4248 104564 33308 17996 15312 1293 1242 200193 368921 14199 3905 3680 66842 2214 22722 19942 13025 2782 27058 197435 121743 75692
is_linear=0
shrinkage=0.05


Tree=75
num_leaves=63
num_cat=0
split_feature=18 9 1 15 3 3 2 17 15 3 21 21 21 19 5 4 2 23 0 5 23 4 1 0 15 15 7 4 1 3 0 21 23 23 18 17 21 2 15 5 2 17 0 4 3 21 2 1 23 17 5 23 21 17 5 17 21 5 5 3 15 1
split_gain=61.7991 23.3533 18.7437 18.1851 16.105 13.3118 12.9173 12.7729 16.0377 13.1782 16.2591 17.7673 18.1258 16.7759 15.7836 19.7821 13.1098 14.8311 13.2456 13.9284 12.5419 11.7843 15.9778 11.6342 12.1366 12.5695 16.9576 13.3385 13.3357 21.8309 11.5203 18.3188 12.2776 16.4484 11.9496 13.0877 12.498 11.2037 11.345 20.6397 17.1649 16.2394 20.5056 14.3083 12.2714 16.3783 19.6236 11.8316 11.6538 12.5856 12.0864 12.8407 11.0119 10.6505 10.5975 10.3038 10.3377 10.2113 10.9002 9.92168 13.6929 12.375
threshold=1.0000000180025095e-35 1.0000000180025095e-35 7.6456367969512948 0.2650000005960465 3.2769666910171513 4.9732735157012948 3.9415346384048466 1.0000000180025095e-35 0.39499999582767492 5.1503930091857919 0.48267115652561193 0.54026412963867199 0.50110971927642833 0.24568965286016467 0.73403239250183117 0.17798894643783572 6.760993719100953 0.92353358864784252 1.669724762439728 0.55359682440757763 1.1502597928047182 0.0087757804431021231 8.3964934349060076 0.076007433235645308 0.064999999478459372 6.0750000476837167 1.0000000180025095e-35 0.026535419747233394 3.9981586933135991 4.7578821182250985 1.3856393694877627 0.42256183922290808 1.02805632352829 0.55012384057044994 0.067816093564033522 0.13188406080007556 0.098371915519237532 4.610145330429078 2.2849999666213994 0.81279408931732189 5.7945356369018564 0.10435571894049646 2.258269309997559 0.10707102715969087 4.4829866886138925 -0.21848080307245252 5.8333466053009042 1.0000000180025095e-35 0.34939260780811315 0.23431372642517093 0.75304943323135387 1.8344027400016787 -0.72444105148315419 0.3390804678201676 0.50464686751365673 0.04446640424430371 0.76990297436714183 0.78739514946937572 0.63743984699249279 5.633000612258912 2.3950001001358037 7.8416895866394052
decision_type=2 2 2 2 2 2 2 2 2 2 2 2 2 2 2 2 2 2 2 2 2 2 2 2 2 2 2 2 2 2 2 2 2 2 2 2 2 2 2 2 2 2 2 2 2 2 2 2 2 2 2 2 2 2 2 2 2 2 2 2 2 2
left_child=2 7 5 -3 -4 -1 -6 8 54 23 30 12 20 14 -13 -16 18 -18 19 -10 -12 22 -8 -9 -25 27 -27 -26 29 52 31 32 33 -11 35 -34 -37 -5 39 40 41 42 -39 -44 -41 46 -46 -42 49 -49 -50 -52 -29 -23 -2 56 -15 58 -36 61 -61 -19
right_child=1 3 4 37 6 -7 21 9 16 10 11 13 -14 55 15 -17 17 59 -20 -21 -22 53 -24 24 25 26 -28 28 -30 -31 -32 -33 34 -35 57 36 -38 38 -40 44 47 -43 43 -45 45 -47 -48 48 50 -51 51 -53 -54 -55 -56 -57 -58 -59 -60 60 -62 -63
leaf_value=-0.0074924097664170854 -0.037807226479352078 0.023179961214781258 -0.028820403870913766 0.027699595954195397 0.016811204196188288 0.0027786426545386971 0.04378837070290581 -0.028618647935629744 0.043934189195829726 -0.019505631049665292 0.026315924875040576 -0.0047294703252653428 -0.073112282860372857 0.047591876262252558 0.015341977510201827 -0.092678095981746922 -0.019288252854881869 0.025332822023824288 -0.051687757862139132 -0.039760234457934598 -0.059102740645189313 -0.0090071104798520683 -0.0057066400498784389 0.011852640711234798 -0.012091462563788615 -0.024388837376184323 0.02009412320517678 -0.066473537811196262 -0.0022789448252347245 -0.027340913361676683 0.0093322563738836867 -0.061612387947467866 -0.017919904141457697 0.027228124507877972 -0.017169010693243208 -0.043006493177475971 0.041281659572359262 -0.093740145975103217 0.0092292900065666112 -0.00043303614879268844 -0.094170630114893225 -0.10406962109937681 -0.075664609700876448 0.037146473848901095 0.040818725178817537 0.031006868063137755 -0.14110979104854265 0.016631286769521487 -0.011624646342214677 -0.069677949118108248 -0.11644313067646284 0.023540041330679707 0.020288208907138425 -0.040528391224580206 0.0029189953041739948 0.0029124970608437111 -0.053696438947013564 0.015485745909601369 -0.070252523866634289 0.0022537342110599211 -0.058089847955315799 -0.018142183924549526
leaf_weight=514.57955736503209 15.553483158451852 191.47464729490457 96.453907298837294 57.665455921654939 50.403224021982169 811.84882615867537 23.668225575675024 34.410206866316003 8.5616796906106192 25.464108188112732 12.014813896152193 113.30486700963229 17.559926223009825 28.474380390136506 6.1766821708297384 10.953730631503275 144.34302104049129 62.185399921461794 36.974713215844531 9.3541159029700776 5.4168230125214896 1564.2856819537701 47.533618265922996 202.99658848309628 285.47176265845337 24.847900924629357 127.02175654412713 2.7850282900617449 1165.7224506904458 29.66692240012344 1319.7681587775005 11.617153751780277 31.359031634696294 65.336957800551318 24.534364565915894 4.4357888175873113 25.220452818088233 5.8952610881970093 634.4058393446976 154.29481495867367 2.8342292301240368 8.752315985002495 2.6879206607554798 10.986232354771344 2.115496799000538 66.20724117429927 2.1914600252639502 54.953596076898975 41.912227972345136 3.5849109247574225 4.9142879951104979 1.8587207505479453 168.59454088343773 26.359699531458318 455.88331844870845 49.110250459285453 1.9330579133238632 10.10665845609037 16.001733776996844 33.496400537202135 12.031190032896118 21.282766242053185
leaf_count=304591 4877 1549 658407 3565 9682 97932 8395 119722 1042 4842 678 14714 3361 872 292 1960 63397 10128 18404 14216 1028 712661 43427 52941 251858 96093 19328 976 283345 1406 91360 2583 9483 6970 4642 2292 2357 1526 68196 4370 541 1756 656 90 6 418 126 10224 5240 2025 948 38 8025 14091 80530 4533 665 821 4769 2333 3688 13389
internal_value=-5.85239e-05 0.00296986 -0.00572462 0.00903967 -0.00903398 -0.00120859 -0.00790321 0.00133028 -0.00441241 0.00253317 0.00567792 -0.0062651 -0.0387233 -0.000697566 -0.0117042 -0.0550315 -0.0128806 -0.00833364 -0.0349688 0.000444209 -0.00199412 -0.00866245 0.0111246 -0.000208304 0.000292777 -0.00101377 0.0127042 -0.00228161 -0.000225325 0.0116345 0.00758798 -0.0031588 0.000481625 0.0140525 -0.0105811 0.00433408 0.0276828 0.00645443 0.00519985 -0.00184465 -0.0169699 -0.0509889 -0.0233435 0.0113261 0.00749953 0.0246204 -0.0608966 -0.00783538 -0.00470424 0.0102642 -0.0225464 -0.0799412 0.0185008 -0.00955461 0.00149819 0.0172781 0.0396481 -0.028287 -0.0393107 0.00397838 -0.0145985 0.014164
internal_weight=9001.84 5866.71 3135.13 1246.73 1808.7 1326.43 1712.25 4619.97 799.666 3820.31 1778.79 244.945 34.9916 209.953 130.435 17.1304 328.229 273.339 54.8905 17.9158 17.4316 1661.85 71.2018 2041.52 2007.11 1804.11 151.87 1652.24 1366.77 201.046 1533.84 214.076 202.459 90.8011 111.658 61.0153 29.6562 1055.26 997.595 363.189 138.38 28.3217 19.5694 13.6742 224.809 70.5142 4.30696 110.058 107.224 58.5385 48.6852 6.77301 171.38 1590.65 471.437 79.5177 30.4074 50.6428 40.5361 128.996 45.5276 83.4682
internal_count=3154380 1305194 1849186 101274 1446663 402523 788256 1203920 212004 991916 158222 28103 5067 23036 16966 2252 126597 92935 33662 15258 1706 778574 51822 833694 713972 661031 115421 545610 293752 10407 130119 38759 36176 11812 24364 14132 4649 99725 96160 27964 23044 4028 2272 746 4920 550 132 19016 18475 12249 6226 986 9001 726752 85407 6070 1537 10232 9411 29538 6021 23517
is_linear=0
shrinkage=0.05


Tree=76
num_leaves=63
num_cat=0
split_feature=0 9 0 8 15 0 18 1 5 1 0 15 19 23 23 1 0 23 19 19 23 0 1 23 15 5 15 23 5 19 23 5 0 1 0 0 19 5 23 0 5 17 0 5 1 2 1 2 2 2 5 5 2 23 0 2 5 0 5 5 0 17
split_gain=58.4324 23.2495 19.4388 17.6806 20.3733 16.0289 14.2508 19.805 19.2854 15.2686 13.3743 13.0275 11.9119 11.5646 19.4557 16.6072 15.4132 11.3821 13.1259 11.2367 12.4039 11.7269 11.2009 15.9235 15.8213 11.511 10.8713 13.5169 14.5975 16.253 14.5417 13.0583 15.6538 14.0771 13.2333 12.0941 10.6923 10.6848 10.4902 10.6919 20.3248 14.066 10.4277 10.18 10.1606 10.008 9.7999 11.9333 15.75 11.4268 11.03 18.4035 12.7824 15.6944 13.4621 11.9085 10.9652 10.9491 10.8065 10.1633 11.3661 13.3209
threshold=2.1338784694671635 1.0000000180025095e-35 3.1131258010864262 1.0000000180025095e-35 0.12499999627470972 0.67989456653594982 0.13714733719825747 6.7062506675720224 0.61778950691223156 9.0377116203308123 2.0466878414154057 0.16499999910593036 0.25462962687015539 1.0345354676246645 0.74772030115127575 8.2502284049987811 0.99224776029586803 1.3129910826683047 1.0000000180025095e-35 0.085144929587841048 -1.0000000180025095e-35 2.1153473854064946 9.8923001289367694 1.3882962465286257 0.17500000447034839 0.55525141954422008 0.36500000953674322 0.46585516631603247 0.62302008271217357 0.08893280848860742 1.6646640300750735 0.55864441394805919 1.9784122705459597 7.3482656478881845 1.9784122705459597 1.5037331581115725 0.13188406080007556 0.5076354742050172 0.064502775669097914 1.395423471927643 0.78739514946937572 0.4463601559400559 1.6257632374763491 0.61646473407745372 11.051342487335207 6.2980291843414316 7.6964399814605722 5.6294164657592782 5.8650496006011972 5.9309172630310067 0.62956747412681591 0.57996207475662243 6.9270675182342538 1.262186646461487 1.9056189656257632 6.6444404125213632 0.60868260264396679 1.9855548143386843 0.55016303062438976 0.71183544397354137 1.7250908017158511 0.12249999865889551
decision_type=2 2 2 2 2 2 2 2 2 2 2 2 2 2 2 2 2 2 2 2 2 2 2 2 2 2 2 2 2 2 2 2 2 2 2 2 2 2 2 2 2 2 2 2 2 2 2 2 2 2 2 2 2 2 2 2 2 2 2 2 2 2
left_child=1 3 -2 4 44 37 7 8 10 12 -5 -3 26 14 16 -16 -13 18 -10 20 -12 -21 24 -24 25 36 35 28 31 -30 -29 33 -33 -28 -35 -9 -8 -6 -26 40 -40 -41 -27 -11 -1 -14 47 -37 -49 -50 51 57 53 -52 -55 -53 -48 -51 -59 -58 61 -61
right_child=2 11 -4 6 5 -7 22 9 17 43 19 13 45 -15 15 -17 -18 -19 -20 21 -22 -23 23 -25 38 42 27 30 29 -31 -32 32 -34 34 -36 46 -38 -39 39 41 -42 -43 -44 -45 -46 -47 56 48 49 50 52 55 -54 54 -56 -57 59 58 -60 60 -62 -63
leaf_value=0.0020720835222945047 0.0033913907223640984 0.029670543713097769 0.014068985976261945 -0.073666901222768519 0.035753918362378748 -0.0093628919254400197 -0.058213766120621784 0.022918752384195815 0.021495527279286712 -0.013295839397398583 0.040639781539549821 -0.062506674645842419 0.020152830472765143 0.015022392935531245 -0.094620767000045444 -0.010808534911685033 0.0052179957681447401 -0.092534008954611724 -0.054874833778073721 0.033455331402090997 -0.077021737050349259 -0.068449377877506198 0.035904901107122106 -0.037414178093379935 -0.047540548500553129 -0.081600305907281914 -0.084949722440682357 -0.024731412083184891 -0.06592137294260754 0.010890745681580832 0.0043566426278407065 0.04389956493202208 -0.07066964748246328 -0.013385328459226121 0.059118234892788293 -0.052934144269416811 0.055071047053624568 -0.039281469505997174 -0.062619650212216701 0.01614571200079749 0.03888229982721704 -0.063342846243229264 -0.019383316804187076 -0.0019437485737500552 -0.024223751114976905 0.003377762974942352 0.0025757040295759231 0.040849043716136853 -0.075957116232843264 0.023925759726048872 -0.054165676782759908 -0.014682205876563279 0.03608667812550008 -0.079817939648803571 0.0233878839909346 -0.096169702631586834 -0.02795986460285212 -0.074072994154161728 0.0083700377967248843 0.03244532867844669 -0.032078469989754041 -0.058705171462046173
leaf_weight=561.18400018350439 3216.2845696427685 57.482376727391966 490.61507123465708 4.876998816151171 4.3575030436986699 1619.8641131182485 1.9142891713418047 59.375044665532187 7.4434781024465364 394.23856860358501 2.5867469904478639 7.7806023589000679 113.22481080965372 149.50886144709511 8.9428036669705779 15.318029501395356 194.0194729508039 11.778967084363101 17.491342600958887 25.175115807214755 5.7753364136442524 2.2267280278028911 56.031707206042483 7.6822817184729493 6.9844768124166867 7.8669393185991785 3.8829997470602384 157.60812202212401 12.222898865176832 13.869261331274172 58.561619853193406 37.661197230801918 2.3417096458142614 22.264552059932615 7.6417080388637251 6.8335240144515401 6.9935499530402012 63.552779192839807 11.809675470576623 207.32771655695979 7.1645472063682965 4.7511767167598 32.525222241994925 395.50646980048623 38.303836652699829 403.85213318490423 140.55593223846518 33.145662193768658 3.4224874671781427 30.308459084131755 9.9420950324274582 10.52488685201388 43.055608922382817 2.5058268294669679 32.974050412070937 7.4201966848922885 82.41692772123497 5.9223342150216913 8.9169482252327708 25.986469888826836 15.494400431984102 3.7678857741411766
leaf_count=300795 499292 360 25593 934 4824 1174079 473 10038 444 163719 95 26447 13214 10960 2097 5282 47069 1797 2926 1190 1074 428 3292 1759 1880 1945 875 50315 3310 2923 14893 4177 634 7165 201 915 196 308271 3773 12123 265 579 1958 116973 185318 75913 24266 1360 664 1905 2079 1400 1786 395 1740 1340 18771 1230 726 2575 2430 935
internal_value=-5.67847e-06 -0.00337642 0.004808 -0.0043657 -0.00756353 -0.0103745 -0.0015221 -0.00300129 -0.0276932 -0.00209853 -0.00370295 0.0077129 0.00112137 0.00428234 -0.00285564 -0.0442254 0.00231146 -0.0534473 -0.0321272 0.00758205 -0.0401709 0.0230559 0.00782584 0.026623 0.00357991 -0.0219247 -0.00255839 -0.00986307 0.00531289 -0.026197 -0.0168675 0.0166558 0.0356329 -0.00618957 0.00645432 0.00186994 0.0273078 -0.0340178 0.0089318 0.0108364 -0.0242653 0.014076 -0.0331796 -0.00762033 0.000354388 0.00708282 -0.000871785 0.00763615 0.0101044 0.00330987 0.00558585 -0.0102921 0.0168968 -0.00167879 0.0141106 -0.0516745 -0.00706165 0.00691964 -0.0271321 -0.0176096 0.00143939 0.0193691
internal_weight=9001.07 5294.17 3706.9 4861.11 2287.26 1687.77 2573.85 2222.8 77.3547 2145.44 40.6409 433.052 1355.7 375.57 226.061 24.2608 201.8 36.7138 24.9348 35.7639 8.36208 27.4018 351.052 63.714 287.338 49.3 838.623 316.054 99.8843 26.0922 216.17 73.7922 40.0029 33.7893 29.9063 522.569 8.90784 67.9103 238.038 231.053 18.9742 212.079 40.3922 789.745 599.488 517.077 463.194 194.972 188.139 154.993 151.57 63.0928 88.4776 45.422 35.4799 17.9451 268.222 45.1477 14.8393 127.666 45.2488 29.7544
internal_count=3156385 2631500 524885 2539285 1973287 1487174 565998 537755 8888 528867 3721 92215 248175 91855 80895 7379 73516 5167 3370 2787 1169 1618 28243 5051 23192 4572 159048 84493 19285 6233 65208 13052 4811 8241 7366 74555 669 313095 18620 16740 4038 12702 3903 280692 486113 89127 64517 15540 14625 13265 12601 6601 6000 4214 2135 2740 48977 3861 1956 24711 5940 3510
is_linear=0
shrinkage=0.05


Tree=77
num_leaves=63
num_cat=0
split_feature=1 3 0 17 2 5 21 3 6 21 1 0 5 3 6 15 3 5 23 5 15 15 0 3 6 9 2 5 23 3 21 6 5 21 15 0 1 5 5 5 21 21 23 0 23 23 0 2 20 3 2 6 23 5 1 3 15 0 23 21 5 0
split_gain=57.6789 23.3866 22.1704 19.5179 16.4975 15.948 15.2508 13.2193 12.4161 11.931 12.668 12.9486 16.4149 11.8362 15.8411 11.7667 12.4165 11.7701 14.9073 13.6918 12.3355 14.3439 12.1561 11.6417 11.6366 11.4589 11.2063 11.5797 11.1496 11.038 10.9424 10.8406 14.5227 10.7308 10.4221 10.1652 10.6958 9.94775 9.90476 9.8566 14.852 13.7191 12.0514 11.3608 10.1522 9.80969 9.4326 9.35627 10.4623 13.53 9.26928 19.6985 12.9329 12.1595 9.79045 9.19924 9.04875 13.9726 8.99843 8.91558 8.90707 8.79078
threshold=4.1971738338470468 4.7749040126800546 2.0632025003433232 1.0000000180025095e-35 5.2958111763000497 0.85711365938186657 0.27199335396289831 1.0000000180025095e-35 0.67955756187438976 0.59488791227340709 10.852603912353517 2.2823361158370976 0.65934970974922191 6.5700526237487802 0.86414274573326122 0.49500000476837164 5.2496488094329843 0.64688390493392955 1.9784656763076784 0.51609879732131969 4.5750000476837167 4.1150000095367441 2.030211448669434 5.2600927352905282 0.49697791039943701 1.0000000180025095e-35 5.1845848560333261 0.64141449332237255 0.9315110743045808 5.2755572795867929 1.2221552729606631 0.75970444083213817 0.80519497394561779 0.29735623300075537 0.16499999910593036 1.2439844608306887 9.3477954864501971 0.90557980537414562 0.42192436754703527 0.85389685630798351 -0.049344424158334725 -0.78348702192306507 0.035216372460126884 3.1131258010864262 1.9404295682907107 1.5342450141906741 1.9273325800895693 9.6030235290527362 1.0000000180025095e-35 5.2337753772735605 8.8794727325439471 0.76307687163352977 0.88858807086944591 0.55190905928611766 7.1336948871612558 3.8393944501876835 0.15500000119209292 1.3442020416259768 0.46585516631603247 -0.33789385855197901 0.47049582004547125 1.9784122705459597
decision_type=2 2 2 2 2 2 2 2 2 2 2 2 2 2 2 2 2 2 2 2 2 2 2 2 2 2 2 2 2 2 2 2 2 2 2 2 2 2 2 2 2 2 2 2 2 2 2 2 2 2 2 2 2 2 2 2 2 2 2 2 2 2
left_child=4 3 5 6 -1 8 -2 56 24 10 11 12 26 23 -15 30 61 19 20 45 21 28 50 47 -3 31 -8 33 46 -22 35 32 -9 -28 -27 -10 -37 -33 -4 40 41 43 -42 -25 -44 -18 58 60 49 -49 52 54 -21 -54 -52 -13 57 -5 -19 -23 -6 -17
right_child=1 2 38 7 13 -7 9 25 15 -11 -12 55 -14 14 -16 16 17 18 -20 22 29 59 -24 39 -26 34 27 -29 -30 -31 -32 37 -34 -35 -36 36 -38 -39 -40 -41 42 -43 44 -45 -46 -47 -48 48 -50 -51 51 -53 53 -55 -56 -57 -58 -59 -60 -61 -62 -63
leaf_value=0.026558790233005732 -0.019413777138030979 0.021885466457851634 -0.065931678178465333 -0.018767113576054845 -0.061765262085300122 0.02450908819729021 0.035987465557314496 -0.012816889214199923 -0.0051650664060960277 -0.017309423851062378 0.052958512571963171 -0.026697414106507663 -0.041428104657268927 -0.11166599590194171 0.032294294534493242 -0.012440589851922222 -0.06353006136547544 -0.039178238507257629 -0.055688358805864903 -0.024991999556044399 0.041068734356904904 -0.030984553095484021 -0.057442225792905713 -0.096958596363481586 -0.0088012144276913163 0.025800243658810302 0.040751853219879404 0.050756317953002339 -0.031345828194716936 -0.030774367475696663 -0.053481270617730149 -0.00043177953329574695 0.0085209380434353062 -0.033352790843117396 0.0015467812450102481 0.002948025957385888 0.027183878685036841 -0.051669152600695906 0.0047046198595186656 0.029627262692838233 -0.094679131315814041 0.024416140997041706 0.0032690594096806366 0.024429232299832696 -0.067042003565142852 0.0088778595750672647 -0.049498056236001509 -0.11278318293062212 0.012690878653041427 0.026972403274794263 -0.045778319350432278 -0.041592991766442163 0.046276576390632193 -0.0017084348195396178 0.02633873815555526 0.04256668477514923 -0.042332932506513953 0.06991814506634457 0.027084153647105331 0.038322230044433712 0.0056268225262225517 -0.04429985977188685
leaf_weight=123.80446906127327 404.3834804708531 31.0413968389621 3.9813607733231029 29.988925199751975 3.9389834895846425 52.801336234202608 19.600175240229873 550.69537252006921 414.11233713902766 83.130087366491352 12.406736274442663 5.2135134334603235 25.179995085065457 3.7165185444755471 2.6074867844581604 210.48342504911125 10.946895515546204 5.1771135690505607 16.151171307370532 36.46070294076344 5.0288483402691773 4.6465180597151621 5.8790291632758445 3.448103950591757 914.09581911563873 48.921889952849597 4.9968356552271862 5.7204748891017507 31.413294778903946 56.832431207410991 8.0656629379373026 798.36676776828608 92.499446812060341 27.846237669265975 394.37638286761648 1185.2022476136335 46.36828048148891 8.5871107393177208 1706.7096124497475 89.718022410233971 2.4534218220505855 140.02186176902615 112.60723095375579 2.8241289090365171 4.3769704448059192 7.32643152977107 5.2548906325828275 4.8921311693120497 5.7487934655509889 1.9855063720606265 4.0026798192411652 11.709889459074473 17.42698154161917 46.32591085578315 126.8300180330989 23.868885699077509 35.06228569535233 4.1908644614377399 31.358162250719033 31.387385770096444 806.21048393411183 23.426047266868409
leaf_count=3895 447195 8122 863 255139 940 2544 3298 344095 99710 58958 9700 3291 26148 241 14 107596 4785 2122 4891 12727 525 2190 1474 400 329668 377 2520 2912 11041 17700 4151 334359 64167 22767 40445 195377 8556 5320 132814 725 192 2690 3077 22 328 1463 1649 741 142 9 716 2571 2637 13590 19497 3538 422022 4850 6203 3793 81073 11130
internal_value=-0.000438423 -0.00210285 -0.000125391 -0.00597971 0.00925656 -0.00249617 -0.0137662 -0.00354462 -0.0029373 -0.002744 0.00701604 0.00152388 -0.00853476 0.00742732 -0.056004 -0.000983862 -0.00647351 -0.0016426 -0.0112208 0.00509382 -0.00672404 0.00340139 0.00821096 0.00781498 -0.0077713 -0.00275292 0.00616483 -0.00951921 -0.00931549 -0.0243737 0.00130273 -0.00490289 -0.00973978 -0.0212073 0.00427541 0.00160354 0.00388181 -0.00104029 0.0045018 0.0153655 0.0104573 0.0210826 -0.00262427 -0.0464591 9.24354e-05 -0.0355448 0.00759006 0.00453839 -0.036573 -0.0741348 0.0100301 0.0181774 -0.00162363 0.0119205 0.0238019 0.0296752 -0.0248464 -0.00621485 0.016901 0.0287899 0.00522342 -0.0158063
internal_weight=8933.84 7625.48 5050.45 2575.04 1308.35 3339.75 612.346 1962.69 3286.95 207.963 124.833 112.426 83.3437 1184.55 6.32401 2341.82 688.068 454.158 187.25 266.909 171.099 109.237 248.635 1178.23 945.137 1893.45 58.1637 38.5635 73.2035 61.8613 1653.75 1450.15 643.195 32.8431 443.298 1645.68 1231.57 806.954 1710.69 355.45 265.732 146.294 119.438 6.27223 116.984 18.2733 41.7902 822.776 12.6264 6.87764 242.756 142.543 100.214 63.7529 130.833 29.0824 69.2421 34.1798 36.5353 36.0339 810.149 233.909
internal_count=3155695 3061206 1010105 2051101 94489 876428 580327 1470774 873884 133132 74174 64474 57645 90594 255 536094 228300 109574 50114 59460 45223 26998 53212 90339 337790 788763 31497 28199 21015 18225 307794 747941 408262 25287 40822 303643 203933 339679 133677 7434 6709 3112 3597 422 3405 6248 9974 82905 892 750 51738 22784 28954 16227 20213 6829 682011 259989 8325 5983 82013 118726
is_linear=0
shrinkage=0.05


Tree=78
num_leaves=63
num_cat=0
split_feature=18 14 4 17 0 0 17 4 2 6 21 4 5 18 0 6 6 17 23 5 0 0 6 18 2 0 4 4 6 5 4 0 21 5 6 21 0 5 5 23 6 0 0 6 21 23 23 5 0 17 5 21 21 0 0 5 5 4 2 0 0 6
split_gain=43.0109 19.384 16.1507 14.5844 13.3247 12.9454 21.0245 16.8881 23.7994 12.696 13.5114 20.9358 15.1136 17.121 18.7042 13.2313 12.6591 12.4118 23.5425 12.1249 14.3199 11.7748 11.7097 11.5994 11.2819 17.8051 14.8802 11.2359 11.2329 15.3001 17.718 15.0612 17.9444 14.2818 12.4478 11.9242 11.8412 12.1562 13.189 14.4723 12.5958 34.0044 13.139 21.0491 11.1841 11.0628 10.7815 10.7569 10.7095 15.9577 16.4382 11.5824 18.2279 16.1577 14.6407 11.093 11.9834 10.6471 16.8469 10.5344 10.517 10.402
threshold=1.0000000180025095e-35 0.89587974548339855 0.84952831268310558 1.0000000180025095e-35 1.7952618002891543 2.3626756668090825 0.15894736349582675 0.01642551459372044 8.8485808372497576 0.83292543888092052 -0.33116725087165827 0.0077531647402793178 0.65517181158065807 0.13188406080007556 2.2700499296188359 0.68429878354072582 0.68339741230010997 0.20942982286214831 1.5124263763427737 0.78049826622009288 1.8576371073722842 2.4820864200592045 0.71904459595680248 0.48074074089527136 9.6739149093627947 2.4820864200592045 0.40757967531681066 0.0051452198531478652 0.80445882678031932 0.66945868730545055 0.14269424974918368 2.4093282222747807 0.46492342650890356 0.51609879732131969 0.77494853734970104 0.61682966351509105 3.3746581077575688 0.89141109585762035 0.87620034813880932 -0.35047024488449091 0.7678833305835725 2.7621499300003056 2.6723568439483647 0.79895144701004039 0.51095661520957958 1.8962246775627138 0.69752860069274913 0.83430954813957225 2.4820864200592045 0.10912698507308961 0.67678257822990429 0.69192925095558178 0.62859004735946666 2.2360481023788457 1.8849380612373354 0.78570854663848888 0.51057183742523204 0.018596947193145755 5.0657496452331552 2.0385185480117802 2.0225849151611333 0.79692408442497265
decision_type=2 2 2 2 2 2 2 2 2 2 2 2 2 2 2 2 2 2 2 2 2 2 2 2 2 2 2 2 2 2 2 2 2 2 2 2 2 2 2 2 2 2 2 2 2 2 2 2 2 2 2 2 2 2 2 2 2 2 2 2 2 2
left_child=4 2 5 22 27 9 44 8 -8 10 12 15 13 14 16 -12 -2 -10 21 60 -21 -19 -4 -23 26 -26 48 -1 31 30 35 34 33 -33 -9 -30 37 38 39 -35 47 42 43 -42 -7 -31 59 -41 51 50 -50 52 55 54 -53 56 -6 -34 -59 -14 -11 -51
right_child=1 -3 3 -5 24 6 7 28 17 19 11 -13 46 -15 -16 -17 -18 18 -20 20 -22 23 -24 -25 25 -27 -28 -29 29 45 -32 32 57 36 -36 -37 -38 -39 -40 40 41 -43 -44 -45 -46 -47 -48 -49 49 61 -52 53 -54 -55 -56 -57 -58 58 -60 -61 -62 -63
leaf_value=-0.028404941180062277 0.010424070038154343 0.015082476142301501 0.0083836646668626891 0.012180686432297819 -0.029660744146226416 0.0074312463461540801 -0.034876405753704841 0.036559468624581162 0.028235642995503504 -0.006874626410230871 0.015670179409804193 0.00082702309521518304 -0.01679767323424446 0.017118531915567961 -0.072813200751849355 -0.035942288596599939 -0.016522830526271889 0.012377354514029805 0.018983341451886893 0.020673704764509214 -0.032862439808692169 -0.11750646465798592 -0.033455660392249474 -0.005597915221216155 0.015905260203760721 -0.062629237991403339 0.0064156623083611117 -0.0068979857963285644 -0.028898104860063951 0.0063454495356235832 -0.10017928707502322 0.039181544307579343 0.027689762736450102 0.019409410294516843 -0.02733970301382134 0.049184960619900596 0.026456922324250499 -0.076331693345184248 0.031916281850843678 -0.00098726806169237616 -0.06542052673011127 -0.10316295709760573 0.021893647411611775 0.018635328592192336 0.023482362243718261 0.030174318680765894 -0.0086683843139632785 -0.094928820437779296 0.0060640304054263034 0.030147022558405363 -0.035605409815763003 0.027113882766594433 -0.056823564876552948 0.031539691329977214 -0.02619721493232087 -0.036341680171977718 -0.0054771119680227728 0.001316020020059772 -0.10254986472842556 -0.049902928344069189 0.03545475646085159 -0.0053450829550353686
leaf_weight=62.399724629449338 72.703715914249187 300.05162907679914 32.748980305274017 563.56680277682608 54.456326787978469 821.29940443443775 80.433300620105001 30.95436595461797 30.69704206577444 18.593473501910921 14.925494087063269 2458.5600172770501 60.542597394982295 87.805762584335753 9.9909952254092769 60.792340458843682 105.90306819392208 3.7746683239529366 21.197465562901925 24.676649385612109 23.362067836234928 7.4109713780635484 32.504192071559373 3.3384328515967354 139.19748850143515 6.6342813566443501 345.05862713512033 1517.1700137751832 15.338025020551873 284.37142329313792 5.5316264989669426 14.677251664106732 2.7547707099583958 22.352044177532662 9.2021427514264342 5.9881362300366154 18.314181259716861 6.7423560324241398 14.571430405310819 52.58546420437051 19.387172436167024 14.677333828294648 14.077425207069608 11.160121868597342 124.49644751035521 58.011631074827164 129.85813930603035 2.2362256386550134 65.943591124349041 67.350736262924329 35.717350084334612 18.114625115533272 19.142654606279393 41.721376260837133 38.741623342706589 33.484129836622742 686.23637530103952 5.6671997575322193 11.372360946494153 40.73356184084696 63.807493376334605 29.192502373683965
leaf_count=530180 22801 13370 5324 41545 29583 84304 44191 1646 1187 7980 21225 445940 97106 25722 4080 239716 54317 409 761 30118 11522 1073 5634 411 12277 910 44695 802013 2312 13900 640 574 119 1831 1263 68 536 454 248 5160 3862 1937 924 761 6516 1359 73230 294 16451 9180 14385 7892 8917 6047 22377 44106 292325 284 1793 23562 3308 9190
internal_value=0.0001753 0.00272737 0.0020524 0.00958821 -0.00451853 0.00108057 0.00458234 -0.00156973 -0.016755 -0.000810795 -0.00146776 2.4735e-05 -0.00890561 -0.00100256 -0.00948502 -0.0256968 -0.00555685 0.00538185 -0.0144915 0.0144041 -0.00550107 -0.0614228 -0.0126479 -0.0861856 -0.00127208 0.0119303 -0.00262099 -0.00776504 0.00204838 0.0075861 -0.0280984 -0.00610451 -0.0114664 -0.00662198 0.021608 -0.0057523 -0.0106391 -0.0150843 -0.0118663 -0.0167391 -0.0239261 -0.039706 -0.0170309 -0.0350943 0.00956665 0.010459 -0.0183115 -0.00645115 -0.0054847 0.00500894 -0.00878025 -0.00781967 -0.00982821 0.00828068 -0.00903702 -0.00859437 -0.00729271 -0.055594 -0.069847 -0.0304704 0.0259354 0.0194702
internal_weight=8974.31 5813.75 5513.7 628.82 3160.56 4884.88 1712.62 766.825 146.852 3172.26 3041.82 2534.28 507.538 276.404 188.598 75.7178 178.607 66.4186 35.7215 130.44 48.0387 14.5241 65.2532 10.7494 1580.99 145.832 1435.16 1579.57 619.973 369.241 26.8578 250.732 210.575 190.781 40.1565 21.3262 176.104 157.79 151.047 136.476 114.124 59.3021 44.6247 30.5473 945.796 342.383 231.134 54.8217 1090.1 198.204 101.661 891.897 793.319 98.5776 56.8562 774.177 740.693 19.7943 17.0396 101.276 82.401 96.5432
internal_count=3155845 1305317 1291947 52503 1850528 1239444 178817 87997 48032 1060627 1007699 706881 300818 106920 81198 260941 77118 3841 2654 52928 41640 1893 10958 1484 518335 13187 505148 1332193 39965 18279 3020 21686 18777 16581 2909 2380 16007 15471 15017 14769 12938 7484 5547 4623 90820 15259 193898 5454 460453 49206 30836 411247 374931 36316 30269 366014 321908 2196 2077 120668 11288 18370
is_linear=0
shrinkage=0.05


Tree=79
num_leaves=63
num_cat=0
split_feature=0 3 5 13 1 3 9 1 17 3 17 5 3 5 3 1 5 0 3 0 21 23 23 15 0 19 5 3 19 21 21 1 0 5 17 15 15 19 19 0 17 23 5 23 3 3 21 5 1 0 1 23 21 15 19 17 21 17 1 23 3 15
split_gain=58.7711 28.6088 21.0616 19.6994 26.5699 17.4955 18.2204 24.129 17.1559 14.6334 18.3645 17.152 13.938 11.9554 13.4753 12.4181 17.861 15.8833 12.2035 11.8084 16.0315 11.1306 19.1972 11.787 11.0343 11.0128 10.874 16.0468 12.1686 10.6388 26.5162 19.4935 15.9736 15.0912 10.7343 10.558 15.5616 13.1754 13.0306 10.4365 10.4078 11.5897 17.3543 10.325 9.9883 9.68487 9.56654 9.50632 9.57048 20.6191 10.9883 10.3616 9.49218 9.4145 17.6604 13.9063 13.1035 12.76 10.441 13.6352 11.3781 14.6478
threshold=2.2254340648651127 5.2600927352905282 0.91888117790222179 1.0000000180025095e-35 10.570175647735597 1.0000000180025095e-35 1.0000000180025095e-35 5.9750802516937265 0.23431372642517093 3.9607677459716801 1.0000000180025095e-35 0.4479393362998963 3.8176519870758061 0.76344707608222973 6.6707012653350839 9.0589942932128924 0.64688390493392955 2.2033913135528569 5.3008110523223886 2.1338784694671635 0.57243141531944286 0.54355159401893627 0.3868196457624436 0.56499999761581432 2.3773803710937504 0.27429467439651495 0.87110334634780895 3.2384861707687382 0.26794873178005224 -0.71193596720695485 -0.31903566420078272 7.5167052745819101 1.8502480387687685 0.51609879732131969 0.13188406080007556 5.6250000000000009 4.6250000000000009 0.3964285701513291 0.47213622927665716 1.4145705699920657 0.22474747896194461 1.3685997128486636 0.62833303213119518 0.053019521757960326 2.1383330821990971 3.9219243526458745 1.3231014609336855 0.64552369713783275 7.1948120594024667 1.9487996697425845 7.3786959648132333 1.7011516094207766 -0.95444282889366139 0.98500001430511486 0.53452381491661083 0.2981481552124024 -0.064317658543586717 0.057189542800188072 4.7749040126800546 -0.21555602550506589 2.3502402305603032 4.7449998855590829
decision_type=2 2 2 2 2 2 2 2 2 2 2 2 2 2 2 2 2 2 2 2 2 2 2 2 2 2 2 2 2 2 2 2 2 2 2 2 2 2 2 2 2 2 2 2 2 2 2 2 2 2 2 2 2 2 2 2 2 2 2 2 2 2
left_child=1 3 9 5 -5 -1 26 -8 -6 10 45 -11 53 14 15 16 40 18 -18 20 -20 22 23 -4 -14 -26 27 43 -28 44 31 -31 34 -32 -33 36 37 -35 -37 -22 47 42 -42 52 -9 -2 -29 48 49 -3 51 -50 -7 -12 55 56 -55 -56 59 -58 -61 -62
right_child=2 13 21 4 8 6 7 29 -10 11 12 -13 24 -15 -16 -17 17 -19 19 -21 39 -23 -24 -25 25 -27 28 46 -30 30 33 32 -34 35 -36 38 -38 -39 -40 -41 41 -43 -44 -45 -46 -47 -48 -49 50 -51 -52 -53 -54 54 57 -57 58 -59 -60 60 61 -63
leaf_value=-0.045813550835638692 -0.03343131591186526 -0.090992244018476914 -0.085899759502143846 0.011446930470137083 -0.0065874777997809832 0.063061812575117213 -0.10299033107928995 -0.041547644750083483 -0.053692471083708171 -0.071478630286563399 0.010316833111773546 0.0071495215916894742 0.0067107983434552647 0.010575174743899766 0.018011369904764981 -0.0065283676390867091 0.028384695018729325 -0.065382269820319264 -0.0068246408287480883 0.011662276650323801 0.038427495341991538 0.028219037967122246 -0.10991811673117827 0.015369962738596638 -0.063597167369925309 -0.0089613255053608686 0.02370466402085495 -0.0082156369424379767 -0.036299105353225607 -0.10567271291239694 -0.055913514842125867 -0.07745432745227962 0.034089088973252149 -0.0044100516480468496 0.0034866827818612932 0.029742406848015015 -0.082746804486695025 0.028779899327032329 -0.06671446233686508 -0.050376884078007639 -0.049480182937621235 0.031569279487885266 0.044675718162530492 -0.042586427723500291 0.028307959689936275 0.025070619244256312 -0.056744277287883851 0.039047821734110817 0.024413627820036019 -0.003048746342147959 0.0035652082061451078 -0.068994921897528261 -0.017131306694940614 0.0033604333763208381 0.029042953185505777 0.014278045915458443 -0.057305630474451301 -0.065266733867473156 -0.046564486157933752 0.024128136539796549 -0.039014363043324 0.0291315402372627
leaf_weight=28.597087647151056 56.780275723191153 5.8638291590614235 2.0708239077357566 333.31769507993886 152.97750754907975 3.5007629843421482 4.2151843815809107 4.6876010994456001 21.197302032567677 5.9656810223241328 277.91178029228467 2184.095874236722 20.962400048912968 301.20599668158684 98.661192024650518 662.72435231524287 25.359017662529368 10.051777081447652 371.27653830632335 74.189293130650185 2.9512265627272418 151.02225208269374 2.6265064865292507 45.765788964265084 19.109863313206006 17.739059327461291 45.759954335855582 2125.572384841289 9.3819461600687628 7.6313395688775918 8.2171330018754798 9.5339139933494206 8.8388223703805107 106.36547820778651 6.5666957707435349 68.497349413679331 4.2478318287030552 40.484492066956591 2.7614671796618486 31.725598404998891 11.322019447572531 66.401644179597497 7.1648439295822746 56.364095152886875 63.00206779781729 7.3242400872404678 9.2347777825489157 17.764493476192001 93.361977420514449 233.98047820437932 657.47372660360998 2.122000422794371 19.522247446799156 148.45972077993792 3.914557078722285 126.01781774876508 11.660504966173901 16.084677072954946 26.119013992873079 26.221330580759968 24.938548367703333 10.480330724327358
leaf_count=385764 43465 1271 83 125159 382016 5735 851 2995 73921 1881 32771 169429 7384 22624 5425 228467 3595 1406 64356 4554 164 4056 308 1566 6764 2942 15826 1007897 8829 1952 2933 3869 688 11706 1189 4485 2064 1850 676 8757 2357 3228 462 136496 2749 3480 6090 1403 6097 21224 120258 483 64531 52802 825 33791 5532 10949 20384 4755 5959 739
internal_value=0.000398498 -0.00259217 0.00585647 -0.00582757 0.00318738 -0.0075657 -0.0071283 0.00374658 -0.012594 0.00479565 -0.00101987 0.00690282 0.00124889 0.00120896 1.58492e-05 -0.000772582 0.00159777 -0.00606898 -0.00476279 -0.00656885 -0.00992112 0.0214648 0.00109567 0.00931689 -0.0220956 -0.0382272 -0.00873484 -0.00928252 0.0130308 0.00541279 0.000835481 -0.0406966 -0.0175069 0.00685269 -0.0461688 0.00941215 0.00188162 0.00487272 0.0251329 -0.0419538 0.00520821 0.0219226 -0.0125687 -0.0312324 0.0229359 -0.0264648 -0.00845203 0.00378391 0.00311426 -0.00556771 0.0058835 0.0216442 -0.00282007 0.00328762 -0.00168538 0.0008183 -0.00605429 -0.046303 -0.0200064 -0.0100437 -0.000331037 -0.018604
internal_weight=8999.35 5814.08 3185.27 3140.48 507.493 2632.98 2604.39 335.049 174.175 2983.79 793.724 2190.06 729.62 2673.6 2372.39 2273.73 1611.01 515.553 505.502 480.143 405.953 201.485 50.4631 47.8366 57.8113 36.8489 2269.34 2214.19 55.1419 330.834 263.145 32.5708 24.9394 230.574 16.1006 222.357 151.098 146.85 71.2588 34.6768 1095.46 84.8885 18.4869 79.3871 67.6897 64.1045 2134.81 1010.57 992.802 239.844 752.958 95.484 23.023 671.808 393.897 373.897 247.879 19.9992 99.4197 73.3007 61.6402 35.4189
internal_count=3156267 2746402 409865 2250271 581096 1669175 1283411 38007 455937 403852 232542 171310 185597 496131 473507 468082 239615 82832 81426 77831 73277 6013 1957 1649 17090 9706 1245404 1220749 24655 37156 31412 7698 5746 23714 5058 20781 15620 13556 5161 8921 156783 6047 2819 206762 5744 46945 1013987 150736 149333 22495 126838 6580 70266 168507 135736 123962 90171 11774 37369 16985 11453 6698
is_linear=0
shrinkage=0.05


Tree=80
num_leaves=63
num_cat=0
split_feature=9 6 3 3 1 2 15 5 3 15 15 1 14 4 6 3 1 19 15 23 4 23 15 1 17 3 5 5 18 1 1 1 4 6 6 1 4 15 23 1 5 2 1 4 5 5 18 2 18 18 3 1 3 19 6 5 18 5 1 5 18 4
split_gain=50.6244 32.4797 26.6198 16.3787 15.7214 16.5738 13.7444 13.251 18.6856 12.4988 15.0395 12.3094 12.232 13.1229 12.4453 20.5624 20.4073 15.9248 25.3942 20.6191 17.8972 12.0645 11.723 12.9214 15.7434 11.7139 13.4765 11.3325 13.8281 11.0891 12.7005 11.0733 11.0003 10.6507 18.5936 23.1225 13.8384 39.0811 26.3693 13.639 10.6838 17.5971 19.956 17.2284 14.557 12.6091 23.1467 10.4247 10.3434 16.2989 15.1679 12.1254 11.6143 12.948 18.0137 11.8434 11.5696 16.2011 14.4604 13.1371 11.8525 17.2904
threshold=1.0000000180025095e-35 0.82842934131622326 4.7405652999877939 3.0677825212478642 8.1618027687072772 4.9380581378936776 0.24499999731779101 0.87904992699623119 2.6020033359527592 0.064999999478459372 4.0150001049041757 9.6514620780944842 1.2424533367156985 0.0010634057107381525 0.69213515520095836 5.6240110397338876 2.0126758217811589 0.21240601688623431 0.28499999642372137 0.097678307443857207 0.040950575843453414 -2.8498268127441402 6.5150001049041757 9.0377116203308123 0.60769233107566845 5.0720391273498544 0.86447113752365123 0.6204105317592622 0.36939570307731634 8.3964934349060076 9.6983375549316424 9.9157867431640643 0.11779467016458513 0.77069538831710827 0.78032410144805919 6.8992187976837167 0.22737026959657672 0.72500002384185802 1.9238548278808596 7.0357086658477792 0.86447113752365123 9.1417937278747576 5.4909996986389169 0.0089957197196781653 0.57855078577995311 0.61261081695556652 0.19615384936332705 7.2488596439361581 0.14550264924764636 0.10912698507308961 5.6612212657928476 8.2283105850219744 5.8930234909057626 0.03637566231191159 0.69299411773681652 0.78225356340408336 0.064583335071802153 0.59671160578727733 8.8275413513183612 0.57996207475662243 0.067816093564033522 0.29474411904811865
decision_type=2 2 2 2 2 2 2 2 2 2 2 2 2 2 2 2 2 2 2 2 2 2 2 2 2 2 2 2 2 2 2 2 2 2 2 2 2 2 2 2 2 2 2 2 2 2 2 2 2 2 2 2 2 2 2 2 2 2 2 2 2 2
left_child=1 2 7 -3 -4 11 -2 8 -1 -10 47 -6 13 -8 15 -15 -17 18 -16 20 21 -20 29 24 -24 26 -7 28 -5 -21 -31 -13 -22 -19 35 -35 37 38 -36 -37 41 44 45 -42 -39 -43 -47 -11 49 56 -51 -50 53 54 -53 -55 -27 58 59 -58 61 -59
right_child=6 3 4 27 5 25 12 -9 9 10 -12 31 -14 14 17 16 -18 33 19 22 32 -23 23 -25 -26 48 -28 -29 -30 30 -32 -33 -34 34 36 39 -38 40 -40 -41 43 42 -44 -45 -46 46 -48 -49 51 50 -52 52 -54 55 -56 -57 57 60 -60 -61 -62 -63
leaf_value=-0.025076399018110609 0.022185679726645039 -0.013331004135574843 0.0013690965173530287 -0.056328020886964328 0.039049899533616525 -0.015417693124698695 -0.036168180882929057 0.013501580902019245 0.0042334541584401562 -0.0086334591910517278 0.00076771960070805127 -0.093113332804345014 0.022151553561025904 0.019898409439211034 -0.15694543954135398 0.035594346147431094 -0.10467341108089073 0.017946493620471977 0.038968960597556543 0.0075335098540665335 0.011727518897229491 -0.056311468610544729 -0.078134447956382927 0.02052923874097751 0.036171082193781817 -0.0060055357615573235 0.046618125358326372 0.014543456836569615 0.02976433306956518 -0.088422959594022493 0.024608541733136601 0.0065535136449879315 -0.085555959033355444 -0.1168186392715248 -0.13780416344997273 0.050282809462770688 0.038679270113152836 -0.080629166203018271 0.035486176763987312 -0.076943287932787208 -0.1025970571499725 0.034056650001886617 -0.10806222523363262 -0.0042991662111554951 0.022902222817277891 -0.12629728955280053 0.0058256791553952976 -0.019562222497284662 -0.074327411822345146 -0.011484444886427093 -0.061443618921097266 0.014922747355013484 0.026771713706935252 0.018871603664215902 -0.057369086879638334 -0.065787002413865286 0.018895157142418725 -0.032571588720214879 -0.032816183490659977 -0.063163104882526466 -0.0010718556106881726 0.029300122764779113
leaf_weight=156.12810667347003 164.12210599053651 66.500788058021499 2989.3343193844776 11.481148047576427 35.75379802309908 325.40176628684276 18.026781436354213 69.800117376211347 214.29038953254349 935.38316475553438 334.09103638679517 1.9556206567212928 114.70988960398245 203.04672224598471 1.7313699381193135 3.5655035544186813 5.7389304977841675 193.48969839377969 2.9377392832539035 245.85019437092706 27.512267670710575 38.151301331017748 13.012064238660974 7.8610155776550519 3.1968560123350462 1103.9088200866536 8.0478123045759258 460.88245639769593 6.6509615851100525 5.4482473582320363 3.4657119943003636 47.836638211330865 2.2359963280614457 6.1379300613189098 6.9943899264326301 5.2458586593857035 27.037904735421762 2.5290790477156397 2.5451547456905246 2.1869637745840009 4.0824956558644763 11.695384528837172 4.4866481251083306 37.095528603065759 125.31022514302458 3.672352102585136 11.130585961160248 285.28627121400496 3.3232282507233313 45.352945923572406 22.323367748176679 14.993657277664168 64.6553312985925 57.314670045569073 18.251388967735693 3.4732430040603495 35.919527507969178 11.782624965824651 43.829006731742993 4.6329686964163548 90.041359057126101 106.83642628369853
leaf_count=919480 1426 110942 369672 2607 1394 171233 74192 53719 26219 430369 206897 199 2876 11642 146 8 318 7064 84 11545 593 11272 929 651 24 414682 333 37267 414 1860 457 3611 143 770 558 29 147 673 7 516 441 90 479 536 5464 268 144 186485 588 9748 4097 2335 2809 8041 5132 756 4372 5820 13663 1071 15282 10774
internal_value=-0.000400153 -0.00196692 -0.00287934 0.00977503 -0.000942068 -0.00431845 0.00869458 -0.00776573 -0.00854342 -0.00707095 -0.00863074 0.0171016 0.00673479 0.00499027 0.00576192 0.0164861 -0.0526842 0.00288045 -0.00506271 -0.00386527 -0.027753 -0.0487352 0.00228085 -0.0303595 -0.0547983 -0.00526155 -0.0137855 0.0130039 -0.0248437 0.00547133 -0.0464273 0.000882888 0.00187065 0.00916938 0.00233592 -0.0525024 0.00568931 0.00126901 -0.09259 0.0081638 0.00618419 0.0120649 -0.0212592 -0.0162461 0.0202441 -0.00316653 -0.0328696 -0.0112016 -0.00350679 -0.00483384 -0.0286185 0.00844613 0.0106342 -0.000626679 -0.0252815 0.013048 -0.00366193 0.005157 -0.0132267 0.00822585 0.0126189 0.0229334
internal_weight=8879.72 7575.46 7029.95 545.515 5034.97 2045.63 1304.25 1994.98 1925.18 1769.05 1554.76 85.5461 1140.13 1025.42 1007.39 212.351 9.30443 795.043 351.403 349.671 70.8373 41.089 278.834 24.0699 16.2089 1960.09 333.45 479.015 18.1321 254.764 8.91396 49.7923 29.7483 443.64 250.151 13.5708 236.58 209.542 9.53954 7.43282 200.002 158.824 30.985 41.178 127.839 26.4983 14.8029 1220.67 1626.64 1464.63 67.6763 162.012 158.688 94.033 33.245 60.7879 1396.95 293.042 84.3815 40.5525 208.66 118.619
internal_count=3155363 3020011 2868781 151230 1045612 675940 135352 1823169 1769450 849970 823751 5204 133926 131050 56858 11968 326 44890 27704 27558 12092 11356 15466 1604 953 670736 171566 40288 3021 13862 2317 3810 736 17186 10122 1315 8807 8660 565 545 8095 7118 981 977 6137 502 412 616854 499170 479509 13845 19661 19073 16264 7467 8797 465664 50982 19106 5443 31876 16594
is_linear=0
shrinkage=0.05


Tree=81
num_leaves=63
num_cat=0
split_feature=18 5 3 3 2 18 14 23 1 13 0 23 23 17 2 5 1 17 1 3 2 2 6 6 19 1 1 6 21 21 21 6 23 23 2 6 5 2 17 17 3 23 18 23 3 21 0 1 23 23 18 18 1 19 1 5 5 5 3 4 21 0
split_gain=55.7557 25.627 20.9265 19.7962 14.9651 13.6372 12.6809 12.115 11.8747 17.7985 14.3889 10.981 13.0463 13.9486 10.8391 19.6817 13.8925 14.3611 11.927 14.3959 14.1467 11.1949 11.1774 13.6503 11.1205 20.964 15.2754 12.2951 15.994 15.5058 14.7814 24.31 10.886 17.2321 12.1431 14.1155 14.9016 13.4049 13.3721 12.8377 12.0697 12.1538 15.0301 14.6303 14.2963 15.0165 13.4056 12.3276 12.0346 14.3167 13.1358 11.3476 10.5703 10.5671 10.4304 12.9025 10.3395 11.8408 10.3303 13.8958 12.4304 12.1868
threshold=1.0000000180025095e-35 0.84323012828826915 3.3842465877532963 5.2496488094329843 7.9142520427703866 0.20344828069210055 1.0000000180025095e-35 0.082832045853137984 7.5430085659027108 1.0000000180025095e-35 1.8644180893898012 -0.67647483944892872 -1.7112489342689512 0.5313725769519807 6.5868608951568612 0.83150210976600658 4.1971738338470468 0.57738095521926891 2.7403194904327397 4.4829866886138925 9.6030235290527362 9.3304319381713885 0.73223343491554271 0.75122946500778209 0.23431372642517093 3.5114340782165532 3.7726949453353886 0.75055626034736644 0.1577180698513985 0.38435012102127081 0.17490820586681369 0.66663876175880443 0.9315110743045808 0.92353358864784252 2.4414010047912602 0.71204423904418956 0.83430954813957225 5.9750802516937265 0.14550264924764636 0.17752101272344592 2.6020033359527592 0.55843904614448558 0.10620300844311716 0.37618094682693487 4.3630783557891855 0.24269127100706103 2.8840651512146001 10.012364387512209 1.4733250141143801 1.7288873195648196 0.43095238506793981 0.25462962687015539 5.4049246311187753 0.097619049251079573 6.7446477413177499 0.82445898652076732 0.72379714250564586 0.70840042829513561 4.9089648723602304 0.015971773304045204 1.0933404564857485 2.7621499300003056
decision_type=2 2 2 2 2 2 2 2 2 2 2 2 2 2 2 2 2 2 2 2 2 2 2 2 2 2 2 2 2 2 2 2 2 2 2 2 2 2 2 2 2 2 2 2 2 2 2 2 2 2 2 2 2 2 2 2 2 2 2 2 2 2
left_child=2 3 4 14 -1 -5 8 -6 10 -10 -4 12 -3 -14 16 18 17 -2 20 21 22 -20 -16 -24 25 -21 -27 28 -28 -29 -30 -32 33 34 -18 37 40 38 -36 -39 53 42 43 47 45 -43 52 -42 50 51 54 -50 -44 -37 55 -34 57 -11 59 -12 -60 -61
right_child=1 11 6 5 7 -7 -8 -9 9 56 58 -13 13 -15 15 -17 32 -19 19 24 -22 -23 23 -25 -26 26 27 29 30 -31 31 -33 48 -35 35 36 -38 39 -40 -41 41 44 46 -45 -46 -47 -48 -49 49 -51 -52 -53 -54 -55 -56 -57 -58 -59 60 61 -62 -63
leaf_value=-0.032201506378183711 0.016041649062257409 0.023507561498485756 0.033560395642294148 0.0037631430258745061 0.033389962062556178 0.01564048841295607 0.016692056999054891 -0.033423101976033473 -0.009523450993678715 0.0010376401816075908 -0.029597667041058862 0.012051308763110474 -0.084645413927495555 0.019680927642413706 0.036028864016986073 -0.055435831239018296 0.028931353115560415 -0.07568537424717045 -0.014589904504682966 -0.093258147853280376 -0.095209138967373652 0.010961324789006075 -0.081027399351476084 0.0070038593253052804 0.0065961124551073532 0.040793066844877476 -0.030338789631658526 0.010880548385678541 0.0545470534958492 -0.064206123817079228 0.035520610622204511 -0.031372261629486108 0.020196332465894518 -0.076983580664405568 -0.0045885788690018083 -0.063143964409460338 -0.063470442835991819 -0.056796768546253033 -0.075715058705555074 0.021836261593380549 0.0096341450118735978 -0.010063457092762407 -0.064968862941095981 0.03539623614635265 0.0047556375866706045 -0.05837531716644271 0.038183109611079229 -0.067078161503666842 -0.032125158663638763 0.0047252646958785647 -0.050750861538259633 0.014698164708943499 -0.0076313706342174123 -0.0069277972994037998 0.0037675692610147091 -0.063549310679339707 0.021224308178228977 -0.071410584664689511 0.00036265421025064503 -0.0076655119332675187 0.042267166591645935 0.023326128555487914
leaf_weight=111.66913439401105 192.46551802477188 8.528038936332452 28.19955410505645 1850.9816206831019 17.31321260539335 277.2063468550914 68.865870364126749 9.821101526345954 1475.8901280500722 131.41962170388433 64.532417266687844 817.53826796306384 9.1140829591422499 4.2161507316632187 33.566689254425 17.751570423202793 26.013658152460266 3.3878445372101842 435.51697769749262 5.9358937091892576 2.2146100294485214 46.811509626084444 3.5691212414676547 122.06354847719194 285.44337225717027 15.973579728044568 91.266558164701564 94.012500526238 10.080557043664156 6.4181134760146952 19.782793796563055 38.329291925823782 181.83182972721988 7.1721346593258195 93.450914038236078 12.373849802977928 8.4563973651966062 31.593276420100665 6.1263690864980154 5.6235718510506549 80.533411624754081 63.105294853623491 8.097875493403988 71.414699955435935 108.23431834916119 20.85905687417835 13.440092099364845 4.6008878541470031 64.309749776861281 109.98667321266475 8.542773192159073 15.507738623738986 72.667530656966846 23.065354963557184 388.31824059314567 3.7672329014894776 72.163722857832909 4.8916135250474317 781.38993611861952 297.53382944205077 17.107716762344353 34.51668713032268
leaf_count=658278 10842 1791 5271 167986 30678 12704 2774 36444 757137 33573 43029 176367 12070 841 1380 18315 34890 638 238520 682 209 33254 1061 11468 52653 302 36139 17266 669 2058 2894 12391 12638 2696 35195 32407 14847 19792 3883 1130 14449 13642 1947 6889 17892 7311 501 2794 35219 45441 2878 2702 14663 40036 127447 880 10956 1984 94668 170867 1088 3824
internal_value=0.000142056 0.00303109 -0.00525562 0.00166828 -0.0241647 0.00531684 -0.00436602 0.00887893 -0.00487033 -0.00759216 -0.00111944 0.0111078 -0.0231632 -0.0525778 -0.00105361 -0.00459539 0.00162576 0.0140786 -0.00380501 -0.00575178 0.00881103 -0.0120925 0.0108433 0.00388285 -0.00034842 -0.00738121 -0.00520318 -0.00817577 -0.0167673 0.00549637 0.00157214 -0.0083846 -8.95122e-05 -0.00481745 -0.00390365 -0.0053174 -0.00131588 -0.0194459 -0.00967384 -0.0446546 -8.70877e-05 0.00218367 0.00941838 0.0188704 -0.00725508 -0.0226113 -0.00632206 0.00475777 0.00393274 -0.0069758 0.00749333 -0.0229586 -0.0141045 -0.0277503 0.00844706 0.018165 0.00606053 -0.00206334 -0.00196513 -0.00855055 0.0013122 -0.00438356
internal_weight=8936.58 5821.27 3115.31 4981.87 138.803 2128.19 2976.51 27.1343 2907.65 1684.37 1223.28 839.397 21.8583 13.3302 2853.68 1228.74 1624.95 195.853 1210.99 1049.57 161.414 482.328 159.199 125.633 567.243 281.799 275.863 259.89 159.459 100.431 68.1926 58.1121 1429.09 656.829 649.657 623.643 486.849 136.794 99.5773 37.2168 478.392 442.953 250.754 156.549 192.199 83.9644 94.2055 85.1343 772.264 189.804 582.46 79.8175 80.7654 35.4392 573.917 185.599 208.475 136.311 1195.08 396.583 798.498 332.051
internal_count=3155240 1304669 1850571 1113600 725400 180690 1125171 67122 1122397 803650 318747 191069 14702 12911 932910 429261 503649 11480 410946 396828 14118 271774 13909 12529 125054 72401 71719 71417 52093 19324 15954 15285 492169 264964 262268 227378 167378 60000 39078 20922 152531 80088 41243 24132 38845 20953 17111 17243 227205 83362 143843 37921 16610 72443 140965 13518 46513 35557 313476 217720 95756 174691
is_linear=0
shrinkage=0.05


Tree=82
num_leaves=63
num_cat=0
split_feature=9 4 0 6 8 1 15 15 4 6 5 5 0 6 17 5 5 6 5 5 8 5 6 6 1 1 4 1 4 6 6 1 17 15 4 5 5 1 1 13 4 17 2 15 4 4 2 4 17 17 5 2 6 2 1 6 6 6 5 10 5 5
split_gain=31.4502 26.4893 20.0048 18.5267 13.6827 13.2424 12.5536 20.8002 12.4314 14.7423 11.9716 14.5454 12.9717 18.4099 12.3436 11.6345 14.0291 11.5863 15.492 11.1712 11.1428 10.8712 14.31 30.8764 11.6216 12.6757 10.5784 10.1974 17.3603 13.5333 20.1039 19.0745 13.1717 11.6156 14.0759 12.2789 11.0651 10.0589 9.32707 11.7012 14.5786 13.5933 9.2894 10.6479 14.4722 9.39128 9.26147 11.1248 18.5443 11.7589 11.5654 10.9506 10.63 10.3924 10.0772 11.5545 9.08444 16.5235 9.79324 9.04233 20.2192 18.1952
threshold=1.0000000180025095e-35 0.022270845249295238 2.124262928962708 0.77422934770584118 1.0000000180025095e-35 3.1984648704528813 2.6550000905990605 0.65500000119209301 0.70028248429298412 0.61324831843376171 0.71008440852165233 0.67678257822990429 2.392680406570435 0.69213515520095836 0.085144929587841048 0.55359682440757763 0.60469865798950206 0.77140426635742199 0.81279408931732189 0.51867213845253002 1.0000000180025095e-35 0.69373488426208507 0.77951574325561535 0.78445744514465343 6.7062506675720224 6.252866506576539 0.048518240451812751 8.6848239898681658 0.051079822704195983 0.73159873485565197 0.72505405545234691 8.8885498046875018 0.23205128312110904 4.0450000762939462 0.24272290617227557 0.84323012828826915 0.70169451832771312 6.7827587127685556 10.746293067932131 1.0000000180025095e-35 0.96482685208320629 0.048809524625539787 9.2941255569458026 0.20499999821186068 0.2464374974370003 0.083904244005680098 7.1887903213500985 0.6683848798274995 0.093073595315217986 0.067816093564033522 0.765140861272812 6.4060542583465585 0.68242275714874279 7.6125838756561288 6.7446477413177499 0.67861670255661022 0.71128040552139293 0.72240042686462413 0.67240881919860851 1.0000000180025095e-35 0.79884988069534313 0.72021442651748668
decision_type=2 2 2 2 2 2 2 2 2 2 2 2 2 2 2 2 2 2 2 2 2 2 2 2 2 2 2 2 2 2 2 2 2 2 2 2 2 2 2 2 2 2 2 2 2 2 2 2 2 2 2 2 2 2 2 2 2 2 2 2 2 2
left_child=1 5 3 4 8 -1 7 -4 -3 -10 11 42 13 -13 -14 26 -17 27 19 -19 -12 24 -23 -24 25 -5 -9 33 -29 30 -30 32 -31 34 -6 46 -33 -26 39 40 41 -25 43 -2 45 -45 47 48 49 54 51 -50 53 -48 -36 -56 -53 -58 -59 61 -61 -11
right_child=10 2 6 21 17 -7 -8 15 9 59 20 12 14 -15 -16 16 -18 18 -20 -21 -22 22 23 38 37 -27 -28 28 29 31 -32 36 -34 -35 35 -37 -38 -39 -40 -41 -42 -43 -44 44 -46 -47 52 -49 50 -51 -52 56 -54 -55 55 -57 57 58 -60 60 -62 -63
leaf_value=0.0078096994386370831 0.032515717102144986 -0.010720715085809565 0.0041040687692408418 0.017867416726436696 -0.014016115680133938 -0.010590623268652004 0.010359014851465393 -0.027951277547619009 -0.058454078129541009 0.00063973260327900515 0.0075362674269790252 0.016659133348674037 0.027540750187536184 -0.084179953237550675 -0.032017642382743752 -0.045183342745410804 -0.0093862232156350228 0.043309554833527344 0.047875715432295289 -0.074595991186070992 0.02166742351254328 0.019567398108019413 -0.048829018475994065 -0.030787430079610142 0.054117327095737258 -0.07380279365777398 0.025421264076778218 -0.030628511923422943 -0.0050953617006309496 -0.063402967538373586 -0.049605264384991465 0.001781428513698773 0.027200599462622588 0.013868985787450451 -0.052828212802547583 0.041440506675211139 0.024171596266244568 0.011631896603201573 -0.032551683643761598 0.01573311392623996 -0.070201420086417762 0.0026904757716046997 0.015728372714014376 -0.0043585594245495289 -0.071442168011556881 0.022893149980204794 -0.070682910779918326 0.0092739778387787575 -0.054196959782026037 0.034617002343354568 -0.094940097287592215 -0.061259760461142045 0.018382593305232887 0.0094056037857504632 -0.017369898566696757 0.0048004223848462932 0.042187867001197359 -0.0062808857361384036 -0.072722035588699926 -0.030891288622870362 0.015593644641501359 0.035860539282107085
leaf_weight=107.98653906187246 21.894677029456943 1006.7332491474954 1472.0148109092261 6.4401999484398385 148.36692168464651 971.85250412017012 507.73100613504357 11.259856374701483 9.441694669891147 213.89728348882636 559.88128598265757 6.0822712673980304 15.627954242911072 13.911334795266155 17.261891595582711 29.509727992757689 277.83079747113516 1.6582706010667632 3.3616375401616088 13.817312907835001 185.77357855025912 77.570671411514923 33.754272926613339 33.652211119027925 13.763155438355168 7.1325414823950268 38.245613210950978 60.049826375383418 571.91274374141358 14.117133097781336 25.572256772837136 136.3305984022445 4.8127827203134066 180.35549968841951 8.8417120106751081 19.028843264444731 91.900720551901031 284.21892488969752 19.597560636830167 109.84938917980617 6.9458221676759413 241.73207770509907 122.2618085257709 263.80911927740453 6.4985763399163252 34.901811616669875 6.0337338274694039 178.66417178750271 18.159747831057757 21.233105330262333 5.0371851135278112 6.3327480129664755 120.90607116941828 9.0757885461789538 80.45040724176215 210.09152516006725 13.969284311868249 24.885137463686991 6.2226273433770976 54.467228367291682 39.630416779371444 43.265386708371807
leaf_count=19813 180 627163 127008 543 47598 1327798 54065 6860 5016 30627 33273 1114 701 9183 2135 14038 77643 113 122 3922 1519 20169 17873 16825 609 2030 6129 32852 208170 4410 10400 29055 381 31111 1114 298 11163 46333 18518 17557 1399 61953 2280 83984 308 950 1105 16512 4638 1255 902 2194 4448 765 18779 28078 763 2370 1386 40932 11637 3202
internal_value=-0.000287142 -0.00149536 -0.000293495 -0.00236324 -0.00402436 -0.00874502 0.00341146 0.00147806 -0.00786957 9.57139e-05 0.00706619 0.00109517 -0.0234582 -0.0541713 -0.00374025 -0.00933559 -0.0129587 -0.00136772 -0.0393889 -0.0601001 0.0110812 0.00429799 -0.000110033 -0.00357218 0.0116758 -0.0320645 0.0129688 -0.000982871 -0.00487729 -0.00301246 -0.00708008 0.00680946 -0.0401587 0.0023498 -3.14172e-05 0.00283033 0.0108633 0.0137686 0.000246925 0.00196452 -0.0034292 -0.00149715 0.00403039 -0.000376583 -0.00283465 -0.00110867 0.00173856 -0.00104822 -0.00572609 -0.000471783 -0.0280012 -0.0218778 0.0134186 -0.0249788 -0.00306733 -0.00137701 -0.00964526 -0.00122194 -0.0214224 0.00183097 -0.0113555 0.00668128
internal_weight=8847.62 7599.71 6519.87 4183.28 3348.62 1079.84 2336.59 1828.86 1367.44 360.702 1247.9 502.249 52.8835 19.9936 32.8898 356.846 307.341 1981.19 18.8372 15.4756 745.655 834.657 523.102 445.531 311.555 13.5727 49.5055 1962.35 904.696 844.646 597.485 247.161 18.9299 1057.65 877.299 728.932 228.231 297.982 411.777 392.18 282.33 275.384 449.366 327.104 305.21 298.711 709.903 573.888 395.223 320.617 74.6067 69.5695 136.016 15.1095 299.384 290.542 51.4098 45.077 31.1078 351.26 94.0976 257.163
internal_count=3155271 3019644 1672033 1386290 1182481 1347611 285743 231678 718577 91414 135627 100835 13133 10297 2836 104670 91681 463904 4157 4035 34792 203809 154294 134125 49515 2573 12989 459747 296431 263579 218570 45009 4791 163316 132205 84607 40218 46942 116252 97734 80177 78778 87702 85422 85242 84934 84309 77991 61479 49226 12253 11351 6318 1870 47971 46857 6713 4519 3756 86398 52569 33829
is_linear=0
shrinkage=0.05


Tree=83
num_leaves=63
num_cat=0
split_feature=14 3 6 4 1 5 4 1 19 15 19 5 4 6 23 0 15 10 4 4 6 17 17 0 5 3 5 6 0 19 6 4 1 15 0 0 3 1 4 5 3 4 3 4 3 0 1 1 17 19 4 23 1 0 15 6 23 5 5 15 6 17
split_gain=42.916 21.2328 26.938 15.39 14.2542 15.5287 13.7546 13.7251 13.5648 14.563 11.7931 13.6036 11.0912 10.4069 16.6367 10.2277 18.0132 16.8119 18.4707 14.339 15.761 11.417 10.6814 10.6439 10.3815 10.1004 10.0401 11.6778 9.74068 9.33198 9.29703 9.21808 16.9696 9.86996 9.084 15.2636 16.5701 10.97 10.5038 8.77721 8.64305 10.13 8.50003 9.53475 16.4443 17.4006 13.9936 13.5895 13.5182 12.25 11.6383 11.4726 21.2192 23.6475 11.3935 14.3726 10.7397 11.4983 21.4549 11.8376 23.2072 22.4429
threshold=1.0000000180025095e-35 4.7405652999877939 0.77214539051055919 0.92899158596992504 7.4908084869384775 0.76850682497024547 0.83483532071113598 7.6204600334167489 0.6792857050895692 0.2650000005960465 0.32738095521926885 0.89141109585762035 0.46273148059844976 0.78525999188423168 1.4733250141143801 2.814919233322144 0.19500000029802325 1.0000000180025095e-35 0.022270845249295238 0.055481048300862319 0.77871733903884899 0.13188406080007556 0.78333333134651195 2.392680406570435 0.73578414320945751 3.8815106153488164 0.63871178030967724 0.77566984295845043 0.36827991902828222 0.46547618508338934 0.84122383594512951 0.98164984583854686 7.6456367969512948 0.044999999925494201 1.9632342457771303 1.8644180893898012 6.2143199443817148 7.6711277961730966 0.23986300826072696 0.42192436754703527 4.3757371902465829 0.47241331636905676 6.6260445117950448 0.59687429666519176 5.888874053955079 2.2468590736389165 5.0139575004577646 7.255944252014161 0.5419580638408662 0.31909090280532842 0.3986173570156098 0.80811941623687755 6.4465126991271982 2.0976394414901738 6.3150000572204599 0.55066236853599559 0.92353358864784252 0.82010149955749523 0.79418399930000316 0.22500000149011615 0.70544651150703441 0.12249999865889551
decision_type=2 2 2 2 2 2 2 2 2 2 2 2 2 2 2 2 2 2 2 2 2 2 2 2 2 2 2 2 2 2 2 2 2 2 2 2 2 2 2 2 2 2 2 2 2 2 2 2 2 2 2 2 2 2 2 2 2 2 2 2 2 2
left_child=1 2 10 6 42 34 15 -7 9 -2 11 -1 13 29 -15 16 40 18 -18 21 -21 24 -17 30 -20 -8 -5 -28 -29 -9 -23 -30 -33 -34 35 38 -37 -36 -6 -40 -4 -42 43 50 48 47 -47 -46 -45 -48 54 52 -52 -54 -3 -56 -53 58 59 60 -58 -62
right_child=8 4 3 26 5 7 25 12 -10 -11 -12 -13 -14 14 -16 22 17 -19 19 20 -22 23 -24 -25 -26 -27 27 28 31 -31 -32 32 33 -35 37 36 -38 -39 39 -41 41 -43 -44 44 45 46 49 -49 -50 -51 51 56 53 -55 55 -57 57 -59 -60 -61 61 -63
leaf_value=-0.013695320078681164 0.020953372930779798 -0.00041840755388421836 0.016904606768386961 0.039168686718398023 -0.0081412890744474754 -0.05686126043083839 -0.06188926727991903 -0.028903058174056612 0.029444662027705671 0.004889786704808937 -0.0012826961254304497 0.027331085729377987 0.019920628314371757 0.029794179088353634 -0.049813045248037202 0.009780924025195965 -0.023154240043988732 -0.042934785176968276 -0.03821115524930168 0.021604944684272175 -0.017448287844860841 0.037617968567187646 -0.050911631249643055 -0.0037327662730715023 0.013998850759202423 0.0060830446200664488 -0.076589452937161767 -0.038617495466648014 0.020187018549660637 0.019713853192211667 -0.040961895792514566 0.032570922357288222 -0.006015285074286455 -0.091119040399211884 0.022842488673073657 -0.014440633734864448 -0.077291252266715418 -0.033564729634221309 -0.040293154133844503 -0.00040758913518942923 0.010484161041914037 -0.062890558710553809 0.018813936622855826 0.00096344497168442513 -0.10222829411314904 -0.076566159897395333 -0.043202199312526224 -0.013751423742123776 -0.095835276189945223 0.034803071608821817 -0.063534646756886345 0.038972867827886906 -0.065062067571863447 0.035142310353062194 -0.065692289142686683 0.010414081127019321 -0.062089918281813497 0.033430956055058879 -0.092968710692187387 0.018772113996540316 0.018339237788800325 -0.030820321612002478
leaf_weight=991.85368006717181 162.27054883283563 1422.7275478378288 110.70904937947489 31.520057762390934 686.39209225354716 6.5833433485822743 15.320340073260015 38.799899672041647 70.828429504435917 1048.2537222056017 280.75273644990375 19.727601595790475 150.15446730575059 36.090751796669792 7.0321429022587827 220.07077362336713 118.79636196294632 33.71543329151973 17.066415571054677 31.335330590394733 129.05797259137398 60.548706156085245 6.5127861475048112 27.883211669701268 19.319266301979951 7.9665321005159049 2.9573054613429113 8.4486100129142852 107.58973600805621 12.339200107264331 3.208050485016428 10.128988103941085 6.7493305770913121 6.2066159817622975 57.087420021533035 145.06936165684601 10.404738706944043 9.2126706549315696 12.914087946410289 1591.3531672152749 10.970504127326423 6.9375695051276116 79.917668288806453 196.39296625228599 11.205780371092262 4.7557707017986131 6.3512805243954089 7.2797619771445161 2.673980393446981 15.148235818836836 13.194914715131743 37.436101115890779 6.8507281759521019 22.720954830874689 5.3198117382707997 385.27503922936739 13.335275506367905 47.394070546724834 4.276320718927308 142.54466567514464 86.1970536034205 30.662871634587646
leaf_count=1037545 1503 163286 134203 536 327563 1533 8831 13109 2215 132055 253883 10024 12164 4528 1965 29702 339675 30809 11147 8447 46242 15771 2429 8182 9690 1321 850 3299 3996 2033 1926 144 346 932 8728 43485 1648 3660 6561 405605 1776 2262 2126 10738 1228 317 449 503 261 216 1193 1524 1802 1018 1156 23124 2210 717 508 6358 3555 2093
internal_value=-0.000142235 -0.00157133 -0.0055993 0.000593921 0.000164583 -0.00232061 -0.00227535 0.00951391 0.00831804 0.00705863 -0.0103549 -0.012869 0.0115261 -0.0019146 0.0159777 -0.00114314 -0.00471655 -0.00951669 -0.00665144 0.000202389 -0.00973204 0.0126274 0.00782037 0.0219684 -0.0108569 -0.0393427 0.0140727 0.00827045 0.010608 -0.0170193 0.0330926 0.0140597 -0.0141496 -0.0503925 -0.00350623 -0.00400336 -0.0191138 0.0146222 -0.00296987 -0.000753562 0.011686 -0.0197639 0.00286647 0.00234132 -0.00702525 -0.0340596 -0.00720156 -0.0698792 -0.000809327 0.0108632 0.00337365 0.0110304 -0.0132303 0.0105596 0.00166003 0.00921242 0.0139263 0.0109251 0.00696828 0.00886911 -0.00203368 0.00528821
internal_weight=8871.8 7590.45 2285.35 993.019 5305.09 2763.43 819.418 251 1281.35 1210.52 1292.33 1011.58 244.416 94.262 43.1229 796.131 569.548 440.931 407.215 288.419 160.393 128.026 226.584 91.64 36.3857 23.2869 173.601 142.081 139.123 51.1391 63.7568 130.675 23.0849 12.9559 2512.43 2446.13 155.474 66.3001 2290.66 1604.27 128.617 17.9081 2541.66 2461.74 243.808 44.7408 26.2553 18.4855 199.067 21.4995 2217.94 404.613 42.7666 29.5717 1813.32 390.595 361.846 324.41 277.016 272.74 130.195 116.86
internal_count=3156705 3020932 1963968 662516 1056964 832582 652413 35332 135773 133558 1301452 1047569 33799 21635 6493 642261 610130 471889 441080 101405 54689 46716 32131 25879 20837 10152 10103 9567 8717 15142 17697 5418 1422 1278 797250 784862 45133 12388 739729 412166 138241 4038 224382 222256 13712 2713 982 1731 10999 665 208544 20978 4013 2820 187566 24280 16965 15441 14724 14216 7858 5648
is_linear=0
shrinkage=0.05


Tree=84
num_leaves=63
num_cat=0
split_feature=9 21 1 4 15 4 17 4 1 23 5 15 1 0 6 19 6 19 6 15 2 4 1 6 0 23 4 5 1 1 23 23 23 6 21 17 23 5 23 6 21 5 23 17 17 4 15 5 15 2 17 1 23 0 6 0 19 1 0 1 0 4
split_gain=43.4128 22.1206 19.5785 20.2769 12.2021 19.7064 13.0198 9.58754 11.4074 19.8766 11.4835 14.4418 9.84589 10.231 9.25023 12.4579 9.52636 9.16071 9.06503 8.79243 10.9677 23.077 14.1046 14.0006 10.3564 14.2301 10.3196 20.788 9.64471 15.1525 16.2391 12.2896 9.25189 11.4945 10.5803 18.1324 9.74108 8.67256 8.63587 9.61542 15.861 15.6907 12.6558 12.0171 14.2056 16.0302 13.8529 11.7812 9.28276 10.8817 14.1094 20.2785 19.6329 10.6156 10.5029 8.57351 12.1905 8.52485 8.46932 8.40378 9.50033 9.12324
threshold=1.0000000180025095e-35 -0.46952493488788599 7.5430085659027108 0.016861618496477607 4.4349999427795419 0.21786879748106006 0.24568965286016467 0.3939062505960465 2.0126758217811589 -0.042942244559526437 0.91888117790222179 2.8349999189376835 2.7403194904327397 2.8840651512146001 0.7459317445755006 0.097619049251079573 0.64054930210113536 0.72902098298072826 0.72709017992019664 0.024999999441206459 5.8507635593414316 0.75116822123527538 10.986808776855471 0.71904459595680248 1.8502480387687685 0.46585516631603247 0.52433103322982799 0.78225356340408336 7.6964399814605722 7.817826747894288 1.7288873195648196 0.863235503435135 0.91778498888015758 0.74138110876083385 0.087340500205755248 0.23904761672019961 1.0201946496963503 0.87351205945014965 0.40649533271789556 0.71279874444007885 0.53066724538803112 0.57996207475662243 1.1221593022346499 0.15894736349582675 0.18019481003284457 0.33387978374958044 0.15500000119209292 0.85547140240669262 0.31499999761581426 6.6046209335327157 0.11651583760976793 7.9853141307830819 1.6249014139175417 1.6182581186294558 0.74789288640022289 1.4242985248565676 0.03637566231191159 10.708656787872316 1.2898964881896975 9.1902909278869647 1.8780263066291811 0.020531645044684414
decision_type=2 2 2 2 2 2 2 2 2 2 2 2 2 2 2 2 2 2 2 2 2 2 2 2 2 2 2 2 2 2 2 2 2 2 2 2 2 2 2 2 2 2 2 2 2 2 2 2 2 2 2 2 2 2 2 2 2 2 2 2 2 2
left_child=1 -1 7 -4 5 -5 14 8 9 -3 -10 -12 18 -14 15 16 -6 -2 -9 57 21 32 -23 -24 28 -26 -27 -28 31 30 -30 -22 34 36 35 -21 -34 -25 -31 40 -40 -42 -43 48 47 -46 -47 -45 49 -41 51 -51 -53 58 -52 56 -48 -7 -54 60 -17 -61
right_child=17 2 3 4 6 19 -8 12 10 -11 11 -13 13 -15 -16 59 -18 -19 -20 20 24 22 23 37 25 26 27 -29 29 38 -32 -33 33 -35 -36 -37 -38 -39 39 43 41 42 -44 44 45 46 55 -49 -50 50 54 52 53 -55 -56 -57 -58 -59 -60 61 -62 -63
leaf_value=-0.0084679058413056479 0.0077306775248816885 -0.072159191208834114 -0.019851460611495758 -0.012493637247535114 0.012557718882575196 0.016629423824571929 0.040588035185495516 0.028014719718690656 -0.00025026154413167661 0.023340402232619191 0.040082135364155842 -0.054980268182226261 0.0057976525440641413 0.027130524817813535 -0.024812943478359068 0.027363637856665263 -0.033722569042459329 0.029080078393206234 -0.10706873910170285 -0.024166774756930021 -0.070361220431874746 0.0026552455865942529 -0.0014380640635592475 -0.05337345862456825 -0.068387897873253181 0.00077919200632992416 -0.076697451657111254 0.034820605195255233 -0.079514708249155519 0.012044849380616365 0.024697598555138159 0.040778272006006928 0.028112726177316694 -0.024946335412664743 -0.037759889180203586 0.048838408756539248 -0.0070703298554132994 0.033610647702632453 -0.012442202476393945 0.0093563178197448079 0.021310770843984639 -0.047630083293524444 0.0025513845469263205 -0.065569510885117172 -0.040904816093777774 -0.058738391276547536 -0.074446133761359959 0.031493772484004104 0.01958316713671638 0.031649602593040456 0.046955374298879082 -0.081493952723887431 -0.060029837095135131 -0.075738434115390857 -0.04347142317610786 0.023830140750779119 0.0075935964878960293 -0.029503494156987116 0.029136531583210157 0.042968559064456228 -0.035742216259741583 -0.029488534576726941
leaf_weight=940.54863570144698 1245.4870153061784 4.8350419533380764 169.77775274351188 457.80715362981937 18.856004472108907 104.02465235939599 27.962790297438914 1.3818760511931025 2432.9633435591386 89.813592630496714 30.458938274947286 3.6917530749560674 797.09554154390935 59.596212284173816 22.584675167116075 90.519307564791234 24.728809890235425 51.532124206758454 2.5542309549637139 36.199352338444442 1.8349919272586728 549.69188897310232 41.370438759331591 28.494506985618504 9.8202885122736898 73.329028490348719 11.768928026314827 5.5022981057409188 10.316175586602183 194.16730208595982 5.0028418382862574 25.762758446508087 22.526977857480233 79.95342737016108 80.382644033416 10.04419921383669 119.16392992855253 2.5029586981399907 267.51679855945986 196.02328815148212 87.796768232772592 16.418737122497987 44.753195643483195 15.172049854882063 19.739313756406773 6.2149042177479705 4.8500462229130816 3.2356255614431566 139.85764748201473 10.202032769331707 12.045872802031225 17.835979339201003 2.3588207614375305 3.4618452091235659 3.3939524865709236 58.187579041812569 19.388342940597795 10.15563654550351 12.250885479385031 4.8930408836458836 5.5357017636124501 15.868436045988345
leaf_count=630783 133866 1669 722288 295491 6040 12945 3646 20 543777 4185 1784 2424 49733 966 9164 25203 12408 1610 167 34142 487 103624 15675 16460 3877 14878 2772 135 2589 42650 301 1111 8255 55078 68257 4504 61815 112 95797 35932 21899 8360 13957 5056 7740 1987 1665 65 23825 360 585 4664 856 586 551 3541 3115 15950 1220 1817 2098 9365
internal_value=0.000152703 -0.0012968 -0.000277388 -0.00308761 -0.00214251 -0.00301101 0.00942932 0.00235138 0.000816476 0.0177585 0.000159579 0.0285339 0.00691397 0.00731159 0.00447311 0.00872481 -0.0138678 0.00860066 -0.0635763 -0.00116912 -0.00185853 -0.00586359 -8.85891e-05 -0.0206823 0.00118405 -0.0141489 -0.00758746 -0.0412085 0.00250226 0.00178751 -0.0460534 0.0311866 -0.0161488 -0.00991574 -0.0268958 -0.00761177 -0.00131887 -0.0455188 0.00247327 0.000486938 -0.00517751 0.00786435 -0.0114669 0.00498857 -0.00836833 -0.00130164 0.00787547 -0.0477645 0.00925998 0.00360061 -0.0145868 -0.028316 -0.0457494 -0.00804747 0.0256428 0.013542 -0.0111216 0.0123057 0.0118167 0.0172004 0.023396 -0.0112221
internal_weight=8861.21 7564.19 6623.64 3201.25 3031.47 2820.53 210.949 3422.39 2561.76 94.6486 2467.11 34.1507 860.628 856.692 182.986 160.401 43.5848 1297.02 3.93611 2362.72 2248.54 970.33 622.06 72.3679 1278.21 100.421 90.6003 17.2712 1177.79 1150.19 15.319 27.5978 348.271 221.644 126.626 46.2436 141.691 30.9975 1134.87 940.704 416.485 148.969 61.1719 524.218 126.788 108.38 88.6409 18.4077 397.43 257.573 61.5494 46.1096 35.9075 18.0716 15.4398 82.426 24.2384 114.18 14.6097 116.816 96.055 20.7615
internal_count=3155882 3020406 2389623 1784898 1062610 992869 69741 604725 553839 5854 547985 4208 50886 50699 66095 56931 18448 135476 187 697378 668483 367922 135871 32247 300561 21662 17785 2907 278899 277301 2890 1598 232051 125148 106903 38646 70070 16572 274411 231761 140013 44216 22317 91748 23169 18048 10308 5121 68579 44754 8822 7686 7326 2662 1136 8321 4780 28895 2076 38483 27301 11182
is_linear=0
shrinkage=0.05


Tree=85
num_leaves=63
num_cat=0
split_feature=0 3 4 3 19 15 2 1 15 2 4 19 19 4 3 21 15 15 21 21 5 4 15 5 2 19 3 19 5 23 19 5 21 23 4 21 4 19 1 19 5 21 2 1 19 3 2 2 14 21 1 3 2 23 2 21 23 1 15 23 4 1
split_gain=29.683 25.539 15.6136 14.7861 14.4792 13.4337 20.239 14.9821 13.1141 11.4912 11.2283 11.4421 13.3326 10.8081 11.6606 10.4728 10.8732 10.2393 10.1105 18.5846 9.73207 9.6985 17.7076 13.6659 9.71641 9.65003 13.6328 13.5525 12.1247 13.0835 10.0789 9.96795 9.60038 9.58954 9.54413 15.3699 14.2083 9.44276 14.7502 13.2905 13.8504 10.9415 10.8496 10.1256 9.72014 12.4937 9.17429 8.86363 8.86256 11.1996 21.5522 25.7746 14.1358 17.8063 16.493 13.2837 12.509 10.5883 10.4316 9.90241 12.5463 13.7996
threshold=2.814919233322144 5.8930234909057626 0.38279370963573461 5.8579168319702157 0.32738095521926885 6.0250000953674325 7.0233135223388681 9.2347888946533221 0.12499999627470972 8.0879478454589862 0.010813734494149687 0.3390804678201676 0.53452381491661083 0.027567207813262943 3.0201274156570439 0.65246710181236278 6.1150000095367441 4.1449999809265146 -0.5029764175415038 -0.47764481604099268 0.65378880500793468 0.17798894643783572 2.2649999856948857 0.53273522853851329 6.5316059589385995 0.40370370447635656 4.9593360424041757 0.61324787139892589 0.73403239250183117 0.75367978215217601 0.41042780876159674 0.58553677797317516 0.66541701555252086 1.4842694997787478 0.0043706775177270183 -0.31903566420078272 0.0058922187890857467 0.26491229236125952 3.7726949453353886 0.34698997437953955 0.81129223108291637 -0.44727331399917597 8.3512568473815936 6.4465126991271982 0.1695402339100838 5.4402484893798837 4.2555875778198251 8.7316589355468768 1.2424533367156985 -0.26942898333072657 2.0126758217811589 5.5012497901916513 6.4353485107421884 0.57668587565422069 7.5608613491058358 -0.2938105165958404 0.71487718820571911 5.0139575004577646 1.9049999713897707 0.29088154435157781 0.014217835385352375 4.1971738338470468
decision_type=2 2 2 2 2 2 2 2 2 2 2 2 2 2 2 2 2 2 2 2 2 2 2 2 2 2 2 2 2 2 2 2 2 2 2 2 2 2 2 2 2 2 2 2 2 2 2 2 2 2 2 2 2 2 2 2 2 2 2 2 2 2
left_child=1 2 5 -4 -5 7 -7 8 -1 13 11 34 -13 14 -8 16 47 -9 -18 -20 -6 22 46 24 -23 -24 27 31 30 -30 -28 -27 48 -32 -2 -36 -37 44 41 -40 42 -39 -41 -44 -21 -46 -10 -11 49 50 52 55 53 -12 -54 57 -56 59 -50 60 -52 -62
right_child=10 -3 3 4 20 6 9 17 21 15 32 12 -14 -15 -16 -17 18 -19 19 37 -22 23 25 -25 -26 26 28 -29 29 -31 33 -33 -34 -35 35 36 -38 38 39 40 -42 -43 43 -45 45 -47 -48 -49 58 -51 51 -53 54 -55 56 -57 -58 -59 -60 -61 61 -63
leaf_value=0.051145379012181684 0.020316784891143816 0.0060632127792816758 0.0020076514055790513 -0.062445603068334382 -0.054717255939603804 -0.050216336608039452 0.024427450752721562 -0.012448861929 -0.072083665949383299 0.052541010695592166 -0.084124993944250395 -0.070231637422565427 -0.0034911089186641774 0.042198309052662482 -0.03282215487683509 0.023957065337280217 0.0056667682110889163 -0.041775878284219276 -0.079875380330516499 -0.0070330976886855334 0.023045046570131251 -0.0083050842473746216 -0.0049393703859299297 0.0012822194237295387 -0.046092832853392683 -0.01342954685686723 0.071464144939169277 -0.014403711617361127 0.033238548327027294 -0.022679393707460298 -0.027324464557518215 0.025037168252271255 0.031434761597881611 0.038587348226294477 0.017271704824462542 0.0043252837073148786 -0.068869351838517362 0.023344572371343918 0.018684716608701937 -0.055283359075423727 -0.082005679753656788 -0.11078092771336252 0.017134676904776026 -0.0097651806648445215 -0.015347043028938162 -0.078644951430077617 -0.011265180517182867 -0.051046512628558111 -0.02260077831727984 0.011696458403121944 0.03126530931219592 -0.10072396998111018 -0.11050801609999668 0.036847369579198902 -0.0083250535981798327 -0.086134607733977117 -0.090785887338939775 -0.046590562024688288 0.039811071968712933 0.026886187455985307 -0.089689418081129929 0.025589576196088804
leaf_weight=9.7377352936673542 44.191223548099515 1220.8861595712369 2294.001461328975 16.748706633108668 4.5996964176883948 17.482665231387728 22.494132168932992 252.14227341551486 5.2840036011220937 14.143805107494698 2.9912896904861546 11.891736905534346 18.101136416298687 33.234540520585142 13.319026694545753 46.341290125554224 335.77962214364015 33.109324321139866 7.2770267376399707 191.59756652453689 13.29745470342459 55.160938658285886 888.04552970306213 981.31333802286827 23.987996759417001 18.63157297734142 2.0077621501404783 33.894688522701472 28.15413428156171 15.450748703617135 71.555194362357724 132.59612502099299 53.470153210451826 5.1075532712275153 23.887319172907155 11.480726469395451 14.339054912488789 1.7763066975603576 96.425557298582135 7.9771480199815405 4.6100311227746706 3.8554435115220249 58.719007608960965 83.475525119814847 26.650512309901387 10.434717412572352 848.08049354624018 1.5790233582374629 7.2892842303263015 522.2987916932907 7.8097973198746358 4.1843677362194276 7.4103050731355316 11.875217864406293 20.100894375238571 2.2814252638490862 5.0602604878367847 5.4108321151579721 41.020389119861647 85.757000706158578 6.1850410483311844 3.4948674855404533
leaf_count=5852 12817 95959 533189 5368 1555 205973 31657 552889 10555 2428 258 4380 4320 3885 5162 6668 118514 112079 4453 69701 997 24658 428589 225836 8444 10168 263 20503 1809 2552 18783 50587 1361 373 2793 1782 3721 23 24068 3282 3563 422 4025 40272 16764 2948 432994 2303 147 20216 576 341 838 159 677 407 397 1350 139 4060 1562 522
internal_value=0.000396491 -0.000585546 -0.001796 0.00151195 -0.0304451 -0.00355405 0.00161222 -0.00503704 -0.00403081 0.00260767 0.00894155 -0.00501647 -0.031365 0.0221072 0.00282292 0.00107285 -0.00021005 -0.0159869 -0.00101446 -0.00556913 0.00122164 -0.00422 -0.00622824 -0.000337881 -0.0201898 -0.00229737 0.0053264 0.0138544 -0.00759245 0.0133606 -0.0192281 0.0202409 0.0111434 -0.0224929 0.00364157 -0.0112915 -0.0373757 -0.00429353 0.00228552 0.00421231 -0.00486575 -0.0713354 -0.00197087 0.00138516 -0.0116604 -0.0347546 -0.0117257 0.0397074 0.00962278 0.00813464 -0.00331081 0.00839699 -0.0313103 0.00873858 -0.0493055 0.0133758 -0.0277454 0.0162316 0.0301266 0.0199393 -0.0137352 -0.0495698
internal_weight=8841.5 7930.97 6710.08 2328.65 34.6459 4381.43 977.173 3404.26 3119.01 959.69 910.531 123.891 29.9929 69.0477 35.8132 890.643 844.301 285.252 828.578 492.799 17.8972 3109.27 2048.81 1060.46 79.1489 1195.44 307.398 185.122 122.275 43.6049 78.6705 151.228 786.64 76.6627 93.8983 49.7071 25.8198 485.522 256.839 251.207 154.782 5.63175 150.172 142.195 228.683 37.0852 853.364 15.7228 733.17 684.86 162.561 115.123 47.438 14.8665 32.5715 110.939 25.1612 108.658 48.3097 103.247 17.4897 9.67991
internal_count=3152936 3090113 2994154 541109 7920 2453045 546111 1906934 1241966 340138 62823 29813 8700 40704 36819 299434 292766 664968 288035 169521 2552 1236114 977176 258938 33102 533627 105038 81258 23780 4361 19419 60755 33010 19156 21113 8296 5503 165068 75655 75210 51142 445 47579 44297 89413 19712 443549 4731 31649 31363 11147 8818 2329 417 1912 8477 1074 8070 286 6720 2660 2084
is_linear=0
shrinkage=0.05


Tree=86
num_leaves=63
num_cat=0
split_feature=18 4 9 17 19 0 4 9 3 6 0 7 6 3 6 19 3 23 4 4 18 23 23 2 23 23 19 3 6 17 1 17 17 19 3 4 6 3 2 6 19 23 23 15 18 17 19 18 23 18 17 19 2 15 6 23 20 6 3 14 23 15
split_gain=33.0012 24.1232 17.1458 14.8503 12.7867 11.9187 15.0109 13.521 14.8972 15.6056 12.7314 11.7141 11.7458 11.5872 12.2641 11.1669 10.7557 10.693 11.6595 11.4733 10.5076 34.6469 12.3208 10.458 17.4949 12.9946 11.3129 10.2326 11.8244 17.2756 10.4912 10.0301 12.449 10.5876 10.0163 9.82328 12.2156 21.1335 10.7753 9.71557 9.61625 10.6188 9.5286 13.3503 20.6509 14.3653 10.853 10.4175 14.8199 22.7519 18.5122 14.6294 10.3793 17.8889 10.3371 19.938 22.7279 17.2942 9.46158 15.2641 8.86442 8.84144
threshold=1.0000000180025095e-35 0.0072032741736620673 1.0000000180025095e-35 0.43095238506793981 0.45993590354919439 -0.10307468473911284 0.6683848798274995 1.0000000180025095e-35 5.5587549209594735 0.80445882678031932 2.2823361158370976 1.0000000180025095e-35 0.79692408442497265 4.0859410762786874 0.64587956666946422 0.067816093564033522 5.9712586402893075 1.0553049445152285 0.19347286969423297 0.38918128609657293 0.35857143998146063 2.1517016887664799 1.0777355432510378 9.3304319381713885 0.82043662667274486 0.19774170219898227 0.19615384936332705 6.6707012653350839 0.79692408442497265 0.74166667461395275 6.8238298892974862 0.25462962687015539 0.24568965286016467 0.32738095521926885 3.4811217784881596 0.018596947193145755 0.68877100944519054 3.9981586933135991 9.0573616027832049 0.59976598620414745 0.093073595315217986 1.0636015534400942 0.89435166120529186 0.30500000715255743 0.22902098298072818 1.0000000180025095e-35 0.63245612382888805 0.22902098298072818 0.017752056941390041 0.2788888961076737 0.16333333402872088 0.21980676054954532 6.5316059589385995 6.2349998950958261 0.67234274744987499 0.082832045853137984 1.0000000180025095e-35 0.68242275714874279 5.7461826801300058 2.0126758217811589 0.87261205911636364 5.305000066757203
decision_type=2 2 2 2 2 2 2 2 2 2 2 2 2 2 2 2 2 2 2 2 2 2 2 2 2 2 2 2 2 2 2 2 2 2 2 2 2 2 2 2 2 2 2 2 2 2 2 2 2 2 2 2 2 2 2 2 2 2 2 2 2 2
left_child=5 3 27 13 -5 16 7 8 10 31 -7 12 34 23 -15 -12 -1 18 61 -20 21 22 42 24 25 -2 -25 30 -29 -30 35 32 -10 -33 -8 -3 37 -37 39 -39 41 -26 47 -44 45 -45 -47 54 50 51 -49 -50 -53 -54 55 56 -4 -56 -9 -60 -14 -17
right_child=1 2 20 4 -6 6 11 58 9 -11 15 -13 60 14 -16 17 -18 -19 19 -21 -22 -23 -24 26 40 -27 -28 28 29 -31 -32 33 -34 -35 -36 36 -38 38 -40 -41 -42 -43 43 44 -46 46 -48 48 49 -51 -52 52 53 -55 57 -57 -58 -59 59 -61 -62 -63
leaf_value=-0.026978954383247253 -0.019676677337071194 -0.0060715836282055347 -0.1007009080962073 0.026930796582461797 -0.064500233002150617 -0.010896235237624676 0.017962771569971319 0.016880795615085552 -0.0020187533784141558 0.030472833859101073 0.010694805102266731 0.0077588522886489712 0.047314315731948775 0.015344326449354788 -0.069031235549797371 -0.018631321166736717 0.025296841797129946 -0.034331955236101178 0.043153437311663816 -0.043024595498951379 0.024859355976846534 -0.094693492486700892 0.01609460348467464 -0.037676057953853204 0.01905210969735175 -0.059226933605428779 0.026599464018886326 0.024099410325560847 -0.10605928551840411 0.041255674804259346 -0.0012563814427016455 -0.076455398262487317 0.049631352279144871 0.0024679179062294509 -0.035559829684281459 -0.048695557791594887 0.0035410764238878686 -0.07028330289325041 -0.062794183641998971 0.024974886215052897 0.012803916300603036 -0.053646436074253435 0.013035173317521964 0.030662389712076694 0.019173597518065359 -0.095568030770616749 -0.0027756300626696462 -0.10093174695035277 -0.096793945340847024 -0.13583869917746472 0.024783709015546135 0.037465226418354862 -0.11506812709044947 0.028208971319627043 0.040949258958088368 0.010191550233634224 0.0094265506772626927 0.0072784607980435683 -0.11343815832854294 0.040159542066790871 -0.041216322230976737 0.011890040835362234
leaf_weight=88.582607717413339 69.650391140487045 229.77024848147994 9.9768316560657713 32.431915249024314 3.3599013766579438 1326.8283747343885 10.238078753667649 90.77979901229628 769.32778082467848 37.631631638272665 141.19665744264421 396.08777202983038 10.246807926509062 5.1580769439460736 17.965186252491549 75.401141039172217 10.262559469207188 31.0792626573093 20.562007602333328 3.8606483393232329 90.219588325242512 7.2997044264920978 306.46199178689858 8.1188175656207004 7.2674829118641382 29.731297954409456 26.934431212848722 77.507034767768346 3.4459398206090546 2.8539315881207585 2276.6465473313401 8.1865844362182525 10.846217167330904 7.7939651007764033 43.156356652558316 10.446249986242035 1667.1137833630492 1.7840180515777309 2.7628080701688296 162.17036985809682 48.488297661764591 12.730755595754088 23.59607347776182 3.0565785907674607 11.147511704941278 15.367054120288232 3.9779704613611093 2.3268778104102266 3.5692385591100964 4.257306990271899 23.906370073265862 9.2292173926834966 2.9657856962876386 4.1582831147825345 41.290729488828219 32.655278187245131 7.8979810378514221 397.53386383567704 2.6539701173314816 2.193817138671875 2.9238104529067632 33.605924608666101
leaf_count=287727 174861 58123 1584 26955 6971 1150925 15893 30665 142207 2153 44183 73321 1471 1485 11924 41052 1125 12340 2033 720 1176 511 4895 11623 11565 109230 16651 2197 284 5 540427 2877 473 1108 28745 5317 158117 389 330 10042 79204 52234 275 52 168 1365 74 316 377 358 524 84 167 31 441 946 149 14344 183 1 3112 8179
internal_value=-0.000221812 0.0020426 0.00275754 -0.0127525 0.016828 -0.00435149 -0.00378901 -0.00528574 -0.00600253 -0.000563742 -0.00877824 0.00449265 -0.0147697 -0.0174897 -0.0503538 0.000419884 -0.0213524 -0.00841033 -0.00216203 0.0283742 0.00866519 0.00703534 0.00796116 -0.0135163 -0.0186876 -0.0319808 0.0110803 0.00142249 0.0186239 -0.042814 0.00108694 -0.00206713 -0.00123808 -0.0400848 -0.0251556 0.00365852 0.00487338 0.0173202 0.0217223 0.0235186 0.000785057 -0.0275782 0.00376542 -0.0154798 -0.035332 -0.0621154 -0.0775612 0.00582776 -0.0156093 -0.0430506 0.0103361 -0.0176776 0.00417294 -0.0382599 0.00806352 -0.0131671 -0.0541197 0.0105326 0.0130716 -0.048948 0.0261393 -0.0091993
internal_weight=8820.68 5697.23 5435.4 261.837 35.7918 3123.45 3024.6 2561.95 2466.32 833.786 1632.53 462.653 66.5651 226.045 23.1233 305.706 98.8452 164.509 133.43 24.4227 1000.89 910.675 903.375 202.921 167.868 99.3817 35.0532 4434.5 83.8069 6.29987 4350.69 796.155 780.174 15.9805 53.3944 2074.05 1844.28 177.163 166.717 163.954 68.4865 19.9982 596.913 57.1452 33.5491 22.4016 19.345 539.768 50.4131 24.1798 26.2332 19.9225 16.3533 7.12407 489.355 50.5301 17.8748 438.825 95.6276 4.84779 13.1706 109.007
internal_count=3156264 1305771 803068 502703 33926 1850493 1561641 1439099 1408250 148818 1259432 122542 49221 468777 13409 108507 288852 64324 51984 2753 27837 26661 26150 455368 427094 284091 28274 775231 2486 289 772745 146665 142680 3985 44638 232318 174195 16078 10761 10431 143003 63799 21255 1934 1659 1491 1439 19321 1857 1017 840 659 282 198 17464 2679 1733 14785 30849 184 4583 49231
is_linear=0
shrinkage=0.05


Tree=87
num_leaves=63
num_cat=0
split_feature=9 3 1 3 2 2 3 4 6 15 1 19 1 4 3 4 6 13 1 21 0 1 15 4 21 2 17 4 5 2 2 2 4 5 6 1 5 3 5 3 17 17 21 17 6 21 4 2 4 5 0 19 19 5 6 1 15 10 2 5 3 21
split_gain=28.7179 20.5814 20.9457 14.6183 15.5154 17.4665 17.456 36.6524 13.8252 16.1464 19.2497 13.6925 12.981 23.3428 17.8262 16.5953 15.9829 14.1689 15.0354 13.3654 12.8817 11.9514 11.9226 12.1052 11.7453 17.545 10.9219 10.8784 25.7939 13.2876 17.2055 14.3995 15.1116 12.4261 13.2862 16.2301 12.9966 10.7495 10.7481 14.2876 12.8004 10.6109 10.5817 10.4911 10.4354 12.2463 11.6073 12.344 10.3146 10.1492 10.1152 10.0165 12.6526 9.86938 9.80446 9.79549 9.66143 9.65084 12.1122 10.048 10.4173 9.60403
threshold=1.0000000180025095e-35 4.7916412353515634 4.1971738338470468 5.2337753772735605 5.56260108947754 5.7761018276214608 5.1269311904907235 0.29745921492576605 0.757074534893036 0.12499999627470972 8.6433854103088397 0.57417583465576183 8.8064990043640154 0.99365073442459118 5.8930234909057626 0.92899158596992504 0.80679190158844005 1.0000000180025095e-35 9.6049132347106951 0.081285018473863616 3.3746581077575688 9.9157867431640643 0.17500000447034839 0.29745921492576605 0.72209566831588756 6.632660150527955 0.36515152454376226 0.88580477237701427 0.72021442651748668 6.1301383972167978 6.1622610092163095 5.8507635593414316 0.63755404949188244 0.83722442388534557 0.757074534893036 7.5167052745819101 0.68909329175949108 4.7578821182250985 0.69373488426208507 5.8318781852722177 0.10435571894049646 0.75833332538604747 0.94695293903350841 0.78333333134651195 0.76233655214309703 0.060823896899819381 0.023302901536226276 9.3890171051025408 0.44045644998550421 0.67387413978576671 2.4634751081466679 0.075498577207326903 0.1695402339100838 0.91888117790222179 0.76714894175529491 5.2176458835601816 0.12499999627470972 1.0000000180025095e-35 5.6507318019866952 0.77723002433776867 5.3399362564086923 0.26023267209529882
decision_type=2 2 2 2 2 2 2 2 2 2 2 2 2 2 2 2 2 2 2 2 2 2 2 2 2 2 2 2 2 2 2 2 2 2 2 2 2 2 2 2 2 2 2 2 2 2 2 2 2 2 2 2 2 2 2 2 2 2 2 2 2 2
left_child=1 2 37 4 -2 20 -7 -8 53 -10 11 44 13 15 17 27 -17 22 -19 -15 56 -20 26 24 -24 -26 -14 29 -29 31 -31 32 33 34 35 36 -3 43 39 40 48 -12 -34 -1 50 -46 47 -47 -25 54 -11 -50 -53 -4 -48 61 -6 58 -23 -59 -61 -51
right_child=3 12 8 -5 5 6 7 -9 9 10 41 -13 14 19 -16 16 -18 18 21 -21 -22 57 23 38 25 -27 -28 28 -30 30 -32 -33 42 -35 -36 -37 -38 -39 -40 -41 -42 -43 -44 -45 45 46 49 -49 51 55 -52 52 -54 -55 -56 -57 -58 59 -60 60 -62 -63
leaf_value=0.0078762057698221026 0.015122314455926015 0.023536437939557699 -0.011053219248552317 0.016427119445050986 0.032040649864802949 0.0028351713773162287 -0.13654323068224022 0.021095000249970582 0.0071736758196250475 0.026012878433742809 -0.033118641604450029 -0.030587101652814048 -0.0221813025807742 -0.090013712885762598 0.0081854846959742069 0.024078550700189355 -0.062309507760347632 0.041262238558583769 -0.08481199661049936 0.0025079419553714869 0.017184932796609338 0.0028504678443058533 -0.016112194794132447 0.0096716071131506855 -0.056617466408160094 0.03143840408490086 0.029319122796366105 -0.080235236820190403 0.011829760982585783 -0.046531386684112164 0.00096226837891889817 0.015063960799277283 0.0097698986948444467 0.030737805797798019 -0.051646943930947022 -0.035241857335402658 -0.054315407600562839 -0.083665795224036055 -0.019830673546278904 -0.061879356145338675 0.024861303481188018 0.043890303981862458 -0.069881629726519859 -0.072705183951860874 -0.01148585656530576 -0.034602324318058771 -0.045256387633078841 0.048747493410922188 -0.025737568882247982 -0.079277687326761589 -0.046642252827726563 0.040570624503626911 -0.020641975881075834 0.054087794970039044 0.028989286957606827 0.0066027444448965456 -0.080420737600373257 0.041816177171702808 -0.03273831988985941 -0.07496574655155977 0.01297601477819298 -0.0078595500320827148
leaf_weight=358.59911446955084 232.46370574042885 34.229504866991192 1074.3592225529155 315.85566671920242 1.6546563776209975 657.94540900100765 5.8673050698125717 7.4716225771699101 298.661553318605 49.200090780464961 79.838043873118295 42.458388524693873 198.81515331490664 9.7585388798033801 263.00940280902432 119.71976975142024 4.6630331096239379 24.204475615057163 3.0432854268001384 6.0427156965015447 5.868194668495561 125.39634942117846 286.28097786125727 119.89519016939448 6.0666748791118144 28.040804655174725 10.014086313778533 12.298723854473794 17.270049977814779 18.193960888194852 2941.93738801172 370.10512856103014 214.50474351207959 12.515664959093554 24.494692317210138 32.252401749894489 5.3548482194310045 2.3045152944978318 52.304299245995935 6.8584922112640916 69.748820520471781 3.8931766423520449 3.2631377745419732 3.0927243205223922 249.60482889201012 29.115862509579529 3.8892872466822146 4.3105526675499268 54.469622972712386 5.7169954384444308 4.3809386920474926 15.373571570264177 16.520355427695904 4.8735254897583209 64.828804244039929 121.04225080419565 13.452693636307229 25.870316730928607 28.502908057125751 3.2861054335953694 14.811405408894641 16.616028396470938
leaf_count=61346 18478 3370 1131508 3666 3 108105 521 68 175525 22507 317848 31308 83542 2031 41199 5725 508 346 430 820 134 21817 169837 43112 4137 8456 1592 3003 880 7360 436919 40416 19346 311 5146 15808 1016 353 18025 3664 13042 3607 1071 1183 166633 51555 1995 1943 24100 1705 2534 3173 7556 1412 11369 32312 4556 1359 11483 876 879 2379
internal_value=0.000106691 -0.00104552 -0.00485451 0.00715667 0.00397586 0.000216424 0.00164997 -0.0529311 -0.00681443 -0.00249027 -0.00677114 -0.00357013 0.000732507 0.00222064 -0.00347634 0.00247927 0.0203688 -0.00629646 0.00486018 -0.0565882 -0.043649 0.00029204 -0.00920427 -0.00587309 -0.0128064 0.0146094 -0.0195837 0.0018703 -0.0278355 0.00211804 0.000654741 0.00832527 0.00066663 -0.0144669 -0.0205955 -0.00944393 0.011926 0.00618702 0.000772817 0.00463901 0.00650934 -0.0290623 0.00826239 0.00698862 -0.00142773 -0.00370815 0.00421349 -0.0227501 0.000213399 0.00854982 0.0193267 -0.0128775 0.00920022 -0.0107093 0.0241983 0.000934037 -0.0668787 0.00202087 -0.00390955 0.0224043 -0.00608153 -0.0287559
internal_weight=8836.48 7595.9 2416.79 1240.58 924.724 692.26 671.284 13.3389 2052.79 973.557 674.895 591.164 5179.12 3826.6 1352.51 3810.8 124.383 1089.5 225.115 15.8013 20.9755 200.91 864.388 655.559 320.388 34.1075 208.829 3686.42 29.5688 3656.85 2960.13 696.72 326.615 108.847 96.3314 71.8368 39.5844 363.996 335.17 282.866 276.008 83.7312 217.768 361.692 548.706 495.125 245.52 33.4264 206.259 212.093 53.581 86.3635 31.8939 1079.23 68.7181 143.375 15.1074 197.867 153.899 43.9678 18.0975 22.333
internal_count=3156908 3021377 2019022 135531 131865 113387 108694 589 1956140 823220 647695 326240 1002355 543730 458625 540879 6233 417426 37190 2851 4693 36844 380236 295102 182430 12593 85134 534646 3883 530763 444279 86484 46068 25651 25340 20194 4386 62882 112672 94647 90983 321455 20417 62529 294932 269891 103258 53498 77941 49760 25041 34829 10729 1132920 13364 36396 4559 36414 33300 3114 1755 4084
is_linear=0
shrinkage=0.05


Tree=88
num_leaves=63
num_cat=0
split_feature=0 4 2 0 1 13 0 1 3 15 4 17 15 17 5 1 2 0 19 5 3 21 21 5 15 3 3 0 17 5 2 19 2 15 17 19 0 0 2 19 5 17 2 3 21 4 17 6 5 6 21 17 21 4 15 6 14 6 2 19 6 2
split_gain=31.5996 16.811 22.9625 17.3374 15.8058 15.1529 12.7723 12.1563 14.5727 12.8209 19.1222 13.1995 13.2271 21.7102 25.709 13.1833 20.1445 14.8755 19.6945 12.6305 12.3065 12.2745 18.0765 12.2422 11.981 11.5381 13.5521 11.3613 11.6023 12.9256 12.149 11.3218 11.262 12.647 11.2322 11.124 11.0104 18.7131 10.8077 10.7941 10.8898 11.7809 10.7759 16.6953 11.7943 14.4149 13.2236 13.4135 18.4113 12.5399 11.9841 10.9327 24.064 12.2815 12.9661 10.7477 10.4677 10.3157 10.1814 10.6053 10.0875 10.0624
threshold=2.9702482223510747 0.42030042409896856 9.6739149093627947 1.5516574978828432 10.938698291778566 1.0000000180025095e-35 1.4334368109703066 7.6964399814605722 5.5154407024383554 4.1849999427795419 0.036689598113298423 0.10912698507308961 3.3850001096725468 1.0000000180025095e-35 0.69373488426208507 3.5114340782165532 8.3512568473815936 2.4444293975830083 0.08893280848860742 0.78902491927146923 5.9826688766479501 -0.14567188173532483 0.060823896899819381 0.48621335625648504 2.6250000000000004 1.4978661537170412 2.3502402305603032 1.8294522762298586 0.21980676054954532 0.87904992699623119 7.3320422172546396 0.36754386126995092 2.8617925643920903 0.15500000119209292 0.48913043737411505 0.13484849035739901 1.8710499405860903 1.9129720330238345 6.7861523628234872 0.037749288603663451 0.52591764926910411 0.4463601559400559 5.8650496006011972 4.0517470836639413 0.29084998369216924 0.021230231039226059 0.4463601559400559 0.80679190158844005 0.85389685630798351 0.77284198999404918 0.34880438446998602 0.075498577207326903 0.14659410715103152 0.37787806987762457 0.42499999701976782 0.69543612003326427 0.89587974548339855 0.76233655214309703 9.6234073638916033 0.68090909719467174 0.80214920639991771 5.8507635593414316
decision_type=2 2 2 2 2 2 2 2 2 2 2 2 2 2 2 2 2 2 2 2 2 2 2 2 2 2 2 2 2 2 2 2 2 2 2 2 2 2 2 2 2 2 2 2 2 2 2 2 2 2 2 2 2 2 2 2 2 2 2 2 2 2
left_child=1 2 4 5 7 32 -7 9 -9 10 27 12 23 14 -14 16 -13 34 21 -10 -20 -19 38 -12 36 -11 -27 55 -29 30 31 57 -3 39 -17 -15 -25 -38 -23 60 -41 -42 -2 44 46 -46 47 48 -44 -50 -47 52 -45 -53 -55 -1 -4 -30 59 -28 -34 -5
right_child=42 3 56 61 -6 6 -8 8 19 25 11 15 13 35 -16 17 -18 18 20 -21 -22 22 -24 24 -26 26 58 28 29 -31 -32 -33 33 -35 -36 -37 37 -39 -40 40 41 -43 43 51 45 50 -48 -49 49 -51 -52 53 -54 54 -56 -57 -58 -59 -60 -61 -62 -63
leaf_value=0.10846640683413207 0.020725004603641423 0.035642313366856186 0.0058115461803433825 0.0014852275461003615 -0.039967417852843745 0.004524624641162797 -0.073437698556734821 -0.009203141927961421 0.0023827386844397164 0.038123560388369518 -0.038810688094527188 0.02475793924070592 -0.041979256313100496 -0.011118405612749252 0.036058465622814312 0.007289048887134596 -0.085614639031409423 -0.077376161755130637 0.0032193386362307577 -0.051194071793108559 -0.090433913598525789 0.030842816823841431 -0.049625005760613933 0.019894933775040948 0.014023992255165599 -0.069482767004169374 0.0057307906178253459 -0.016844631991670116 -0.050422647947539083 -0.054898763889110302 -0.010729800073765013 -0.057738151053381148 -0.011643040814338682 -0.0026298385485458171 -0.031366734794216929 -0.076933877512693261 -0.048329507304412073 -0.0037105084308887456 -0.074199965967341089 0.016128084435477957 -0.039187816145432187 0.026650320387669398 -0.06523204948749961 0.0057918110545472998 0.030602638112355914 0.025722910502197962 -0.046620089907032244 0.0068625778375901066 0.029569750419687901 -0.064868074565587269 -0.077294508062409603 0.018683218460336284 -0.1176506290799782 -0.12530859934027735 0.033042432340834024 -0.030931840661335232 0.030376148717103753 0.034798213796343819 -0.042715316095730149 -0.029915470812360002 0.04048553686867315 0.0097073226147188513
leaf_weight=2.7540024256777533 191.09439040321013 13.688933035249645 411.56434502237971 665.3031095557817 28.145036592033648 560.37838265323444 4.3054431552009182 1267.0787232225375 459.38937945850194 23.613642263451766 22.107505135878455 102.72175716992933 18.990984897594899 9.7654709758935514 21.357624789088732 503.38718211162632 3.3427799625787875 12.605823166697517 115.54456873043091 10.270099109620785 2.616621824912726 15.728780153673144 23.335679577867268 46.315063167334301 104.32398604588525 5.3415541665308401 700.69850177939225 372.43564678035546 2.9638167016164507 8.3950435762926627 52.478978301151074 3.1492897490643363 114.20339754976158 343.63091750154126 18.544151146576041 20.149531332950573 23.096516823236016 965.59550492308335 1.8994742020731781 11.3274241805193 91.02737061206426 6.6537382465030523 17.49486283994338 21.176638666773218 35.991111168725183 4.2176160990493354 23.211625064795953 71.083801729262632 13.246943033984282 3.6746328243461894 5.67847841209732 250.52049820421962 3.8298695756820953 2.0771534690866242 1.6493185902945695 1.6187931274507716 47.608976590679958 47.398179781845101 10.520772521209436 20.523521089999122 9.1179194703436206 844.60571838048054
leaf_count=526 8894 8204 80186 94661 321718 153763 1026 1273424 112512 40085 9545 2707 7265 2847 2054 79907 318 3849 10059 2268 209 1264 4103 8629 15915 6116 119748 213854 3282 6446 21883 4635 49065 105680 4708 6022 10970 190632 377 4148 45719 998 6641 867 2926 127 5527 7557 368 633 691 4061 422 124 9 1737 399 18105 2153 4847 882 58464
internal_value=0.000144299 -0.00069717 -0.0022744 0.00256283 -0.00324852 -0.00204929 0.00380143 -0.00303474 -0.00641655 -0.00124449 -0.00296016 -0.000817381 -0.00406375 -0.0249754 -0.000798698 0.00418136 0.0205122 0.00165835 -0.0110662 0.00110489 0.000403916 -0.0359101 -0.0216099 -0.00277826 -0.00204567 0.00444142 0.00331217 -0.0118024 -0.0125768 0.00134451 0.00627079 0.0228344 -0.00764924 -0.00873815 0.00585826 -0.0565036 -0.00367739 -0.00480062 0.0161487 -0.0177228 -0.029121 -0.0344785 0.0107905 0.00657117 -0.00553792 0.0159964 -0.0132793 -0.00557495 -0.0307319 0.0065867 -0.0350582 0.0141349 -0.0169109 0.0172427 -0.0630605 0.0607094 0.00841898 0.0288989 0.00393765 0.0046764 -0.0074942 0.00608785
internal_weight=8816.57 8171.62 5507.38 2664.24 5048.2 1154.33 564.684 5020.06 1736.74 3283.32 2522.62 2031.43 1231.7 70.2636 40.3486 799.727 106.065 693.662 171.731 469.659 118.161 53.5698 40.9639 1161.44 1139.33 760.698 737.084 491.194 486.821 114.385 105.99 53.5113 589.65 575.961 521.931 29.915 1035.01 988.692 17.6283 232.33 109.009 97.6811 644.947 453.853 174.599 45.8872 128.712 105.5 34.4164 16.9216 9.89609 279.253 25.0065 254.247 3.72647 4.3728 459.173 50.362 731.743 721.222 123.321 1509.91
internal_count=3156761 3117914 2595304 522610 2514719 369485 154789 2193001 1388204 804797 631848 361380 253879 18188 9319 107501 3025 104476 19861 114780 10268 9593 5744 235691 226146 172949 132864 270468 268205 54351 47905 26022 214696 206492 84615 8869 210231 201602 1641 100812 50865 46717 38847 29953 24470 3744 20726 15199 7642 1001 818 5483 1289 4194 133 2263 80585 21387 126748 124595 49947 153125
is_linear=0
shrinkage=0.05


Tree=89
num_leaves=63
num_cat=0
split_feature=0 4 3 1 6 17 0 2 18 0 18 3 2 6 6 23 19 19 3 21 9 1 6 19 6 6 4 21 18 23 19 23 19 23 17 18 1 1 21 19 15 15 6 4 6 4 2 15 21 21 15 0 23 2 21 23 3 18 2 23 9 4
split_gain=43.0906 20.2931 25.685 16.0602 16.922 18.6516 16.7698 13.0464 14.0223 13.0312 14.8584 12.5644 11.8432 11.768 11.677 11.3148 13.3498 13.2322 11.2772 10.8894 10.3405 24.3193 16.4768 13.2141 12.0779 18.553 9.94242 9.67402 9.47753 14.6613 10.2189 10.7405 10.4063 11.2859 9.27529 17.3289 22.0924 15.2304 12.6668 11.9862 10.7875 16.372 10.4748 10.4074 10.3612 15.4382 36.4449 16.8611 15.0701 14.2027 17.8742 12.3075 16.0615 11.5552 11.1343 10.5551 12.4997 10.3456 19.0762 15.4165 17.4872 17.8321
threshold=2.5498392581939702 0.84952831268310558 5.5664324760437021 8.2502284049987811 0.59086096286773693 1.0000000180025095e-35 1.7529574632644656 4.610145330429078 0.26006440818309789 3.1131258010864262 0.62019231915473949 5.4553120136260995 9.3304319381713885 0.65644964575767528 0.62627282738685619 1.1296476125717165 0.19615384936332705 0.057189542800188072 6.6707012653350839 0.50110971927642833 1.0000000180025095e-35 8.6433854103088397 0.76105555891990673 0.47213622927665716 0.69384723901748668 0.67557427287101757 0.012281119823455812 -1.4420086741447447 0.12249999865889551 2.0172029733657841 0.3390804678201676 0.082832045853137984 0.5313725769519807 1.1763981580734255 0.13484849035739901 0.19615384936332705 7.1651070117950448 7.7211270332336435 0.84739193320274364 0.36515152454376226 0.34499999880790716 2.7649999856948857 0.76926043629646312 0.011285252403467895 0.70986375212669384 0.29013659060001379 6.2700424194335946 0.34499999880790716 -0.56556966900825489 0.11938588693737985 0.28499999642372137 2.3209801912307744 0.72422525286674511 5.7186696529388437 0.57243141531944286 1.0777355432510378 5.0720391273498544 0.054093567654490478 6.4746618270874032 1.653209447860718 1.0000000180025095e-35 0.18229602277278903
decision_type=2 2 2 2 2 2 2 2 2 2 2 2 2 2 2 2 2 2 2 2 2 2 2 2 2 2 2 2 2 2 2 2 2 2 2 2 2 2 2 2 2 2 2 2 2 2 2 2 2 2 2 2 2 2 2 2 2 2 2 2 2 2
left_child=1 2 3 4 -1 11 -7 8 -8 10 27 -6 34 14 -13 16 -14 -17 -4 -20 -5 24 23 -23 25 -22 -11 -2 -3 30 31 -30 33 -32 35 39 -37 38 -36 44 -41 -42 -38 -43 48 47 49 -46 -9 55 -51 53 54 -50 -53 -47 -57 58 -49 60 -59 -62
right_child=9 28 18 20 5 6 7 12 -10 26 -12 13 15 -15 -16 17 -18 -19 19 -21 21 22 -24 -25 -26 -27 -28 -29 29 -31 32 -33 -34 -35 37 36 42 -39 -40 40 41 43 -44 -45 45 46 -48 57 51 50 -52 52 -54 -55 -56 56 -58 59 -60 -61 61 -63
leaf_value=0.017082897106273403 -0.071253226954668222 0.0020069861956036081 0.0010931383459058307 -0.010625527046390523 -0.0089719392794693226 0.0180217691777084 0.021993945566398464 -0.037481705936824754 -0.060584025527593094 -0.0013277988511131733 -0.066736660309305237 -0.071186531247805981 -0.013400883726694637 -0.061792550964337792 0.023613997661258396 0.022360173793612159 0.038385117028264186 -0.04140611277286161 0.022102284868624023 -0.074833339231508797 -0.099555910368168993 0.019174153568266357 -0.043345174714518986 -0.081673811686770084 -0.086751848010281588 0.02986145163117437 0.017486908504286015 0.0051271194952738569 -0.055220463218851205 -0.079075025473515428 -0.081743266048640018 0.019918239517465582 0.014905214949087385 0.0035184083414314758 0.0034918093731969636 -0.063336578100154792 -0.042896801218991434 -0.024754532131035886 -0.0479324528924195 0.019522978429101473 -0.021449510645854153 -0.03535018949948087 0.036099300429489299 0.013337596567876584 -0.055585552129534449 -0.076167447415800046 0.035156239035562718 0.026890501142988577 -0.035445383958886682 0.0053945035236374582 -0.072512760151632091 -0.047755542117037163 0.036458946564797944 0.0011073838071741029 0.035165184579012881 0.0075359200362635909 -0.065930466869303206 -0.022922334545954062 -0.016739487553599684 0.019852929267556559 -0.094823434303099086 0.019328533062073421
leaf_weight=102.7353918908193 3.166153383521304 694.01031394577876 1910.5878266223008 1312.3066725332246 657.08579844054111 107.85239502181503 80.166447827581578 24.818757688943151 4.5357249787484752 84.8087963846192 6.307474517641821 3.5173615879612035 15.987607769937311 21.316558541439008 10.575722656736614 14.851342488254888 49.109071918486734 15.831887547974473 87.95304174721241 2.035827057901769 2.9771644033098736 118.51839519438363 11.71920177735228 2.3671540054201605 8.9894151171756658 8.1788663700426678 403.33481241442496 1040.6464248491466 3.9221144185285075 3.2592749429750247 7.2086735263583268 221.20825862430502 16.423393789853435 7.2120832045911811 642.83234421169982 28.140973938981915 5.502292831210073 54.438955571691622 11.204327950727018 73.959499248070642 72.339502183134755 11.237409088033017 10.924503901649585 108.4026733985811 29.517748789046891 13.168834548268931 47.634902870224323 31.716461416126549 24.104744960106473 62.699280154076405 7.3271385902189641 10.922175698018693 46.206593079718004 155.4237350085059 5.2608252618229008 15.029141755949242 8.2415428066160512 92.204335248941788 106.37298533246212 15.223330441280266 16.711598835121553 3.8657864893320939
leaf_count=33582 1618 131887 236514 1593044 306139 36953 17740 14991 2352 14438 3493 847 5429 6280 1193 2043 5193 3605 2842 320 1485 46026 13305 2092 5235 552 11003 118403 827 489 1202 11848 1018 553 164319 12558 3282 34622 4847 7464 33142 9997 2461 18809 10252 4641 2541 16014 8625 5375 2340 3340 3216 53524 332 2723 1511 46479 59038 2265 7202 46
internal_value=-0.000117571 -0.00173296 -0.00276417 -0.00494814 -0.00273949 -0.00349523 -0.00106972 -0.00215328 0.0169167 0.00747939 0.00433454 -0.0105718 -0.00304411 -0.039199 -0.00319525 0.0139832 0.0256563 -0.0108103 0.00191275 0.019111 -0.00919316 0.00310168 0.0109677 0.0165455 -0.0467456 -0.0100243 0.0142221 0.00482746 0.00506145 0.0131996 0.0146777 0.0183708 -0.0120088 -0.0416394 -0.00399137 -0.00702513 -0.0371787 0.000409868 0.00253903 -0.00562074 0.0034349 -0.00283202 0.00869573 0.00850939 -0.00898221 -0.0136048 -0.000761352 -0.0202748 -0.00116697 -0.0170092 -0.00366339 0.00269757 0.0216426 -0.0039696 -0.0203216 -0.0418731 -0.0201274 -0.0161644 -0.00659724 -0.0263541 -0.0327108 -0.0734763
internal_weight=8776.14 7237.88 6284.63 4284.05 2819 2716.26 2023.77 1915.91 84.7022 1538.26 1050.12 692.495 1831.21 35.4096 14.0931 95.7799 65.0967 30.6832 2000.58 89.9889 1465.06 152.75 132.605 120.886 20.1454 11.156 488.144 1043.81 953.244 259.234 255.975 225.13 30.8442 14.4208 1735.43 1026.96 44.5678 708.476 654.037 982.389 265.939 191.98 16.4268 119.64 716.45 449.713 154.101 295.612 266.737 106.466 70.0264 241.918 62.3896 179.528 16.183 36.4395 23.2707 266.094 138.089 128.005 112.782 20.5774
internal_count=3155506 3006551 2858727 2619051 957312 923730 609271 572318 20092 148955 123514 314459 552226 8320 2040 16270 10622 5648 239676 3162 1661739 68695 61423 48118 7272 2037 25441 120021 147824 15937 15448 12675 2773 1755 535956 332168 18301 203788 169166 313867 69412 61948 5743 28806 244455 160427 19131 141296 84028 16590 7715 69037 6888 62149 3672 8875 4234 131044 75052 55992 53727 7248
is_linear=0
shrinkage=0.05


Tree=90
num_leaves=63
num_cat=0
split_feature=18 19 3 19 14 18 9 9 4 21 21 4 3 20 3 21 3 18 3 0 23 2 3 15 4 15 19 0 0 17 15 2 21 3 18 0 3 23 0 17 21 23 4 4 2 23 2 23 23 23 2 21 3 15 15 0 19 0 23 21 18 23
split_gain=39.3633 18.3188 13.5002 13.2948 17.7605 16.2454 12.9369 12.8985 14.8013 13.8358 12.8388 12.5213 22.6104 11.4168 26.238 25.7326 18.537 14.3031 15.6116 20.9713 13.8346 13.5897 13.4202 13.2955 14.0131 13.0813 12.6846 12.2027 15.9555 11.9064 11.5687 13.5405 11.4561 11.3984 11.5285 11.392 16.3329 11.3681 11.1203 12.9701 11.047 9.88789 10.1549 9.80646 20.2376 9.24105 9.50074 10.8191 13.2193 8.9993 10.295 9.60273 16.98 11.8775 12.9767 10.886 10.1893 22.8882 11.0427 11.6431 9.47402 11.1038
threshold=1.0000000180025095e-35 0.28869047760963445 4.9380581378936776 0.17316342145204547 0.89587974548339855 0.3390804678201676 1.0000000180025095e-35 1.0000000180025095e-35 0.78932374715805065 -0.20672136545181272 -0.83763015270233143 0.0089957197196781653 4.1190040111541757 1.0000000180025095e-35 4.3757371902465829 -0.35806319117546076 4.0517470836639413 0.14039409160614016 5.3542222976684579 1.7050692439079287 1.0893594026565554 9.8751802444458026 6.101433753967286 0.11499999836087228 0.54721674323081981 0.10500000044703485 0.26006440818309789 2.392680406570435 1.8430218100547793 0.34698997437953955 5.8949999809265146 7.3045156002044687 0.73689222335815441 2.8029010295867924 0.13188406080007556 2.1436136960983281 3.7256208658218388 0.80811941623687755 2.5498392581939702 0.10912698507308961 0.2543142437934876 1.0345354676246645 0.0083849639631807821 0.47919970750808721 4.4829866886138925 1.4116016626358034 9.7668800354003924 -0.11310647800564765 0.19774170219898227 -0.24081524461507794 7.6485013961792001 -0.0051955056842416516 5.9202361106872567 0.14500000327825549 0.074999999254941954 1.9931784272193911 0.38278388977050787 2.2360481023788457 0.064502775669097914 -0.068855520337820039 0.070197045803070082 0.48881547152996069
decision_type=2 2 2 2 2 2 2 2 2 2 2 2 2 2 2 2 2 2 2 2 2 2 2 2 2 2 2 2 2 2 2 2 2 2 2 2 2 2 2 2 2 2 2 2 2 2 2 2 2 2 2 2 2 2 2 2 2 2 2 2 2 2
left_child=2 3 7 -2 13 41 33 8 38 10 -10 12 40 14 25 -15 -17 20 19 -19 22 29 23 -16 -25 -5 27 28 -20 -22 31 35 -21 -3 49 -27 -37 -26 -1 -40 -8 42 -6 -18 -45 46 47 -36 -49 50 -35 52 53 54 -51 -54 57 -55 -58 60 -60 -62
right_child=1 6 -4 4 5 -7 11 -9 9 -11 -12 -13 -14 15 17 16 43 18 26 32 21 -23 -24 24 37 30 -28 -29 -30 -31 -32 -33 -34 34 45 36 -38 -39 39 -41 -42 -43 -44 44 -46 -47 -48 48 -50 51 -52 -53 55 56 -56 -57 58 -59 59 -61 61 -63
leaf_value=-0.014790728173043798 0.0019902784470819208 -0.020070875362228822 -0.0019061783231012622 0.032532466628164579 -0.076160227981674711 -0.097397850484201728 0.0092289097631680847 0.013887234930087269 0.025369769528122282 0.0093275799202003195 -0.059529908449960992 0.016800643591780712 -0.095501884206057985 -0.064671185092929906 -0.090880613233825638 -0.02253239624872275 0.026552955698991139 0.018426784529882046 -0.0016193523875910939 -0.07758010338319335 -0.061652827300243719 0.018995682903382109 -0.075278219636038368 -0.018533432398608534 -0.042294953501302079 -0.037862965896636361 0.03426471691968485 0.022812016908915204 -0.095093898098285723 0.030984226454679908 0.022723113400408237 -0.054181259392296288 0.028890678599035644 -0.034558686344473073 -0.025534593965885602 -0.024098042304826952 0.034453008612517558 0.049177583119630511 -0.019579765268026513 0.018263209548083231 -0.064602710423177639 0.040207968652714712 0.012508917911014234 0.041765934588096625 -0.090456917166100409 0.02116149751890864 0.040189789292152368 0.031836169598293523 0.0040243528091281908 -0.034162293026700277 0.028696774641746553 0.0035928887736589401 -0.017835068224465771 -0.0083000821565276228 0.038317400822984946 -0.10688028202389976 0.039635228782989362 -0.080051678409653937 -0.015298416161857046 -0.05950513965640547 -0.054401921026187808 0.020677015581807505
leaf_weight=756.43773019613946 3122.4034360551905 45.635611185980451 2048.1319216146076 31.686689343168837 2.8590881581913008 1.8762011015205633 57.77548295753877 58.158364630373399 5.7033954248763647 140.26016327286197 13.780687948776174 425.84250581869856 5.4342253276845431 11.580219591724015 4.501339749316684 31.480111347149432 86.111841414269293 11.84046422049869 12.056984892114999 17.239873523649297 53.65730861495831 6.2380117170978329 9.0704509672359546 96.274386428267462 3.5690612038597491 16.199117714113527 27.251732344506308 14.120027021854183 6.3821554018068118 3.1177999051287761 29.366489029040167 15.31284649378358 2.4041719078086308 6.5540206918958566 25.919538747461047 19.86177556173061 26.902620949200355 13.828732194611801 36.216459579351067 56.871254629080795 4.546137420962622 36.955769732303452 18.796719122561626 5.0191699850256537 4.6922887560212985 145.22910799959209 19.354325457155937 47.196541841869475 380.60065682092682 7.1652154998155302 47.494657518458553 490.46906829529325 7.8399232437950541 41.679477525263792 25.933957013156032 5.8728433820651844 12.972978713543851 14.297202530520734 65.452947746569407 8.8199436568538641 4.5273535210289984 46.828640683801495
leaf_count=1162503 777829 139694 572373 10778 910 250 15011 33369 1183 38560 9161 7359 374 10042 1009 19240 4528 2259 1261 4046 15116 511 926 23100 867 16951 845 276 717 301 18909 13816 121 3000 9358 6360 2340 514 19271 13681 4138 273 389 89 1121 7208 1104 3514 41160 1040 8784 68057 1695 17001 1764 732 1977 3724 21342 3240 1705 6607
internal_value=0.000232367 0.00270735 -0.00428405 0.00066175 -0.0060186 0.0195114 0.00664437 -0.00884056 -0.0101627 0.00378108 -0.0346527 0.013629 -0.006259 -0.00880723 -0.0129015 0.00360395 0.0102703 -0.0216592 -0.00531207 -0.0332495 -0.0294347 -0.048501 -0.0196881 -0.0148254 -0.0110475 0.00482394 0.00969915 -0.0112703 -0.0372003 -0.0561174 -0.00355695 -0.0135786 -0.0637812 0.00425869 0.00506311 -0.00301122 0.00960132 0.0291335 -0.012786 0.0034885 0.00290798 0.0248249 -0.00204246 0.0211681 -0.0246008 0.010165 0.00675162 0.00523999 0.00715977 0.00104148 0.0205379 -0.000424415 -0.00856812 -0.00518021 0.0220855 -0.0606434 -0.0099075 -0.0277098 -0.00257077 -0.00720773 -0.00278731 0.0131457
internal_weight=8801.66 5686.1 3115.56 3742.66 620.253 60.4878 1943.44 1067.43 1009.27 159.744 19.4841 493.598 67.7558 559.766 420.882 138.884 127.303 281.553 91.2954 31.4845 190.257 63.0131 127.244 118.174 113.672 139.33 59.8109 32.5592 18.4391 56.7751 107.643 78.2764 19.644 1449.84 1404.21 62.9635 46.7644 17.3978 849.525 93.0877 62.3216 58.6116 21.6558 95.8233 9.71146 618.3 473.071 453.717 427.797 785.908 54.0487 731.86 241.39 227.678 33.0992 13.7128 194.579 55.9767 138.602 125.629 116.809 51.356
internal_count=3155383 1305282 1850101 935694 157865 1822 369588 1277728 1244359 48904 10344 26882 19523 156043 121023 35020 24978 51869 9525 6426 42344 15928 26416 25490 24481 69154 3099 2254 1978 15417 58376 39467 4167 342706 203012 25651 8700 1381 1195455 32952 19149 1572 1299 5738 1210 62344 55136 54032 44674 140668 11784 128884 60827 58400 2804 2427 55596 20725 34871 32894 29654 8312
is_linear=0
shrinkage=0.05


Tree=91
num_leaves=63
num_cat=0
split_feature=9 18 1 4 1 13 23 23 0 6 1 23 23 1 2 17 17 23 6 4 23 23 6 2 3 1 0 5 5 2 3 5 5 5 5 6 6 0 19 0 19 2 5 2 3 3 15 6 23 2 5 5 3 5 0 2 19 17 19 23 3 6
split_gain=40.7165 24.2238 15.4019 18.7899 13.2734 12.3444 11.4287 12.3903 11.1596 11.0631 10.9941 10.8957 13.8358 21.6206 11.7478 10.866 12.2136 19.0361 15.453 12.8682 11.3202 15.8652 14.1684 13.1178 10.1469 9.82744 16.4598 9.57454 10.6606 13.8155 9.4568 11.0259 14.4325 11.1373 15.1812 13.6671 9.42082 9.18759 9.11559 9.38398 12.3077 10.4454 10.2427 9.72972 12.8195 9.79387 9.11723 9.09776 9.01483 12.3249 9.44331 11.532 8.99796 14.8227 8.70009 15.9803 8.40801 8.32931 8.41131 8.2781 8.05763 13.8414
threshold=1.0000000180025095e-35 1.0000000180025095e-35 7.5430085659027108 0.34142872691154486 3.7726949453353886 1.0000000180025095e-35 1.1115026473999026 0.39651830494403845 1.8089378476142886 0.5680975914001466 3.1984648704528813 1.5737404227256777 1.3211496472358706 6.7446477413177499 7.7687447071075448 0.30901856720447546 0.46547618508338934 0.6458248794078828 0.74333897233009349 0.053083242848515517 0.035216372460126884 -0.80156436562538136 0.8576369881629945 5.2284276485443124 3.3140207529067998 5.1209788322448739 2.2944656610488896 0.71008440852165233 0.6875409483909608 5.4531798362731942 6.4150755405426034 0.5408538579940797 0.43698331713676458 0.64279609918594371 0.65378880500793468 0.71487274765968334 0.79501542448997509 3.3746581077575688 0.60434782505035411 2.4444293975830083 1.0000000180025095e-35 9.2941255569458026 0.87110334634780895 7.9926066398620614 5.3867835998535165 4.5798392295837411 7.1949999332427987 0.82842934131622326 1.1840482354164126 5.7761018276214608 0.70010745525360119 0.67387413978576671 4.3502571582794198 0.73054367303848278 2.258269309997559 9.1812715530395526 0.16333333402872088 0.07275132462382318 0.070197045803070082 1.2388975620269778 6.0447778701782235 0.76167270541191112
decision_type=2 2 2 2 2 2 2 2 2 2 2 2 2 2 2 2 2 2 2 2 2 2 2 2 2 2 2 2 2 2 2 2 2 2 2 2 2 2 2 2 2 2 2 2 2 2 2 2 2 2 2 2 2 2 2 2 2 2 2 2 2 2
left_child=1 2 3 8 -5 24 7 57 -1 -2 15 12 38 -14 -15 20 17 47 -19 37 21 -3 -23 -22 -4 -6 36 28 -11 -30 -12 32 -32 -33 -35 -36 -27 -18 39 42 43 -42 52 44 45 -41 -40 -17 49 50 51 -28 56 54 -54 -56 -10 58 -7 -57 -26 -62
right_child=9 10 5 4 25 6 -8 -9 11 27 30 -13 13 14 -16 16 19 18 -20 -21 23 22 -24 -25 60 26 48 -29 29 -31 31 33 -34 34 35 -37 -38 -39 46 40 41 -43 -44 -45 -46 -47 -48 -49 -50 -51 -52 -53 53 -55 55 59 -58 -59 -60 -61 61 -63
leaf_value=0.053490171118503287 -0.054395190498890314 0.019770717432041861 -0.03798307983662913 -0.084730899779133964 0.031563927695013545 -0.031389225784304024 -0.016695228092171287 0.014000166113286187 -0.035342044811566511 0.0050697400176098837 -0.00033965487320623887 0.0063107795759557543 -0.062064639569034165 -0.048934495344355719 0.015384439735951456 -0.057981359996938181 -0.082824619284861165 0.035150535775520478 -0.10024389424836887 0.032077364994164768 -0.086479521281735222 -0.086606139271713678 0.036453238288705031 0.020108841069133715 -0.010433393543355103 0.0087840115051764124 -0.038236398586773662 0.012135365739086322 0.023053278942676045 -0.047626320171704269 0.038298650035863996 0.023735626354795817 -0.092499101969048703 -0.092886141599398481 -0.08542205065140282 0.0081551664252889657 0.042406413134408807 -0.0010111143718904399 -0.039431315733684157 0.0018125679773099927 -0.0010276009090559386 -0.08278484882923931 0.075601243210011132 0.046712187562767959 0.048971451214260768 -0.07572163820813177 0.022686369334649792 0.026385463343253479 -0.0004815852265950275 -0.085053193424783749 -0.075225190152266835 0.05391451539041936 0.0022578427543481663 -0.039454552421396477 -0.0081562093917391457 -0.093830102515281733 -0.0059152481365935044 -0.058397399796460407 0.020804214881497935 0.043727113658887116 -0.0060722112709104877 0.030474489135421463
leaf_weight=7.185081050869484 6.0168111669627242 13.21831427345751 30.275052477321879 2.7756427951971991 43.859101385110989 13.748759540269022 60.780059593693295 159.75726457992096 52.264605971078709 457.65216903858527 4005.5370079005334 166.79997813858063 27.870199195251189 8.8797464960371126 24.249737355785328 3.2778183880436726 3.79486725227616 2.0625792166683814 10.187367478007216 24.503557478194125 1.9579281479818735 8.6044451671623374 2.4667004070070098 211.44793015099276 1282.8055140890792 249.68734406551812 5.4983487088757119 763.06850522166133 9.4674211285637302 20.477196720137727 2.6445344702806315 106.78820189653197 4.6884634306770749 3.138995469082146 3.0560507850022978 103.4275852405699 21.864353841490811 12.158026345583494 32.621778314631229 17.47061902652786 98.747039871235756 3.0689203930669455 2.6615643105324116 25.738268592089298 10.335822026128879 4.2936174256028599 6.4777819517039452 11.690475720752145 31.854916133685037 8.6199251006473769 3.2830272822757243 6.1661999048083089 266.68546003030497 27.468519931775518 61.774059956718702 7.5027709989808482 45.477590094986226 8.4564732646431349 15.223061626731576 0.66421382478438307 121.04517726507038 31.892543436144479
leaf_count=740 3007 2746 267831 314 1386 17148 258243 96132 59796 88982 1171750 33124 10633 5301 4636 956 956 23 1520 334 234 3034 93 12062 734286 25707 1336 34826 776 7772 43 3078 678 438 561 3719 1484 1557 17229 9339 30778 934 3302 2273 249 1025 1042 817 2104 1317 885 228 80804 12809 14796 1571 46528 28163 15502 54 24063 2608
internal_value=-3.15077e-05 -0.00142218 -0.00491033 -0.000735255 0.0086739 -0.00798822 0.00209108 0.00793676 -0.00465415 0.00829641 0.000882845 -0.00518244 -0.00783446 -0.0304328 -0.00278373 0.0100291 -0.00756252 -0.0328512 -0.0765146 0.0098332 0.0150483 -0.0167787 -0.0584395 0.0187321 -0.00976203 0.00959902 0.00656547 0.00864123 0.00315941 -0.0252571 0.00022024 0.0102006 -0.0463935 0.0123228 0.00109103 0.00469977 0.0116368 -0.0242105 -0.00571339 -0.00422141 0.00620853 -0.00427312 -0.00781195 0.024419 0.00567279 -0.0161377 -0.0288309 0.00543642 -0.0180483 -0.0408063 -0.0115568 0.0108878 -0.00845496 -0.00480933 -0.00187382 -0.0174376 -0.0218489 -0.0176349 -0.0041854 -0.079093 -0.00914092 0.00169744
internal_weight=8787.16 7530.48 2995.83 1271.85 373.609 1723.98 257.966 197.186 898.237 1256.68 4534.65 891.052 724.252 60.9997 33.1295 305.37 67.6747 27.2182 12.2499 40.4565 237.695 24.2895 11.0711 213.406 1466.02 370.833 326.974 1250.67 487.597 29.9446 4229.28 223.744 7.333 216.411 109.623 106.484 271.552 15.9529 663.253 624.153 159.654 101.816 464.499 57.8383 32.1001 21.7642 39.0996 14.9683 55.4224 23.5675 14.9476 11.6645 461.837 364.095 336.627 69.941 97.7422 37.4283 28.9718 8.16698 1435.74 152.938
internal_count=3155662 3020299 1815700 371724 34761 1443976 415188 156945 336963 135363 1204599 336223 303099 20570 9937 24332 6163 3316 1543 2847 18169 5873 3127 12296 1028788 34447 33061 132356 97530 8548 1180267 8517 721 7796 4718 4280 27191 2513 282529 264258 44598 31712 219660 12886 10613 10364 18271 1773 5870 3766 2449 1564 216358 110034 97225 16421 106324 60813 32650 1625 760957 26671
is_linear=0
shrinkage=0.05


end of trees

feature_importances:
Column_3=598
Column_5=567
Column_4=509
Column_6=455
Column_23=453
Column_1=448
Column_21=440
Column_0=412
Column_15=393
Column_2=347
Column_19=277
Column_17=273
Column_18=262
Column_9=91
Column_14=70
Column_13=26
Column_20=26
Column_11=19
Column_7=16
Column_8=11
Column_10=11

parameters:
[boosting: gbdt]
[objective: lambdarank]
[metric: ndcg]
[tree_learner: serial]
[device_type: cpu]
[data_sample_strategy: bagging]
[data: ]
[valid: ]
[num_iterations: 92]
[learning_rate: 0.05]
[num_leaves: 63]
[num_threads: 0]
[seed: 20260922]
[deterministic: 0]
[force_col_wise: 0]
[force_row_wise: 0]
[histogram_pool_size: -1]
[max_depth: -1]
[min_data_in_leaf: 50]
[min_sum_hessian_in_leaf: 0.001]
[bagging_fraction: 0.8]
[pos_bagging_fraction: 1]
[neg_bagging_fraction: 1]
[bagging_freq: 1]
[bagging_seed: 9333]
[bagging_by_query: 0]
[feature_fraction: 0.8]
[feature_fraction_bynode: 1]
[feature_fraction_seed: 11182]
[extra_trees: 0]
[extra_seed: 15578]
[early_stopping_round: 0]
[early_stopping_min_delta: 0]
[first_metric_only: 0]
[max_delta_step: 0]
[lambda_l1: 0]
[lambda_l2: 1]
[linear_lambda: 0]
[min_gain_to_split: 0]
[drop_rate: 0.1]
[max_drop: 50]
[skip_drop: 0.5]
[xgboost_dart_mode: 0]
[uniform_drop: 0]
[drop_seed: 25749]
[top_rate: 0.2]
[other_rate: 0.1]
[min_data_per_group: 100]
[max_cat_threshold: 32]
[cat_l2: 10]
[cat_smooth: 10]
[max_cat_to_onehot: 4]
[top_k: 20]
[monotone_constraints: ]
[monotone_constraints_method: basic]
[monotone_penalty: 0]
[feature_contri: ]
[forcedsplits_filename: ]
[refit_decay_rate: 0.9]
[cegb_tradeoff: 1]
[cegb_penalty_split: 0]
[cegb_penalty_feature_lazy: ]
[cegb_penalty_feature_coupled: ]
[path_smooth: 0]
[interaction_constraints: ]
[verbosity: -1]
[saved_feature_importance_type: 0]
[use_quantized_grad: 0]
[num_grad_quant_bins: 4]
[quant_train_renew_leaf: 0]
[stochastic_rounding: 1]
[linear_tree: 0]
[max_bin: 255]
[max_bin_by_feature: ]
[min_data_in_bin: 3]
[bin_construct_sample_cnt: 200000]
[data_random_seed: 5092]
[is_enable_sparse: 1]
[enable_bundle: 1]
[use_missing: 1]
[zero_as_missing: 0]
[feature_pre_filter: 1]
[pre_partition: 0]
[two_round: 0]
[header: 0]
[label_column: ]
[weight_column: ]
[group_column: ]
[ignore_column: ]
[categorical_feature: ]
[forcedbins_filename: ]
[precise_float_parser: 0]
[parser_config_file: ]
[objective_seed: 26919]
[num_class: 1]
[is_unbalance: 0]
[scale_pos_weight: 1]
[sigmoid: 1]
[boost_from_average: 1]
[reg_sqrt: 0]
[alpha: 0.9]
[fair_c: 1]
[poisson_max_delta_step: 0.7]
[tweedie_variance_power: 1.5]
[lambdarank_truncation_level: 30]
[lambdarank_norm: 1]
[label_gain: ]
[lambdarank_position_bias_regularization: 0]
[eval_at: 12]
[multi_error_top_k: 1]
[auc_mu_weights: ]
[num_machines: 1]
[local_listen_port: 12400]
[time_out: 120]
[machine_list_filename: ]
[machines: ]
[gpu_platform_id: -1]
[gpu_device_id: -1]
[gpu_use_dp: 0]
[num_gpu: 1]

end of parameters

pandas_categorical:null
